id,category,expected_valid,repetition,audit_ms,validation_ms,mapping_ms,descriptor_ms,total_ms,accepted,rejection_stage
I001,valid,True,1,0.04808,0.34643,0.004611,0.00666,0.416561,True,
I001,valid,True,2,0.01954,0.18143,0.00278,0.00358,0.212979,True,
I001,valid,True,3,0.01294,0.12926,0.00146,0.00235,0.14918,True,
I001,valid,True,4,0.01147,0.13096,0.00101,0.00231,0.1493,True,
I001,valid,True,5,0.00978,0.12616,0.00151,0.00353,0.14488,True,
I001,valid,True,6,0.01223,0.16209,0.00122,0.00216,0.18097,True,
I001,valid,True,7,0.01259,0.13528,0.00172,0.00185,0.15496,True,
I001,valid,True,8,0.01138,0.12975,0.001091,0.002229,0.14752,True,
I001,valid,True,9,0.01363,6.322186,0.00367,0.00618,6.352066,True,
I001,valid,True,10,0.03117,0.19936,0.00277,0.00416,0.24324,True,
I001,valid,True,11,0.02192,0.17917,0.00162,0.00352,0.21129,True,
I001,valid,True,12,0.01596,0.15424,0.00164,0.00277,0.17841,True,
I001,valid,True,13,0.01134,0.12495,0.00117,0.00282,0.14333,True,
I001,valid,True,14,0.01036,0.10894,0.00101,0.00186,0.12469,True,
I001,valid,True,15,0.0113,0.11577,0.00122,0.00195,0.13354,True,
I001,valid,True,16,0.01015,0.136919,0.00098,0.00186,0.15338,True,
I001,valid,True,17,0.011,0.12575,0.00116,0.002531,0.14333,True,
I001,valid,True,18,0.00982,6.349307,0.00453,0.00678,6.378076,True,
I001,valid,True,19,0.03076,0.19985,0.0028,0.00301,0.24264,True,
I001,valid,True,20,0.02687,0.1433,0.00222,0.00342,0.18043,True,
I001,valid,True,21,0.01738,0.157749,0.001351,0.003151,0.18369,True,
I001,valid,True,22,0.013171,0.11453,0.001149,0.0021,0.13427,True,
I001,valid,True,23,0.01252,0.11265,0.00126,0.0018,0.130619,True,
I001,valid,True,24,0.009639,0.10641,0.00151,0.00242,0.12245,True,
I001,valid,True,25,0.01025,0.11016,0.001,0.00193,0.12587,True,
I001,valid,True,26,0.00955,0.1149,0.00107,0.00174,0.13129,True,
I001,valid,True,27,0.00964,6.235037,0.00385,0.0068,6.262317,True,
I001,valid,True,28,0.03175,0.25933,0.002449,0.004691,0.305429,True,
I001,valid,True,29,0.015861,0.17434,0.002051,0.003009,0.20116,True,
I001,valid,True,30,0.0143,0.15367,0.00142,0.00236,0.175619,True,
I001,valid,True,31,0.01199,0.12214,0.00105,0.00201,0.13988,True,
I001,valid,True,32,0.01084,0.10405,0.00088,0.002,0.12042,True,
I001,valid,True,33,0.00889,0.10196,0.00067,0.00168,0.11536,True,
I001,valid,True,34,0.00908,0.09972,0.00086,0.00175,0.11345,True,
I001,valid,True,35,0.0096,0.10842,0.00083,0.00176,0.12268,True,
I001,valid,True,36,0.00781,0.0887,0.00069,0.0015,0.1009,True,
I001,valid,True,37,0.00763,0.08867,0.00065,0.00147,0.10036,True,
I001,valid,True,38,0.00776,6.347516,0.00374,0.00702,6.372896,True,
I001,valid,True,39,0.03458,0.20225,0.00318,0.00443,0.25067,True,
I001,valid,True,40,0.01679,0.15085,0.00241,0.00298,0.17719,True,
I001,valid,True,41,0.01393,0.16045,0.00158,0.00228,0.18156,True,
I001,valid,True,42,0.01288,0.13204,0.00128,0.00231,0.15215,True,
I001,valid,True,43,0.01163,0.11904,0.00118,0.00193,0.13662,True,
I001,valid,True,44,0.01031,0.12437,0.00118,0.00209,0.1409,True,
I001,valid,True,45,0.01256,0.1492,0.00108,0.002019,0.168089,True,
I001,valid,True,46,0.011449,0.113219,0.00096,0.00184,0.130459,True,
I001,valid,True,47,5.078498,0.33893,0.004691,0.007591,5.443477,True,
I001,valid,True,48,0.02388,0.168609,0.00218,0.00342,0.20241,True,
I001,valid,True,49,0.01306,0.11439,0.001849,0.00246,0.135241,True,
I001,valid,True,50,0.01116,0.12937,0.00146,0.0021,0.14691,True,
I001,valid,True,51,0.01148,0.10528,0.00104,0.0021,0.12273,True,
I001,valid,True,52,0.01239,0.11136,0.00144,0.0019,0.12992,True,
I001,valid,True,53,0.01386,0.10577,0.00135,0.00175,0.12524,True,
I001,valid,True,54,0.01114,0.12125,0.00166,0.00201,0.13944,True,
I001,valid,True,55,0.01161,0.10797,0.00096,0.00182,0.12513,True,
I001,valid,True,56,0.00881,0.11115,0.00065,0.00159,0.12484,True,
I001,valid,True,57,0.0091,0.363139,0.00349,0.00507,6.424466,True,
I001,valid,True,58,0.02821,0.21433,0.00263,0.00356,0.25404,True,
I001,valid,True,59,0.01651,0.14637,0.00135,0.00188,0.16958,True,
I001,valid,True,60,0.01257,0.13248,0.00234,0.00181,0.15181,True,
I001,valid,True,61,0.01254,0.11171,0.00098,0.00163,0.12982,True,
I001,valid,True,62,0.00981,0.11865,0.00118,0.00219,0.13448,True,
I001,valid,True,63,0.01119,0.108069,0.001151,0.00158,0.12483,True,
I001,valid,True,64,0.01741,0.11087,0.001009,0.001489,0.13347,True,
I001,valid,True,65,0.008261,0.099329,0.000669,0.00162,0.11191,True,
I001,valid,True,66,0.007929,0.09657,0.00076,6.219626,6.333757,True,
I001,valid,True,67,0.03861,0.33926,0.00365,0.00368,0.39276,True,
I001,valid,True,68,0.01967,0.16516,0.00218,0.00316,0.19485,True,
I001,valid,True,69,0.01439,0.1759,0.0015,0.002669,0.198309,True,
I001,valid,True,70,0.011381,0.12002,0.000991,0.00212,0.137001,True,
I001,valid,True,71,0.010331,0.114841,0.000829,0.00224,0.130659,True,
I001,valid,True,72,0.00954,0.115741,0.00066,0.001671,0.12975,True,
I001,valid,True,73,0.00929,0.10166,0.000711,0.001671,0.11522,True,
I001,valid,True,74,0.00863,0.09258,0.00073,0.00147,0.1054,True,
I001,valid,True,75,0.00743,6.257347,0.00299,0.00472,6.279357,True,
I001,valid,True,76,0.0246,0.17239,0.00181,0.00235,0.20557,True,
I001,valid,True,77,0.01111,0.10495,0.000751,0.007831,0.12725,True,
I001,valid,True,78,0.00924,0.109029,0.000671,0.001629,0.12257,True,
I001,valid,True,79,0.008729,0.09689,0.00074,0.001769,0.110299,True,
I001,valid,True,80,0.00866,0.11489,0.000691,0.001771,0.128119,True,
I001,valid,True,81,0.009811,0.103439,0.00137,0.00165,0.118309,True,
I001,valid,True,82,0.00962,0.104239,0.00073,0.00174,0.11858,True,
I001,valid,True,83,0.01216,0.13505,0.00132,0.00196,0.15376,True,
I001,valid,True,84,0.01239,0.12699,0.00085,0.00193,0.14468,True,
I001,valid,True,85,0.00984,0.09284,0.00066,0.00151,0.10686,True,
I001,valid,True,86,0.00753,0.11048,0.00072,0.00203,0.12296,True,
I001,valid,True,87,0.01108,8.357776,0.00382,0.00584,8.385115,True,
I001,valid,True,88,0.029421,0.173309,0.00313,0.00337,0.21369,True,
I001,valid,True,89,0.01338,0.11556,0.00137,0.00198,0.13517,True,
I001,valid,True,90,0.00936,0.09782,0.00077,0.00193,0.11168,True,
I001,valid,True,91,0.00802,0.12199,0.00071,0.00216,0.13499,True,
I001,valid,True,92,0.01784,0.10652,0.00081,0.00181,0.12924,True,
I001,valid,True,93,0.00822,0.09387,0.00068,0.00164,0.10632,True,
I001,valid,True,94,0.00864,0.0969,0.00066,0.00153,0.10974,True,
I001,valid,True,95,0.00732,0.09273,0.00077,0.00169,0.10461,True,
I001,valid,True,96,0.00857,0.09586,0.00067,0.00156,0.10868,True,
I001,valid,True,97,0.00738,0.093479,0.000649,0.00172,0.10542,True,
I001,valid,True,98,0.007631,0.08855,0.000649,0.0014,0.100801,True,
I001,valid,True,99,0.04622,0.3185,0.00444,0.00508,0.38504,True,
I001,valid,True,100,0.01901,0.16151,0.00278,0.00346,0.19073,True,
I002,valid,True,1,0.016389,0.17208,0.003129,0.00326,0.199099,True,
I002,valid,True,2,0.01081,0.126039,0.001389,0.002511,0.143559,True,
I002,valid,True,3,0.00832,0.109429,0.00104,0.00164,0.122969,True,
I002,valid,True,4,0.00765,0.1016,0.00075,0.00169,0.11379,True,
I002,valid,True,5,0.00713,0.10924,0.00108,0.00221,0.12206,True,
I002,valid,True,6,0.00765,6.299867,0.00283,0.00527,6.320757,True,
I002,valid,True,7,0.0232,0.16838,0.00122,0.00277,0.20041,True,
I002,valid,True,8,0.01081,0.11428,0.00088,0.00197,0.13134,True,
I002,valid,True,9,0.00773,0.10333,0.00097,0.00195,0.11702,True,
I002,valid,True,10,0.00961,0.10333,0.00064,0.00159,0.11787,True,
I002,valid,True,11,0.022579,0.119929,0.00107,0.00175,0.148869,True,
I002,valid,True,12,0.00924,0.11571,0.00076,0.00204,0.13055,True,
I002,valid,True,13,0.00844,0.09486,0.00092,0.00174,0.10808,True,
I002,valid,True,14,0.00813,0.09332,0.0007,0.00165,0.10584,True,
I002,valid,True,15,0.00654,0.10609,0.00085,0.00208,0.11779,True,
I002,valid,True,16,0.00802,0.0924,0.00071,0.00172,0.10502,True,
I002,valid,True,17,0.00669,0.09013,0.00068,0.00155,0.10113,True,
I002,valid,True,18,0.00693,5.319417,0.00387,0.00549,5.343247,True,
I002,valid,True,19,0.0253,0.16718,0.00219,0.00288,0.20244,True,
I002,valid,True,20,0.01157,0.13401,0.00225,0.00223,0.1547,True,
I002,valid,True,21,0.01032,0.654469,0.002911,0.00344,0.675439,True,
I002,valid,True,22,0.01414,0.18623,0.00181,0.00226,0.227409,True,
I002,valid,True,23,0.01208,0.36061,0.00142,0.00231,0.379829,True,
I002,valid,True,24,0.01035,0.11981,0.00102,0.00251,0.13705,True,
I002,valid,True,25,0.00896,0.10381,0.00092,0.00181,0.1181,True,
I002,valid,True,26,0.00852,0.10821,0.00084,0.00207,0.12253,True,
I002,valid,True,27,0.00818,0.11932,0.00071,0.00175,0.13273,True,
I002,valid,True,28,0.00811,0.094,0.00074,0.0017,0.1066,True,
I002,valid,True,29,0.00662,0.08808,0.00067,0.00164,0.09896,True,
I002,valid,True,30,0.03894,0.29822,0.00443,0.00608,0.35851,True,
I002,valid,True,31,0.01562,0.13826,0.00202,0.00267,0.16308,True,
I002,valid,True,32,0.0112,0.11437,0.00114,0.00263,0.13197,True,
I002,valid,True,33,0.0094,0.12001,0.00141,0.00257,0.13564,True,
I002,valid,True,34,0.01072,0.13116,0.00125,0.00211,0.14829,True,
I002,valid,True,35,0.01012,0.10524,0.00135,0.0017,0.12071,True,
I002,valid,True,36,0.00753,0.096119,0.000669,0.001649,0.1079,True,
I002,valid,True,37,0.00747,0.09657,0.000649,0.00152,0.108019,True,
I002,valid,True,38,0.00796,0.114619,0.000791,0.00172,0.127461,True,
I002,valid,True,39,0.007569,0.09253,0.000649,0.00158,0.104139,True,
I002,valid,True,40,0.00672,0.103359,0.00062,0.00149,0.114129,True,
I002,valid,True,41,0.04078,0.28469,0.00371,0.00483,0.34536,True,
I002,valid,True,42,0.01309,0.13181,0.00181,0.00328,0.15336,True,
I002,valid,True,43,0.00954,0.112771,0.00115,0.00192,0.12805,True,
I002,valid,True,44,0.00826,0.1025,0.00072,0.00162,0.11522,True,
I002,valid,True,45,0.007149,0.12345,0.00082,0.00232,0.15095,True,
I002,valid,True,46,0.0093,0.10072,0.00074,0.001609,0.11437,True,
I002,valid,True,47,0.007709,0.09562,0.00061,0.00164,0.10746,True,
I002,valid,True,48,0.00695,0.09561,0.00065,0.00152,0.10657,True,
I002,valid,True,49,0.00649,0.09809,0.00069,0.0017,0.10889,True,
I002,valid,True,50,0.00693,0.09108,0.0007,0.00145,0.10192,True,
I002,valid,True,51,0.00615,0.08785,0.00062,0.00136,0.09791,True,
I002,valid,True,52,0.00566,8.144466,0.00876,0.03972,8.210346,True,
I002,valid,True,53,0.03775,0.270949,0.00235,0.00333,0.319759,True,
I002,valid,True,54,0.014869,0.134029,0.0014,0.00202,0.15565,True,
I002,valid,True,55,0.009929,0.10969,0.00115,0.00181,0.125169,True,
I002,valid,True,56,0.0082,0.10064,0.00074,0.01678,0.12847,True,
I002,valid,True,57,0.00807,0.11728,0.00087,0.00192,0.13085,True,
I002,valid,True,58,0.00715,0.09809,0.00061,0.00201,0.10996,True,
I002,valid,True,59,0.00665,0.09458,0.00061,0.002,0.10566,True,
I002,valid,True,60,0.00725,0.09508,0.0007,0.00168,0.10688,True,
I002,valid,True,61,0.00592,0.10063,0.00063,0.00159,0.11052,True,
I002,valid,True,62,0.00746,0.08658,0.00072,0.00154,0.09848,True,
I002,valid,True,63,0.00624,0.08775,0.00062,0.00156,0.09802,True,
I002,valid,True,64,0.00579,4.264518,0.00396,0.00548,4.286067,True,
I002,valid,True,65,0.02492,0.17628,0.00184,0.00311,0.21046,True,
I002,valid,True,66,0.01012,0.11397,0.00122,0.00167,0.1296,True,
I002,valid,True,67,0.00825,0.1012,0.00071,0.00161,0.11381,True,
I002,valid,True,68,0.00732,0.09472,0.00067,0.00176,0.10653,True,
I002,valid,True,69,0.00633,0.11305,0.00109,0.00161,0.12444,True,
I002,valid,True,70,0.00792,0.10548,0.00073,0.00177,0.11825,True,
I002,valid,True,71,0.00688,0.09144,0.00064,0.00154,0.10238,True,
I002,valid,True,72,0.0064,0.0893,0.00068,0.00151,0.09967,True,
I002,valid,True,73,0.0061,0.08464,0.00079,0.00157,0.09486,True,
I002,valid,True,74,0.00703,0.09215,0.00072,0.00176,0.10367,True,
I002,valid,True,75,0.00652,0.090889,0.00078,0.00188,0.10209,True,
I002,valid,True,76,0.00598,0.08971,0.000629,0.001529,0.099621,True,
I002,valid,True,77,0.005869,0.085439,0.0008,6.031626,6.136866,True,
I002,valid,True,78,0.03969,0.28497,0.00323,0.00441,0.33729,True,
I002,valid,True,79,0.01362,0.13052,0.0015,0.00277,0.1527,True,
I002,valid,True,80,0.00941,0.10421,0.00092,0.00179,0.11886,True,
I002,valid,True,81,0.0078,0.09732,0.00089,0.00166,0.10966,True,
I002,valid,True,82,0.006,0.11802,0.00109,0.00186,0.12909,True,
I002,valid,True,83,0.00862,0.098331,0.001289,0.001649,0.111849,True,
I002,valid,True,84,0.007491,0.093991,0.000729,0.001771,0.106,True,
I002,valid,True,85,0.006609,0.09133,0.000611,0.00144,0.10173,True,
I002,valid,True,86,0.006091,0.091449,0.0006,0.00147,0.10164,True,
I002,valid,True,87,0.006649,0.092679,0.00069,0.00156,0.103419,True,
I002,valid,True,88,6.331377,0.29074,0.00378,0.00386,6.639997,True,
I002,valid,True,89,0.01961,0.14003,0.001911,0.002749,0.168569,True,
I002,valid,True,90,0.011389,0.113919,0.00142,0.001771,0.13091,True,
I002,valid,True,91,0.007849,0.09817,0.000651,0.00168,0.110339,True,
I002,valid,True,92,0.00818,0.11523,0.00107,0.001631,0.128299,True,
I002,valid,True,93,0.0077,0.10872,0.0008,0.00157,0.12109,True,
I002,valid,True,94,0.00705,0.10071,0.00131,0.00156,0.11271,True,
I002,valid,True,95,0.00721,0.09501,0.00057,0.00145,0.10611,True,
I002,valid,True,96,0.0082,0.09261,0.00064,0.00139,0.10457,True,
I002,valid,True,97,0.00635,0.09834,0.00065,0.00141,0.10864,True,
I002,valid,True,98,0.00694,0.0915,0.00068,0.00147,0.10234,True,
I002,valid,True,99,0.0068,0.0907,0.00057,0.00127,0.10112,True,
I002,valid,True,100,0.00615,1.221829,0.00208,0.0027,1.236269,True,
I003,valid,True,1,0.0138,0.14454,0.00193,0.0023,0.16582,True,
I003,valid,True,2,0.00801,0.10149,0.001,0.00173,0.11475,True,
I003,valid,True,3,0.00787,0.10325,0.00061,0.00179,0.11553,True,
I003,valid,True,4,0.00704,0.12582,0.001,0.0021,0.13868,True,
I003,valid,True,5,0.00826,0.10258,0.000789,0.001551,0.1153,True,
I003,valid,True,6,0.00696,0.09999,0.000671,0.001851,0.111779,True,
I003,valid,True,7,0.008469,0.175779,0.01048,0.0023,0.19969,True,
I003,valid,True,8,0.00941,0.11075,0.00085,0.00184,0.12527,True,
I003,valid,True,9,0.00763,0.09282,0.00067,0.00165,0.10471,True,
I003,valid,True,10,0.00699,0.09234,0.00059,0.01663,0.11847,True,
I003,valid,True,11,0.008,0.10796,0.00096,0.00202,0.12136,True,
I003,valid,True,12,0.00835,0.09627,0.00083,0.00163,0.10911,True,
I003,valid,True,13,0.00699,0.10098,0.00077,0.00166,0.11292,True,
I003,valid,True,14,0.00797,0.102,0.0008,0.00168,0.11461,True,
I003,valid,True,15,0.00794,0.14553,0.00117,0.0021,0.15927,True,
I003,valid,True,16,0.01032,0.11114,0.00123,0.0019,0.12725,True,
I003,valid,True,17,0.00872,0.12507,0.00089,0.00225,0.1398,True,
I003,valid,True,18,0.00828,0.11137,0.0009,0.00191,0.12464,True,
I003,valid,True,19,0.00805,0.10121,0.00078,0.00181,0.11403,True,
I003,valid,True,20,0.00851,0.10014,0.00094,0.002229,0.114049,True,
I003,valid,True,21,0.007491,0.099719,0.0008,0.00172,0.111919,True,
I003,valid,True,22,0.00779,0.104281,0.00076,0.0016,0.116451,True,
I003,valid,True,23,0.00739,0.09934,0.00092,0.00189,0.11193,True,
I003,valid,True,24,0.00931,0.10556,0.00074,0.00179,0.12029,True,
I003,valid,True,25,0.0087,0.10613,0.0008,0.00167,0.11975,True,
I003,valid,True,26,0.00694,0.09983,0.00061,0.00151,0.1109,True,
I003,valid,True,27,0.00657,0.09015,0.00084,0.00143,0.10086,True,
I003,valid,True,28,0.00636,0.09063,0.00064,0.00135,0.10087,True,
I003,valid,True,29,0.00619,0.09929,0.00077,0.00146,0.10977,True,
I003,valid,True,30,0.00659,0.09133,0.00069,0.00165,0.10203,True,
I003,valid,True,31,0.00649,0.09012,0.00065,0.00136,0.10056,True,
I003,valid,True,32,0.006131,0.087771,0.00058,0.00139,0.09771,True,
I003,valid,True,33,0.00728,0.09673,0.00075,0.00179,0.10887,True,
I003,valid,True,34,0.00662,0.090469,0.0008,0.001411,0.101111,True,
I003,valid,True,35,0.0064,0.09675,0.000989,0.00162,0.10777,True,
I003,valid,True,36,0.006569,0.08857,0.000629,0.001391,0.09893,True,
I003,valid,True,37,0.005971,0.097279,0.00058,0.00139,0.10705,True,
I003,valid,True,38,0.00661,0.08656,0.00069,0.00154,0.09723,True,
I003,valid,True,39,0.00707,0.09255,0.0007,0.00182,0.104,True,
I003,valid,True,40,0.0063,0.0917,0.00075,0.00164,0.10222,True,
I003,valid,True,41,0.00662,0.12351,0.0009,0.0022,0.13567,True,
I003,valid,True,42,0.00965,0.10903,0.001,0.00188,0.12444,True,
I003,valid,True,43,0.00867,0.11523,0.00083,0.0018,0.12899,True,
I003,valid,True,44,0.0094,0.11205,0.00099,0.00259,0.12807,True,
I003,valid,True,45,0.01087,0.11466,0.00103,0.00183,0.13161,True,
I003,valid,True,46,0.00794,0.10576,0.00096,0.00196,0.1193,True,
I003,valid,True,47,0.008611,0.148121,0.0013,0.00294,0.166159,True,
I003,valid,True,48,0.013029,0.14131,0.001431,0.002509,0.16167,True,
I003,valid,True,49,0.00977,0.12272,0.00096,0.00203,0.13838,True,
I003,valid,True,50,0.0085,0.13436,0.00133,0.00376,0.16922,True,
I003,valid,True,51,0.01222,0.15052,0.00116,0.00213,0.16951,True,
I003,valid,True,52,0.00986,0.13789,0.00133,0.00237,0.15483,True,
I003,valid,True,53,0.00977,0.12377,0.001,0.00255,0.13965,True,
I003,valid,True,54,0.00719,0.09269,0.00073,0.0017,0.10429,True,
I003,valid,True,55,0.00649,0.09282,0.00073,0.00156,0.10429,True,
I003,valid,True,56,0.0065,0.09346,0.00072,0.00159,0.10456,True,
I003,valid,True,57,0.00725,0.11276,0.0007,0.00166,0.12451,True,
I003,valid,True,58,0.00658,0.0946,0.0006,0.00162,0.10517,True,
I003,valid,True,59,0.00628,0.09215,0.00068,0.001589,0.102699,True,
I003,valid,True,60,0.00658,0.11501,0.000729,0.001609,0.12596,True,
I003,valid,True,61,0.007351,0.09723,0.000889,0.0016,0.109521,True,
I003,valid,True,62,0.007391,0.093461,0.00084,0.001691,0.10539,True,
I003,valid,True,63,0.007131,0.091599,0.00073,0.00146,0.10284,True,
I003,valid,True,64,0.00705,0.09274,0.00072,0.00145,0.1037,True,
I003,valid,True,65,0.00718,0.10358,0.00077,0.00147,0.11493,True,
I003,valid,True,66,0.00629,0.09076,0.00069,0.00159,0.10115,True,
I003,valid,True,67,0.00656,0.09017,0.00058,0.00137,0.10056,True,
I003,valid,True,68,0.00617,0.11787,0.00103,0.00201,0.1297,True,
I003,valid,True,69,0.00998,0.11626,0.001,0.00204,0.13226,True,
I003,valid,True,70,0.00873,0.12081,0.00094,0.00194,0.13515,True,
I003,valid,True,71,0.00888,0.12151,0.0011,0.002269,0.136609,True,
I003,valid,True,72,0.01085,0.130929,0.000989,0.002311,0.14814,True,
I003,valid,True,73,0.00988,0.12916,0.001029,0.00226,0.145361,True,
I003,valid,True,74,0.01011,0.15751,0.0011,0.00233,0.17461,True,
I003,valid,True,75,0.010771,0.128709,0.00103,0.00214,0.145799,True,
I003,valid,True,76,0.00875,0.1136,0.00094,0.00191,0.1281,True,
I003,valid,True,77,0.00852,0.10411,0.00087,0.00173,0.11759,True,
I003,valid,True,78,0.00788,0.13672,0.00131,0.00256,0.15206,True,
I003,valid,True,79,0.01139,0.11944,0.00078,0.00184,0.13627,True,
I003,valid,True,80,0.00878,0.13507,0.00086,0.00202,0.14954,True,
I003,valid,True,81,0.00826,0.10234,0.00072,0.00186,0.11545,True,
I003,valid,True,82,0.00799,0.09762,0.00069,0.00157,0.10964,True,
I003,valid,True,83,0.006819,0.093291,0.00067,0.00154,0.10442,True,
I003,valid,True,84,0.00659,0.09434,0.00069,0.0017,0.10555,True,
I003,valid,True,85,0.01451,0.09959,0.001071,0.001529,0.119019,True,
I003,valid,True,86,0.007571,0.09987,0.000789,0.001871,0.11287,True,
I003,valid,True,87,0.0071,0.098881,0.00072,0.00162,0.110241,True,
I003,valid,True,88,0.007911,0.11841,0.0012,0.00204,0.13269,True,
I003,valid,True,89,0.00804,0.10208,0.00081,0.00151,0.11492,True,
I003,valid,True,90,0.00759,0.10827,0.00078,0.00173,0.12101,True,
I003,valid,True,91,0.00738,0.09763,0.00097,0.00156,0.10954,True,
I003,valid,True,92,0.00667,0.10081,0.0011,0.00165,0.11212,True,
I003,valid,True,93,0.00687,0.09046,0.00081,0.00149,0.1016,True,
I003,valid,True,94,0.00651,0.08824,0.00082,0.00162,0.09898,True,
I003,valid,True,95,0.00675,0.08978,0.00071,0.0018,0.10127,True,
I003,valid,True,96,0.00781,0.10952,0.00083,0.00188,0.12262,True,
I003,valid,True,97,0.00923,0.11639,0.001131,0.002091,0.132169,True,
I003,valid,True,98,0.00824,0.118281,0.00088,0.00242,0.13261,True,
I003,valid,True,99,0.0109,0.14385,0.00122,0.002109,0.161439,True,
I003,valid,True,100,0.00972,0.13939,0.00102,0.00215,0.15552,True,
I004,valid,True,1,0.01337,0.15849,0.00129,0.00254,0.17994,True,
I004,valid,True,2,0.0119,0.14378,0.00101,0.00217,0.16192,True,
I004,valid,True,3,0.0126,0.13443,0.00115,0.0021,0.1538,True,
I004,valid,True,4,0.01002,0.11882,0.00098,0.00184,0.13431,True,
I004,valid,True,5,0.00982,0.13992,0.00129,0.00255,0.15699,True,
I004,valid,True,6,0.00894,0.09829,0.00092,0.00173,0.11203,True,
I004,valid,True,7,0.00807,0.09356,0.00088,0.001491,0.10597,True,
I004,valid,True,8,0.00739,0.09216,0.00078,0.001529,0.103899,True,
I004,valid,True,9,0.00784,0.106259,0.001129,0.0017,0.11899,True,
I004,valid,True,10,0.007771,0.090141,0.000769,0.001471,0.102099,True,
I004,valid,True,11,0.007551,0.089739,0.00082,0.00142,0.10138,True,
I004,valid,True,12,0.00762,0.09025,0.00091,0.00144,0.10227,True,
I004,valid,True,13,0.02328,0.09949,0.00102,0.0018,0.12794,True,
I004,valid,True,14,0.00759,0.09671,0.00091,0.00162,0.10918,True,
I004,valid,True,15,0.00771,1.879299,0.00157,0.00282,1.894799,True,
I004,valid,True,16,0.01487,0.13044,0.00127,0.00214,0.152,True,
I004,valid,True,17,0.01108,0.11229,0.00102,0.00195,0.12871,True,
I004,valid,True,18,0.01041,0.12027,0.001,0.00179,0.13657,True,
I004,valid,True,19,0.01067,0.117169,0.00098,0.00194,0.1336,True,
I004,valid,True,20,0.00977,0.12053,0.00094,0.00178,0.13573,True,
I004,valid,True,21,0.01104,0.127279,0.000909,0.002109,0.14485,True,
I004,valid,True,22,0.010529,0.112939,0.00084,0.00193,0.129239,True,
I004,valid,True,23,0.00995,0.11192,0.00081,0.00181,0.12726,True,
I004,valid,True,24,0.00928,0.12309,0.00076,0.00163,0.13735,True,
I004,valid,True,25,0.01072,0.11572,0.00091,0.00198,0.13221,True,
I004,valid,True,26,0.00999,0.1202,0.00077,0.00172,0.13527,True,
I004,valid,True,27,0.01022,0.14139,0.00072,0.00169,0.15659,True,
I004,valid,True,28,0.01038,0.11121,0.00074,0.00171,0.1269,True,
I004,valid,True,29,0.00936,0.1067,0.00067,0.00173,0.12066,True,
I004,valid,True,30,0.00896,0.10576,0.00065,0.00166,0.11937,True,
I004,valid,True,31,0.00893,0.11777,0.00073,0.00169,0.13153,True,
I004,valid,True,32,0.00907,0.10215,0.00071,0.00165,0.11582,True,
I004,valid,True,33,0.0083,0.098549,0.00066,0.0015,0.11099,True,
I004,valid,True,34,6.064066,0.39209,0.0059,0.00733,6.488747,True,
I004,valid,True,35,0.04817,0.20296,0.003,0.00509,0.26526,True,
I004,valid,True,36,0.02207,0.18406,0.0024,0.00284,0.21692,True,
I004,valid,True,37,0.01677,0.14861,0.00221,0.00299,0.1744,True,
I004,valid,True,38,0.012149,0.12585,0.00136,0.0023,0.144619,True,
I004,valid,True,39,0.01066,0.127461,0.00154,0.002149,0.14467,True,
I004,valid,True,40,0.01236,0.13422,0.00164,0.00234,0.153859,True,
I004,valid,True,41,0.01093,6.280497,0.00407,0.00715,6.310897,True,
I004,valid,True,42,0.03011,0.23718,0.00232,0.00363,0.27873,True,
I004,valid,True,43,0.01606,0.14057,0.00156,0.00219,0.16412,True,
I004,valid,True,44,0.01111,0.10692,0.00078,0.00197,0.12338,True,
I004,valid,True,45,0.00991,0.132349,0.001069,0.001991,0.147819,True,
I004,valid,True,46,0.010431,0.111959,0.00117,0.00186,0.12806,True,
I004,valid,True,47,0.010191,0.113819,0.00087,0.00196,0.12927,True,
I004,valid,True,48,0.01035,0.11069,0.00073,0.00179,0.12587,True,
I004,valid,True,49,0.01009,0.12388,0.00077,0.00197,0.13921,True,
I004,valid,True,50,0.00982,0.1046,0.00069,0.00174,0.11937,True,
I004,valid,True,51,0.0093,0.09811,0.00071,0.00154,0.11172,True,
I004,valid,True,52,6.068677,0.32834,0.003871,0.004549,6.416967,True,
I004,valid,True,53,0.020441,0.157109,0.00184,0.00345,0.1865,True,
I004,valid,True,54,0.01146,0.129669,0.00154,0.00269,0.148339,True,
I004,valid,True,55,0.01258,0.14717,0.00161,0.00224,0.16706,True,
I004,valid,True,56,0.01303,0.12587,0.00098,0.00254,0.14555,True,
I004,valid,True,57,0.01046,0.12042,0.00147,0.00199,0.13749,True,
I004,valid,True,58,0.01132,0.11749,0.00094,0.00186,0.13483,True,
I004,valid,True,59,0.02113,0.12862,0.00123,0.00194,0.15591,True,
I004,valid,True,60,0.0104,0.12347,0.001,0.00176,0.13964,True,
I004,valid,True,61,0.009451,4.322448,0.00364,0.00587,4.347698,True,
I004,valid,True,62,0.028811,0.17643,0.00224,0.00334,0.215609,True,
I004,valid,True,63,0.01275,0.12622,0.00145,0.00205,0.14513,True,
I004,valid,True,64,0.00982,0.10941,0.00077,0.00178,0.12419,True,
I004,valid,True,65,0.00989,0.12739,0.00097,0.00229,0.1433,True,
I004,valid,True,66,0.011,0.11445,0.00087,0.00172,0.1305,True,
I004,valid,True,67,0.00937,0.10503,0.00095,0.00186,0.11955,True,
I004,valid,True,68,0.00934,0.10591,0.00077,0.00199,0.12034,True,
I004,valid,True,69,0.01003,0.10899,0.00074,0.00163,0.12404,True,
I004,valid,True,70,0.010471,0.10169,0.000711,0.001951,0.11771,True,
I004,valid,True,71,0.00842,0.09595,0.00077,0.00164,0.108789,True,
I004,valid,True,72,0.007669,4.282378,0.00321,0.00623,4.305848,True,
I004,valid,True,73,0.0236,0.16397,0.0019,0.00339,0.19848,True,
I004,valid,True,74,0.01415,0.1462,0.00187,0.00299,0.16968,True,
I004,valid,True,75,0.01111,0.11825,0.00123,0.00222,0.13526,True,
I004,valid,True,76,0.01015,0.13755,0.00105,0.00264,0.15442,True,
I004,valid,True,77,0.01123,0.12273,0.00108,0.00206,0.14036,True,
I004,valid,True,78,0.01062,0.11443,0.00125,0.00195,0.1313,True,
I004,valid,True,79,0.009471,0.12372,0.00091,0.002331,0.139419,True,
I004,valid,True,80,0.011651,0.11797,0.00093,0.00198,0.13532,True,
I004,valid,True,81,0.009011,0.12001,0.00102,0.00204,0.13533,True,
I004,valid,True,82,0.01075,4.261408,0.00217,0.00402,4.284068,True,
I004,valid,True,83,0.01983,0.14329,0.00152,0.00225,0.17109,True,
I004,valid,True,84,0.01043,0.10439,0.00105,0.00199,0.12046,True,
I004,valid,True,85,0.00866,0.10068,0.00084,0.00164,0.11447,True,
I004,valid,True,86,0.00824,0.09467,0.00063,0.00167,0.10728,True,
I004,valid,True,87,0.00782,0.093439,0.0007,0.0017,0.10561,True,
I004,valid,True,88,0.008481,0.104819,0.00078,0.002031,0.11833,True,
I004,valid,True,89,0.008151,0.095499,0.000871,0.001751,0.108239,True,
I004,valid,True,90,0.007311,0.093029,0.00064,0.00178,0.104539,True,
I004,valid,True,91,0.008029,0.09177,0.00062,0.0016,0.103869,True,
I004,valid,True,92,0.00826,0.09957,0.00062,0.00159,0.11199,True,
I004,valid,True,93,0.00736,0.09496,0.00067,0.00171,0.1067,True,
I004,valid,True,94,0.00719,0.09056,0.00066,0.00148,0.10176,True,
I004,valid,True,95,0.00755,4.137258,0.00549,0.00718,4.165588,True,
I004,valid,True,96,0.02324,0.22031,0.00186,0.00275,0.25276,True,
I004,valid,True,97,0.0134,0.13871,0.00088,0.00161,0.15773,True,
I004,valid,True,98,0.01012,0.116561,0.000929,0.00176,0.13241,True,
I004,valid,True,99,0.00984,0.11797,0.001029,0.0021,0.133799,True,
I004,valid,True,100,0.0096,0.135041,0.000889,0.00172,0.149981,True,
I005,valid,True,1,0.01166,0.13309,0.00137,0.00207,0.15151,True,
I005,valid,True,2,0.00858,0.12331,0.00095,0.00206,0.13848,True,
I005,valid,True,3,0.00832,0.1103,0.00096,0.00157,0.12367,True,
I005,valid,True,4,0.00886,0.11416,0.00099,0.00231,0.12908,True,
I005,valid,True,5,0.02973,0.22929,0.002591,0.004551,0.27509,True,
I005,valid,True,6,0.01153,0.14065,0.00149,0.00241,0.15955,True,
I005,valid,True,7,0.01049,0.12599,0.00104,0.00212,0.14281,True,
I005,valid,True,8,0.00878,0.1126,0.0009,0.0022,0.12706,True,
I005,valid,True,9,0.00786,0.13297,0.00113,0.00223,0.17002,True,
I005,valid,True,10,0.01008,0.12395,0.00077,0.00195,0.13927,True,
I005,valid,True,11,0.00832,0.10993,0.0008,0.0018,0.1232,True,
I005,valid,True,12,0.00793,0.1096,0.00078,0.00194,0.12256,True,
I005,valid,True,13,0.00786,0.11909,0.00083,0.00193,0.1322,True,
I005,valid,True,14,0.00736,0.10103,0.00081,0.00161,0.11294,True,
I005,valid,True,15,0.00684,0.10171,0.00105,0.00155,0.11378,True,
I005,valid,True,16,0.00639,4.353327,0.00302,0.00433,4.373237,True,
I005,valid,True,17,0.02345,0.18026,0.00205,0.00305,0.21434,True,
I005,valid,True,18,0.01333,0.1463,0.00194,0.00256,0.16928,True,
I005,valid,True,19,0.01166,0.14834,0.00152,0.00192,0.16717,True,
I005,valid,True,20,0.01117,0.12027,0.00088,0.00173,0.14513,True,
I005,valid,True,21,0.00908,0.11728,0.00114,0.00202,0.1326,True,
I005,valid,True,22,0.00772,0.11643,0.00113,0.00215,0.13004,True,
I005,valid,True,23,0.00912,0.14431,0.0013,0.00213,0.15993,True,
I005,valid,True,24,0.01058,0.13305,0.001149,0.002409,0.150541,True,
I005,valid,True,25,0.009989,4.323538,0.0035,0.00563,4.349707,True,
I005,valid,True,26,0.02472,0.1698,0.00248,0.00335,0.20479,True,
I005,valid,True,27,0.01332,0.12457,0.0017,0.0024,0.14479,True,
I005,valid,True,28,0.00925,0.10255,0.00109,0.00204,0.11737,True,
I005,valid,True,29,0.00697,0.11759,0.0012,0.00203,0.12999,True,
I005,valid,True,30,0.008,0.10147,0.00066,0.00175,0.11429,True,
I005,valid,True,31,0.0066,0.094079,0.00066,0.001569,0.104969,True,
I005,valid,True,32,0.006371,0.092199,0.00068,0.0016,0.10285,True,
I005,valid,True,33,0.00642,0.09349,0.000691,0.00178,0.104361,True,
I005,valid,True,34,0.006691,0.10229,0.00071,0.00181,0.1135,True,
I005,valid,True,35,0.007371,0.0883,0.00064,0.00152,0.099709,True,
I005,valid,True,36,0.00691,0.0896,0.00061,0.00151,0.10044,True,
I005,valid,True,37,0.00669,4.282618,0.00292,0.00542,4.303528,True,
I005,valid,True,38,0.02346,0.18487,0.00196,0.00401,0.22078,True,
I005,valid,True,39,0.08747,0.14708,0.00153,0.00298,0.24284,True,
I005,valid,True,40,0.01032,0.099369,0.000869,0.00173,0.11441,True,
I005,valid,True,41,0.007,0.14231,0.00072,0.001909,0.154299,True,
I005,valid,True,42,0.008009,0.10769,0.00095,0.00196,0.121429,True,
I005,valid,True,43,0.00763,0.10747,0.00102,0.00176,0.12104,True,
I005,valid,True,44,0.00831,0.10353,0.00125,0.00177,0.118,True,
I005,valid,True,45,0.02027,0.11209,0.00096,0.00179,0.1378,True,
I005,valid,True,46,0.00786,0.14016,0.00088,0.00229,0.15505,True,
I005,valid,True,47,0.00955,4.276988,0.00281,0.004759,4.301198,True,
I005,valid,True,48,0.01966,0.15429,0.00146,0.00295,0.18275,True,
I005,valid,True,49,0.012071,0.128059,0.001071,0.001831,0.145481,True,
I005,valid,True,50,0.00744,0.107621,0.00066,0.001631,0.11951,True,
I005,valid,True,51,0.0069,0.0962,0.0007,0.00179,0.107649,True,
I005,valid,True,52,0.00661,0.11341,0.00071,0.00205,0.12492,True,
I005,valid,True,53,0.00796,0.10007,0.00072,0.00191,0.11327,True,
I005,valid,True,54,0.00678,0.09458,0.00068,0.00172,0.10622,True,
I005,valid,True,55,0.00683,0.10728,0.00074,0.00199,0.11899,True,
I005,valid,True,56,0.00773,0.1111,0.00067,0.00966,0.13146,True,
I005,valid,True,57,0.00813,0.12018,0.00089,0.00198,0.13373,True,
I005,valid,True,58,0.00787,0.11032,0.00086,0.00197,0.12343,True,
I005,valid,True,59,0.00765,4.264388,0.0028,0.00482,4.285417,True,
I005,valid,True,60,0.01998,0.17611,0.00175,0.0025,0.20507,True,
I005,valid,True,61,0.01293,0.14808,0.00146,0.00228,0.16833,True,
I005,valid,True,62,0.01022,0.12143,0.00104,0.00224,0.1381,True,
I005,valid,True,63,0.00983,0.11622,0.00095,0.00228,0.13209,True,
I005,valid,True,64,0.0092,0.12651,0.00112,0.00208,0.14246,True,
I005,valid,True,65,0.0084,0.11898,0.00132,0.00198,0.13371,True,
I005,valid,True,66,0.00912,0.10887,0.00089,0.00183,0.12349,True,
I005,valid,True,67,0.00986,0.14715,0.00105,0.00236,0.16358,True,
I005,valid,True,68,0.00937,0.124459,0.000971,0.002409,0.14027,True,
I005,valid,True,69,0.009,3.206038,0.00176,0.00356,3.226348,True,
I005,valid,True,70,0.01265,0.13819,0.00122,0.00236,0.15774,True,
I005,valid,True,71,0.00832,0.11154,0.00126,0.00207,0.12626,True,
I005,valid,True,72,0.00953,0.13041,0.00106,0.002009,0.14579,True,
I005,valid,True,73,0.00836,0.116001,0.001051,0.002,0.13005,True,
I005,valid,True,74,0.00902,0.115341,0.00098,0.002069,0.13025,True,
I005,valid,True,75,0.007711,0.13535,0.00079,0.00194,0.14913,True,
I005,valid,True,76,0.00804,0.09703,0.00076,0.00172,0.10995,True,
I005,valid,True,77,0.00714,0.09447,0.00066,0.00161,0.10589,True,
I005,valid,True,78,0.00636,0.09191,0.00067,0.0016,0.10243,True,
I005,valid,True,79,0.00685,0.1009,0.00074,0.00163,0.11207,True,
I005,valid,True,80,0.00675,0.09429,0.00072,0.00165,0.1055,True,
I005,valid,True,81,0.00645,0.09271,0.00061,0.00153,0.10321,True,
I005,valid,True,82,0.00584,0.09077,0.00068,0.00155,0.10086,True,
I005,valid,True,83,0.00577,4.303528,0.00284,0.00457,4.322248,True,
I005,valid,True,84,0.02096,0.149179,0.00224,0.002869,0.179859,True,
I005,valid,True,85,0.009811,0.13209,0.000949,0.002371,0.14837,True,
I005,valid,True,86,0.00836,0.10955,0.00081,0.00165,0.1233,True,
I005,valid,True,87,0.00886,0.13511,0.001,0.00207,0.15023,True,
I005,valid,True,88,0.00894,0.12281,0.00078,0.00192,0.13769,True,
I005,valid,True,89,0.00851,0.10519,0.00076,0.00209,0.11892,True,
I005,valid,True,90,0.00695,0.09653,0.00067,0.00158,0.10786,True,
I005,valid,True,91,0.00674,0.12634,0.00151,0.00189,0.13978,True,
I005,valid,True,92,0.00826,0.10945,0.00088,0.00204,0.12354,True,
I005,valid,True,93,0.00925,0.11725,0.00081,0.00171,0.13144,True,
I005,valid,True,94,0.00814,4.271057,0.00288,0.00415,4.291967,True,
I005,valid,True,95,0.02282,0.175299,0.00252,0.00275,0.20817,True,
I005,valid,True,96,0.01328,0.17104,0.00188,0.00243,0.19271,True,
I005,valid,True,97,0.01539,0.14362,0.00138,0.00212,0.16688,True,
I005,valid,True,98,0.01108,0.13436,0.00093,0.00177,0.15199,True,
I005,valid,True,99,0.00895,0.10868,0.00087,0.00183,0.12312,True,
I005,valid,True,100,0.00808,0.10007,0.00059,0.00142,0.11223,True,
I006,valid,True,1,0.010269,0.12473,0.0015,0.002029,0.14131,True,
I006,valid,True,2,0.007709,4.266987,0.00292,0.00511,4.289048,True,
I006,valid,True,3,0.02157,0.15539,0.00154,0.00301,0.18568,True,
I006,valid,True,4,0.01009,0.12072,0.00086,0.00252,0.13689,True,
I006,valid,True,5,0.00898,0.10066,0.00094,0.00208,0.11484,True,
I006,valid,True,6,0.00809,0.09659,0.00074,0.00182,0.10936,True,
I006,valid,True,7,0.00775,0.12137,0.00111,0.00187,0.13459,True,
I006,valid,True,8,0.00965,0.11012,0.00083,0.00215,0.12602,True,
I006,valid,True,9,0.0082,0.104899,0.001449,0.0018,0.1185,True,
I006,valid,True,10,0.0083,0.10138,0.000871,0.001609,0.114599,True,
I006,valid,True,11,0.008549,4.685257,0.00341,0.00477,4.709168,True,
I006,valid,True,12,0.02475,0.18325,0.00188,0.00294,0.2181,True,
I006,valid,True,13,0.01494,0.14075,0.00122,0.00205,0.1623,True,
I006,valid,True,14,0.00885,0.10974,0.00123,0.00206,0.12448,True,
I006,valid,True,15,0.01101,2.555738,0.00179,0.00325,2.576008,True,
I006,valid,True,16,0.01449,0.15916,0.00123,0.00269,0.18137,True,
I006,valid,True,17,0.01223,0.13032,0.00106,0.00193,0.14902,True,
I006,valid,True,18,0.0087,1.15759,0.001529,0.0027,1.174199,True,
I006,valid,True,19,0.01319,0.12757,0.00081,0.00206,0.14624,True,
I006,valid,True,20,0.00929,0.10209,0.0008,0.00191,0.1163,True,
I006,valid,True,21,0.00847,0.10026,0.00061,0.00179,0.1131,True,
I006,valid,True,22,0.00724,0.10904,0.00058,0.0016,0.12764,True,
I006,valid,True,23,0.00827,0.10174,0.00066,0.00167,0.11445,True,
I006,valid,True,24,0.00686,0.09351,0.00074,0.00146,0.10447,True,
I006,valid,True,25,0.00624,0.10606,0.00066,0.00156,0.11649,True,
I006,valid,True,26,0.0071,0.09802,0.00102,0.00196,0.11021,True,
I006,valid,True,27,0.00718,0.09769,0.00067,0.00148,0.10897,True,
I006,valid,True,28,0.00737,0.093199,0.000649,0.001469,0.104609,True,
I006,valid,True,29,0.00722,0.091609,0.00078,0.0014,0.10284,True,
I006,valid,True,30,0.00704,0.102221,0.00078,0.0016,0.11357,True,
I006,valid,True,31,0.006151,0.09133,0.00067,0.00149,0.10162,True,
I006,valid,True,32,0.006191,0.090691,0.000791,0.001511,0.1011,True,
I006,valid,True,33,0.00625,5.277397,0.00312,0.00494,5.298378,True,
I006,valid,True,34,0.02626,0.19901,0.00217,0.00393,0.237619,True,
I006,valid,True,35,0.029751,0.160969,0.00151,0.00272,0.19995,True,
I006,valid,True,36,0.01279,0.14685,0.00138,0.00246,0.16733,True,
I006,valid,True,37,0.01172,0.12261,0.00109,0.00202,0.14043,True,
I006,valid,True,38,0.00854,0.10167,0.00074,0.00181,0.11479,True,
I006,valid,True,39,0.00667,0.0935,0.00077,0.00172,0.10462,True,
I006,valid,True,40,0.00779,0.09032,0.0006,0.0015,0.10213,True,
I006,valid,True,41,0.0069,0.10895,0.00075,0.00158,0.12011,True,
I006,valid,True,42,0.00772,0.091,0.00066,0.00154,0.10286,True,
I006,valid,True,43,0.00678,0.09095,0.00086,0.00145,0.10195,True,
I006,valid,True,44,0.00663,4.270107,0.002961,0.004609,4.290097,True,
I006,valid,True,45,0.02527,0.15727,0.00203,0.00257,0.19165,True,
I006,valid,True,46,0.01112,0.12208,0.00148,0.00192,0.13951,True,
I006,valid,True,47,0.01041,0.1053,0.00063,0.00164,0.12011,True,
I006,valid,True,48,0.00734,0.10173,0.00087,0.00164,0.1136,True,
I006,valid,True,49,0.00745,0.11755,0.00102,0.00184,0.1303,True,
I006,valid,True,50,0.01008,0.11243,0.00093,0.00186,0.12864,True,
I006,valid,True,51,0.0087,0.11773,0.00083,0.00169,0.13226,True,
I006,valid,True,52,0.00898,0.11238,0.00068,0.00163,0.12638,True,
I006,valid,True,53,0.01683,0.11716,0.00109,0.00155,0.13988,True,
I006,valid,True,54,0.00874,0.115779,0.001189,0.00206,0.130619,True,
I006,valid,True,55,0.0088,6.288397,0.00384,0.00635,6.314897,True,
I006,valid,True,56,0.0263,0.23428,0.00302,0.00498,0.27577,True,
I006,valid,True,57,0.01825,0.1785,0.00157,0.00285,0.20605,True,
I006,valid,True,58,0.01447,0.1625,0.001329,0.0024,0.185179,True,
I006,valid,True,59,0.011409,0.109261,0.001251,0.00188,0.12619,True,
I006,valid,True,60,0.00816,0.09835,0.000749,0.0017,0.110959,True,
I006,valid,True,61,0.00716,0.094499,0.00078,0.00172,0.105959,True,
I006,valid,True,62,0.006671,0.102309,0.00091,0.00202,0.11376,True,
I006,valid,True,63,0.00723,0.09439,0.00081,0.0018,0.1063,True,
I006,valid,True,64,0.0066,0.09225,0.00071,0.00156,0.1028,True,
I006,valid,True,65,0.00696,0.09365,0.0007,0.00149,0.10463,True,
I006,valid,True,66,0.00716,6.352897,0.005269,0.00576,6.377497,True,
I006,valid,True,67,0.02575,0.17632,0.002371,0.00338,0.21259,True,
I006,valid,True,68,0.012909,0.125801,0.001391,0.002631,0.146059,True,
I006,valid,True,69,0.00886,0.104999,0.001089,0.001989,0.119439,True,
I006,valid,True,70,0.01087,0.13137,0.00184,0.00301,0.15059,True,
I006,valid,True,71,0.01131,0.12037,0.00172,0.00225,0.13883,True,
I006,valid,True,72,0.00971,0.11601,0.00156,0.00194,0.13237,True,
I006,valid,True,73,0.01051,0.12792,0.00115,0.00229,0.14453,True,
I006,valid,True,74,0.01006,0.11155,0.00085,0.0021,0.1275,True,
I006,valid,True,75,0.00842,0.10539,0.00106,0.00217,0.11978,True,
I006,valid,True,76,6.115217,0.349589,0.00421,0.00636,6.487526,True,
I006,valid,True,77,0.03314,0.19872,0.00323,0.00427,0.24479,True,
I006,valid,True,78,0.01578,0.16024,0.00223,0.00272,0.18499,True,
I006,valid,True,79,0.0127,0.14243,0.00147,0.00268,0.16295,True,
I006,valid,True,80,0.01253,0.13604,0.00156,0.00227,0.15515,True,
I006,valid,True,81,0.0085,0.13285,0.00182,0.00167,0.14751,True,
I006,valid,True,82,0.01408,0.141389,0.00108,0.002289,0.1627,True,
I006,valid,True,83,0.01162,0.129499,0.00074,0.00204,0.146559,True,
I006,valid,True,84,0.00924,6.360317,0.00482,0.01217,6.392816,True,
I006,valid,True,85,0.02506,0.1368,0.00129,0.00243,0.16974,True,
I006,valid,True,86,0.00893,0.11208,0.00075,0.00158,0.12608,True,
I006,valid,True,87,0.00868,0.13586,0.00108,0.00253,0.15076,True,
I006,valid,True,88,0.00769,0.13575,0.00087,0.00231,0.14882,True,
I006,valid,True,89,0.00937,0.11409,0.00067,0.00194,0.12858,True,
I006,valid,True,90,0.00797,0.115159,0.000791,0.002049,0.12788,True,
I006,valid,True,91,0.0082,0.108419,0.00066,0.001769,0.121119,True,
I006,valid,True,92,0.007989,0.11031,0.00066,0.001751,0.12283,True,
I006,valid,True,93,0.00733,0.09343,0.00084,0.00144,0.10531,True,
I006,valid,True,94,0.00762,0.09353,0.00071,0.00165,0.10539,True,
I006,valid,True,95,0.0071,6.199967,0.0017,0.00319,6.216237,True,
I006,valid,True,96,0.01494,0.13221,0.00102,0.00226,0.15382,True,
I006,valid,True,97,0.00847,0.10396,0.00081,0.0017,0.11709,True,
I006,valid,True,98,0.00708,0.10002,0.00068,0.001731,0.1116,True,
I006,valid,True,99,0.00728,0.099239,0.000671,0.001551,0.110601,True,
I006,valid,True,100,0.007031,0.686079,0.00512,0.0062,0.712869,True,
I007,valid,True,1,6.072007,0.375029,0.0054,0.005249,6.472877,True,
I007,valid,True,2,0.028491,0.198919,0.002289,0.00369,0.238159,True,
I007,valid,True,3,0.01625,0.12526,0.00171,0.00219,0.14885,True,
I007,valid,True,4,0.0154,0.14732,0.00206,0.00185,0.16938,True,
I007,valid,True,5,0.01131,0.14493,0.00146,0.00187,0.16688,True,
I007,valid,True,6,0.01079,0.10559,0.00091,0.0017,0.12129,True,
I007,valid,True,7,0.01124,0.11077,0.00103,0.00226,0.12759,True,
I007,valid,True,8,0.01129,0.1059,0.00092,0.00152,0.12181,True,
I007,valid,True,9,0.00773,0.09647,0.00076,0.00165,0.10852,True,
I007,valid,True,10,0.007739,6.269317,0.0035,0.0053,6.292066,True,
I007,valid,True,11,0.02888,0.19981,0.00175,0.00384,0.23911,True,
I007,valid,True,12,0.01692,0.14222,0.00129,0.00276,0.16682,True,
I007,valid,True,13,0.01207,0.11784,0.00101,0.00207,0.13578,True,
I007,valid,True,14,0.01086,0.12653,0.00108,0.00251,0.14386,True,
I007,valid,True,15,0.00978,0.10077,0.0012,0.00195,0.11602,True,
I007,valid,True,16,0.00827,0.10697,0.00081,0.00165,0.11977,True,
I007,valid,True,17,0.00834,0.09426,0.0007,0.00162,0.10694,True,
I007,valid,True,18,0.0075,0.089539,0.000671,0.00176,0.101149,True,
I007,valid,True,19,0.00721,0.089009,0.001229,0.00196,0.101409,True,
I007,valid,True,20,0.009031,0.09355,0.00074,0.001609,0.10695,True,
I007,valid,True,21,0.007531,0.087649,0.00082,0.00153,0.09929,True,
I007,valid,True,22,0.007571,6.260437,0.00987,0.00468,6.286977,True,
I007,valid,True,23,0.01864,0.13948,0.00139,0.00239,0.16559,True,
I007,valid,True,24,0.00986,0.1042,0.00096,0.00175,0.12836,True,
I007,valid,True,25,0.00867,0.1064,0.00093,0.00215,0.12034,True,
I007,valid,True,26,0.00887,0.09955,0.00068,0.00162,0.11286,True,
I007,valid,True,27,0.00957,0.12214,0.00123,0.00195,0.13737,True,
I007,valid,True,28,0.01138,0.11682,0.000629,0.00162,0.132909,True,
I007,valid,True,29,0.016929,0.10046,0.000791,0.00172,0.122411,True,
I007,valid,True,30,0.00974,0.11886,0.00104,0.00207,0.13401,True,
I007,valid,True,31,0.01126,0.11907,0.0009,0.00179,0.13534,True,
I007,valid,True,32,0.00919,0.11578,0.00073,0.00166,0.1306,True,
I007,valid,True,33,0.00943,0.10478,0.0009,0.00193,0.11984,True,
I007,valid,True,34,0.00843,6.336237,0.00412,0.00525,6.360207,True,
I007,valid,True,35,0.02839,0.17565,0.00218,0.004411,0.21652,True,
I007,valid,True,36,0.01444,0.142889,0.00154,0.00225,0.164699,True,
I007,valid,True,37,0.013,0.160621,0.001509,0.0024,0.18089,True,
I007,valid,True,38,0.012129,0.113301,0.00108,0.00201,0.13172,True,
I007,valid,True,39,0.02139,0.10792,0.00118,0.00195,0.13516,True,
I007,valid,True,40,0.00999,0.1204,0.00122,0.00196,0.13665,True,
I007,valid,True,41,0.01122,0.11922,0.00114,0.00182,0.13622,True,
I007,valid,True,42,0.00838,0.1126,0.00101,0.00202,0.12686,True,
I007,valid,True,43,0.00993,0.10341,0.00096,0.00176,0.1184,True,
I007,valid,True,44,0.0094,5.327207,0.00294,0.00579,5.351507,True,
I007,valid,True,45,0.0262,0.13289,0.002,0.00258,0.16835,True,
I007,valid,True,46,0.01122,0.10535,0.0013,0.00173,0.12321,True,
I007,valid,True,47,0.0111,0.106159,0.00086,0.001651,0.12237,True,
I007,valid,True,48,0.00956,0.128829,0.001011,0.0024,0.14497,True,
I007,valid,True,49,0.00976,0.10131,0.000751,0.001709,0.11585,True,
I007,valid,True,50,0.0088,0.102901,0.00076,0.001649,0.11629,True,
I007,valid,True,51,0.00842,0.09631,0.00084,0.00153,0.1091,True,
I007,valid,True,52,0.007651,0.09351,0.00068,0.0018,0.105699,True,
I007,valid,True,53,0.00842,0.09613,0.00063,0.00172,0.10887,True,
I007,valid,True,54,0.00917,0.10228,0.00069,0.00159,0.11589,True,
I007,valid,True,55,0.00795,0.08862,0.00084,0.00164,0.10102,True,
I007,valid,True,56,0.0077,6.305847,0.0039,0.00615,6.330157,True,
I007,valid,True,57,0.0271,0.17005,0.00187,0.00266,0.20695,True,
I007,valid,True,58,0.01166,0.12221,0.0013,0.00218,0.13975,True,
I007,valid,True,59,0.009251,0.10008,0.0007,0.00191,0.1144,True,
I007,valid,True,60,0.00773,0.09454,0.00088,0.00211,0.1237,True,
I007,valid,True,61,0.0082,0.10086,0.00069,0.00231,0.11469,True,
I007,valid,True,62,0.00951,0.10517,0.00079,0.00181,0.11992,True,
I007,valid,True,63,0.00898,0.09503,0.00065,0.00167,0.10838,True,
I007,valid,True,64,0.00809,0.09397,0.00079,0.00171,0.10657,True,
I007,valid,True,65,0.00842,0.09178,0.00071,0.00152,0.10458,True,
I007,valid,True,66,0.00866,0.09874,0.00071,0.00142,0.11142,True,
I007,valid,True,67,0.00847,0.0951,0.00072,0.00174,0.10829,True,
I007,valid,True,68,0.00809,6.320717,0.00412,0.007571,6.347947,True,
I007,valid,True,69,0.030591,0.19554,0.00279,0.00351,0.23748,True,
I007,valid,True,70,0.01685,0.14644,0.00203,0.00261,0.17128,True,
I007,valid,True,71,0.01327,0.11859,0.001,0.00243,0.13781,True,
I007,valid,True,72,0.02598,0.11713,0.00114,0.0027,0.1499,True,
I007,valid,True,73,0.01049,0.10205,0.00081,0.0018,0.11721,True,
I007,valid,True,74,0.00883,0.09418,0.00065,0.00167,0.10724,True,
I007,valid,True,75,0.00826,0.09036,0.00058,0.0016,0.10292,True,
I007,valid,True,76,0.00856,0.09548,0.00066,0.00165,0.10858,True,
I007,valid,True,77,0.00799,0.102,0.00071,0.00159,0.11425,True,
I007,valid,True,78,0.00854,6.366336,0.00375,0.0057,6.391386,True,
I007,valid,True,79,0.0289,0.19583,0.00263,0.00343,0.23579,True,
I007,valid,True,80,0.01417,0.12082,0.0012,0.00207,0.14095,True,
I007,valid,True,81,0.01773,0.10367,0.00096,0.00216,0.12702,True,
I007,valid,True,82,0.01053,0.09919,0.00069,0.00171,0.11438,True,
I007,valid,True,83,0.01143,0.13083,0.00082,0.00258,0.14827,True,
I007,valid,True,84,0.00927,0.09861,0.00067,0.00185,0.11251,True,
I007,valid,True,85,0.008759,0.09152,0.00067,0.00181,0.10463,True,
I007,valid,True,86,0.008059,0.09138,0.000931,0.001551,0.103969,True,
I007,valid,True,87,0.00992,0.10607,0.000951,0.00152,0.12044,True,
I007,valid,True,88,0.00896,0.10846,0.00116,0.00222,0.12304,True,
I007,valid,True,89,0.00931,0.12084,0.00081,0.00176,0.13501,True,
I007,valid,True,90,0.0383,0.28793,0.00362,0.00473,0.34558,True,
I007,valid,True,91,0.01616,0.1271,0.001331,0.00256,0.150529,True,
I007,valid,True,92,0.01135,0.122719,0.00146,0.00236,0.140389,True,
I007,valid,True,93,0.009151,0.10983,0.00068,0.001911,0.123839,True,
I007,valid,True,94,0.00917,0.123751,0.00074,0.001789,0.137829,True,
I007,valid,True,95,0.0106,0.10691,0.0011,0.00201,0.12305,True,
I007,valid,True,96,0.00869,0.10479,0.00065,0.00189,0.11793,True,
I007,valid,True,97,0.00942,0.10444,0.0007,0.00164,0.11827,True,
I007,valid,True,98,0.00985,0.14232,0.00077,0.00724,0.16251,True,
I007,valid,True,99,0.00896,0.14743,0.00131,0.00211,0.16216,True,
I007,valid,True,100,0.00908,6.331906,0.003331,0.00668,6.358327,True,
I008,valid,True,1,0.03123,0.21226,0.00393,0.00367,0.25599,True,
I008,valid,True,2,0.0157,0.13686,0.00152,0.00276,0.15982,True,
I008,valid,True,3,0.01016,0.10956,0.00072,0.00206,0.12495,True,
I008,valid,True,4,0.00781,0.10555,0.00064,0.00166,0.11777,True,
I008,valid,True,5,0.00719,0.10181,0.00071,0.00232,0.11422,True,
I008,valid,True,6,0.00721,0.10588,0.00087,0.00169,0.11753,True,
I008,valid,True,7,0.04928,0.1141,0.00064,0.0018,0.16836,True,
I008,valid,True,8,0.00767,6.331106,0.00308,0.00595,6.354726,True,
I008,valid,True,9,0.02721,0.18746,0.0022,0.00353,0.22554,True,
I008,valid,True,10,0.01093,0.12882,0.00108,0.00228,0.14566,True,
I008,valid,True,11,0.00958,0.10636,0.0009,0.0021,0.12108,True,
I008,valid,True,12,0.00742,0.12268,0.00121,0.00241,0.13603,True,
I008,valid,True,13,0.00897,0.10385,0.00109,0.0018,0.11822,True,
I008,valid,True,14,0.00883,0.100429,0.00096,0.00166,0.113879,True,
I008,valid,True,15,0.00799,0.09829,0.000749,0.00186,0.11102,True,
I008,valid,True,16,0.006609,0.09745,0.000669,0.00192,0.10881,True,
I008,valid,True,17,0.007169,0.107799,0.000671,0.00162,0.11921,True,
I008,valid,True,18,0.00692,0.09084,0.00071,0.00178,0.10224,True,
I008,valid,True,19,0.00649,4.226418,0.00297,0.00521,4.246558,True,
I008,valid,True,20,0.02452,0.21916,0.00183,0.00334,0.27546,True,
I008,valid,True,21,0.01077,0.11628,0.00105,0.00226,0.13316,True,
I008,valid,True,22,0.0077,0.11315,0.00108,0.00189,0.1265,True,
I008,valid,True,23,0.00726,0.09418,0.00079,0.00162,0.10587,True,
I008,valid,True,24,0.0064,0.116761,0.00075,0.001629,0.127839,True,
I008,valid,True,25,0.0075,0.094331,0.00066,0.00159,0.106041,True,
I008,valid,True,26,0.00746,0.09196,0.000769,0.001789,0.111391,True,
I008,valid,True,27,0.00666,0.094281,0.000671,0.00164,0.10518,True,
I008,valid,True,28,0.00658,0.089641,0.00062,0.00154,0.100161,True,
I008,valid,True,29,0.006029,0.0888,0.00069,0.0016,0.09911,True,
I008,valid,True,30,0.00611,0.0974,0.0007,0.00151,0.10761,True,
I008,valid,True,31,0.006,0.0882,0.00064,0.00145,0.09806,True,
I008,valid,True,32,0.0061,4.259158,0.00305,0.00465,4.278308,True,
I008,valid,True,33,0.02185,0.15002,0.00142,0.0023,0.17983,True,
I008,valid,True,34,0.00929,0.10408,0.00082,0.001829,0.11862,True,
I008,valid,True,35,0.00772,0.105869,0.00078,0.001751,0.11853,True,
I008,valid,True,36,0.00696,0.097339,0.00066,0.00164,0.108621,True,
I008,valid,True,37,0.0076,0.11305,0.00088,0.002431,0.12611,True,
I008,valid,True,38,0.008889,0.104761,0.000911,0.001771,0.11833,True,
I008,valid,True,39,0.007351,0.094909,0.00072,0.00175,0.1068,True,
I008,valid,True,40,0.0064,0.08982,0.00068,0.00153,0.10028,True,
I008,valid,True,41,0.00572,0.08672,0.0008,0.00165,0.09677,True,
I008,valid,True,42,0.0061,0.09123,0.00075,0.00171,0.10172,True,
I008,valid,True,43,0.00625,0.09587,0.00071,0.0015,0.1062,True,
I008,valid,True,44,0.00603,0.08819,0.00057,0.00148,0.09803,True,
I008,valid,True,45,0.00602,4.192428,0.00338,0.0062,4.215128,True,
I008,valid,True,46,0.02319,0.20351,0.001971,0.0028,0.23595,True,
I008,valid,True,47,0.01204,0.115739,0.00115,0.00234,0.133849,True,
I008,valid,True,48,0.007669,0.11308,0.00104,0.00193,0.125909,True,
I008,valid,True,49,0.0073,0.09732,0.00097,0.00203,0.10969,True,
I008,valid,True,50,0.00749,0.10659,0.0011,0.00199,0.11973,True,
I008,valid,True,51,0.00783,0.10235,0.00076,0.00165,0.11471,True,
I008,valid,True,52,0.00764,0.10673,0.00101,0.00178,0.11918,True,
I008,valid,True,53,0.00729,0.09438,0.00094,0.00167,0.10629,True,
I008,valid,True,54,0.00682,0.09298,0.00071,0.00158,0.10409,True,
I008,valid,True,55,0.00599,0.09192,0.00061,0.00157,0.10186,True,
I008,valid,True,56,0.00636,0.10149,0.00065,0.00156,0.11186,True,
I008,valid,True,57,0.00653,0.09351,0.0007,0.00153,0.10402,True,
I008,valid,True,58,0.00612,4.220147,0.002049,0.00356,4.236597,True,
I008,valid,True,59,0.01831,0.14321,0.00119,0.00247,0.16992,True,
I008,valid,True,60,0.00926,0.10709,0.00104,0.00212,0.12238,True,
I008,valid,True,61,0.00785,0.10502,0.00074,0.00217,0.11828,True,
I008,valid,True,62,0.00766,0.10858,0.00096,0.00195,0.12179,True,
I008,valid,True,63,0.00783,0.0951,0.00078,0.00168,0.10752,True,
I008,valid,True,64,0.00692,0.1181,0.00095,0.00203,0.13025,True,
I008,valid,True,65,0.00705,0.09634,0.00081,0.00181,0.10851,True,
I008,valid,True,66,0.00688,0.10053,0.00081,0.00186,0.11235,True,
I008,valid,True,67,0.00724,0.09433,0.00082,0.00188,0.10673,True,
I008,valid,True,68,0.00673,0.09033,0.00063,0.00149,0.1011,True,
I008,valid,True,69,0.00651,0.09055,0.00064,0.0016,0.10119,True,
I008,valid,True,70,0.00674,0.090949,0.00064,0.00152,0.10179,True,
I008,valid,True,71,0.00624,0.08999,0.00062,0.00153,0.100291,True,
I008,valid,True,72,0.005669,4.227117,0.00253,0.00381,4.243837,True,
I008,valid,True,73,0.01697,0.14575,0.00184,0.00219,0.17039,True,
I008,valid,True,74,0.00891,0.10684,0.0011,0.00196,0.12137,True,
I008,valid,True,75,0.00754,0.09592,0.00081,0.00167,0.10817,True,
I008,valid,True,76,0.007,0.0962,0.00078,0.00148,0.1075,True,
I008,valid,True,77,0.00712,0.09655,0.00083,0.00179,0.10836,True,
I008,valid,True,78,0.00809,0.15335,0.00086,0.00251,0.1674,True,
I008,valid,True,79,0.00779,0.15286,0.00088,0.00213,0.16652,True,
I008,valid,True,80,0.01206,0.102221,0.00074,0.00173,0.119011,True,
I008,valid,True,81,0.00652,0.091929,0.00072,0.001589,0.102711,True,
I008,valid,True,82,0.0061,0.100271,0.000749,0.00166,0.11093,True,
I008,valid,True,83,0.00722,0.09214,0.000729,0.001571,0.103551,True,
I008,valid,True,84,0.00633,3.133349,0.00337,0.004931,3.154138,True,
I008,valid,True,85,0.017089,0.17167,0.001131,0.00254,0.195781,True,
I008,valid,True,86,0.00866,0.10568,0.00086,0.00192,0.11926,True,
I008,valid,True,87,0.00685,0.09835,0.000831,0.00172,0.109801,True,
I008,valid,True,88,0.00712,0.093011,0.00068,0.00172,0.10469,True,
I008,valid,True,89,0.00606,0.1204,0.00082,0.00182,0.13146,True,
I008,valid,True,90,0.00783,0.09443,0.0007,0.0016,0.10648,True,
I008,valid,True,91,0.00633,0.11181,0.00091,0.002,0.12335,True,
I008,valid,True,92,0.00687,0.09658,0.00072,0.0018,0.10816,True,
I008,valid,True,93,0.0072,0.09741,0.00066,0.00151,0.10876,True,
I008,valid,True,94,0.00815,0.102,0.00074,0.00172,0.11472,True,
I008,valid,True,95,0.00741,0.09532,0.00067,0.00164,0.10693,True,
I008,valid,True,96,0.00672,0.09976,0.00079,0.00165,0.11078,True,
I008,valid,True,97,0.00639,0.09343,0.00076,0.00147,0.10409,True,
I008,valid,True,98,0.00638,0.0876,0.0006,0.00135,0.09766,True,
I008,valid,True,99,0.02651,0.21511,0.0024,0.00391,0.2554,True,
I008,valid,True,100,0.01073,0.11629,0.00124,0.00219,0.13309,True,
I009,valid,True,1,0.011809,0.13975,0.0014,0.001929,0.15833,True,
I009,valid,True,2,0.02474,0.11159,0.00112,0.002169,0.142079,True,
I009,valid,True,3,0.01824,0.12002,0.00132,0.00208,0.14463,True,
I009,valid,True,4,0.00746,1.693279,0.0018,0.00348,1.709499,True,
I009,valid,True,5,0.01246,0.12427,0.00083,0.00243,0.14282,True,
I009,valid,True,6,0.00811,0.09957,0.00081,0.00214,0.11268,True,
I009,valid,True,7,0.00759,0.09523,0.00074,0.00161,0.10715,True,
I009,valid,True,8,0.00693,0.09339,0.00069,0.00185,0.10476,True,
I009,valid,True,9,0.00677,0.09802,0.00064,0.00154,0.10877,True,
I009,valid,True,10,0.00707,0.08662,0.00066,0.00164,0.098,True,
I009,valid,True,11,0.0065,0.11801,0.0008,0.0018,0.12907,True,
I009,valid,True,12,0.00727,0.09145,0.0007,0.00158,0.10312,True,
I009,valid,True,13,0.006569,0.09072,0.00067,0.00157,0.10159,True,
I009,valid,True,14,0.00659,0.08751,0.00067,0.00159,0.09838,True,
I009,valid,True,15,0.00601,0.08462,0.00072,0.00144,0.09461,True,
I009,valid,True,16,0.006151,0.08725,0.00062,0.001431,0.09727,True,
I009,valid,True,17,0.00656,0.098501,0.00066,0.001691,0.109481,True,
I009,valid,True,18,0.006869,0.089239,0.00061,0.00135,0.09992,True,
I009,valid,True,19,0.00662,0.08614,0.00062,0.00146,0.09665,True,
I009,valid,True,20,0.02673,0.21186,0.00239,0.00502,0.25346,True,
I009,valid,True,21,0.0113,0.1218,0.00164,0.00233,0.14043,True,
I009,valid,True,22,0.00964,0.10881,0.00121,0.00179,0.12433,True,
I009,valid,True,23,0.00788,0.10734,0.00077,0.00168,0.11997,True,
I009,valid,True,24,0.00714,0.09432,0.0007,0.00184,0.10591,True,
I009,valid,True,25,0.006869,0.111039,0.0007,0.00212,0.122899,True,
I009,valid,True,26,0.0076,0.096519,0.00068,0.001831,0.10897,True,
I009,valid,True,27,0.00768,0.097659,0.00083,0.00189,0.11,True,
I009,valid,True,28,0.00734,0.09256,0.00062,0.00177,0.10881,True,
I009,valid,True,29,0.00728,0.09507,0.0006,0.00159,0.10631,True,
I009,valid,True,30,0.00669,0.09266,0.00066,0.00158,0.1037,True,
I009,valid,True,31,0.00654,0.09123,0.00076,0.00161,0.10197,True,
I009,valid,True,32,0.00675,0.09067,0.00066,0.00166,0.10162,True,
I009,valid,True,33,0.00673,4.278128,0.00245,0.00453,4.296318,True,
I009,valid,True,34,0.01822,0.13479,0.00161,0.00232,0.16146,True,
I009,valid,True,35,0.00996,0.10414,0.00106,0.00176,0.11963,True,
I009,valid,True,36,0.0073,0.10738,0.000771,0.00172,0.11942,True,
I009,valid,True,37,0.00868,0.097959,0.00078,0.001749,0.111259,True,
I009,valid,True,38,0.007131,0.11263,0.00074,0.001651,0.12457,True,
I009,valid,True,39,0.00864,0.09747,0.0009,0.0018,0.11076,True,
I009,valid,True,40,0.006459,0.0932,0.00094,0.00193,0.10463,True,
I009,valid,True,41,0.00901,0.09838,0.00069,0.00146,0.11152,True,
I009,valid,True,42,0.00726,0.09737,0.00075,0.00157,0.10893,True,
I009,valid,True,43,0.00726,0.09977,0.00063,0.00171,0.11153,True,
I009,valid,True,44,0.00694,0.10052,0.00085,0.00154,0.11186,True,
I009,valid,True,45,0.00711,0.09184,0.00079,0.00158,0.10314,True,
I009,valid,True,46,0.00718,4.215498,0.0017,0.00366,4.231568,True,
I009,valid,True,47,0.017251,0.13725,0.001211,0.00256,0.162599,True,
I009,valid,True,48,0.00955,0.10568,0.00094,0.002011,0.120601,True,
I009,valid,True,49,0.00808,0.10162,0.000791,0.001711,0.11432,True,
I009,valid,True,50,0.00828,0.11348,0.00077,0.00188,0.12663,True,
I009,valid,True,51,0.00763,0.09765,0.00078,0.00164,0.11025,True,
I009,valid,True,52,0.00754,0.12099,0.00085,0.00197,0.1341,True,
I009,valid,True,53,0.00785,0.10007,0.00081,0.00191,0.11323,True,
I009,valid,True,54,0.00772,0.10398,0.00072,0.0017,0.11621,True,
I009,valid,True,55,0.00685,0.09373,0.00063,0.0015,0.10456,True,
I009,valid,True,56,0.00705,0.09195,0.00068,0.00173,0.10316,True,
I009,valid,True,57,0.00726,0.1044,0.00084,0.00153,0.11643,True,
I009,valid,True,58,0.00687,0.09776,0.00088,0.00162,0.10915,True,
I009,valid,True,59,0.00762,4.160697,0.00401,0.006501,4.185467,True,
I009,valid,True,60,0.02253,0.2098,0.00181,0.00268,0.241949,True,
I009,valid,True,61,0.01169,0.11599,0.00147,0.00212,0.13451,True,
I009,valid,True,62,0.00852,0.10476,0.0009,0.00172,0.1182,True,
I009,valid,True,63,0.00879,0.12558,0.00136,0.00179,0.13993,True,
I009,valid,True,64,0.00773,0.09748,0.00101,0.00168,0.10988,True,
I009,valid,True,65,0.00848,0.09846,0.00087,0.00183,0.11226,True,
I009,valid,True,66,0.00799,0.09418,0.00089,0.00159,0.107,True,
I009,valid,True,67,0.00827,0.10176,0.00092,0.00181,0.11523,True,
I009,valid,True,68,0.00676,0.096099,0.00066,0.0015,0.10688,True,
I009,valid,True,69,0.00728,0.09766,0.000909,0.0018,0.109639,True,
I009,valid,True,70,0.00788,0.108901,0.00084,0.0017,0.12145,True,
I009,valid,True,71,0.0075,0.09883,0.000949,0.00152,0.11067,True,
I009,valid,True,72,0.00716,4.217408,0.00235,0.00377,4.235298,True,
I009,valid,True,73,0.01758,0.14027,0.00135,0.00266,0.16623,True,
I009,valid,True,74,0.00957,1.739849,0.00171,0.0028,1.757279,True,
I009,valid,True,75,0.01413,0.13944,0.00161,0.00261,0.16152,True,
I009,valid,True,76,0.01012,0.11979,0.00104,0.00216,0.136,True,
I009,valid,True,77,0.00935,0.11808,0.00102,0.00229,0.13356,True,
I009,valid,True,78,0.01933,0.12077,0.00085,0.00212,0.14573,True,
I009,valid,True,79,0.00931,4.234358,0.002471,0.004059,4.255038,True,
I009,valid,True,80,0.019,0.16841,0.0016,0.00302,0.1967,True,
I009,valid,True,81,0.01067,0.1251,0.001,0.00206,0.1417,True,
I009,valid,True,82,0.00895,0.10643,0.00083,0.00181,0.12049,True,
I009,valid,True,83,0.00828,0.12857,0.00091,0.0023,0.14319,True,
I009,valid,True,84,0.00884,0.13769,0.0009,0.00233,0.15252,True,
I009,valid,True,85,0.00897,0.11074,0.00087,0.03309,0.15681,True,
I009,valid,True,86,0.01009,0.19003,0.00127,0.00224,0.20684,True,
I009,valid,True,87,0.00994,0.11357,0.00087,0.00188,0.12902,True,
I009,valid,True,88,0.00808,0.114681,0.00092,0.00186,0.128,True,
I009,valid,True,89,0.0078,0.108419,0.0008,0.00194,0.121569,True,
I009,valid,True,90,0.008609,1.23678,0.0015,0.00273,1.253169,True,
I009,valid,True,91,0.0152,0.13958,0.00154,0.00219,0.16189,True,
I009,valid,True,92,0.00818,0.11383,0.00089,0.00193,0.12771,True,
I009,valid,True,93,0.00828,0.110159,0.000969,0.001849,0.1236,True,
I009,valid,True,94,0.00921,0.106151,0.00092,0.001869,0.120499,True,
I009,valid,True,95,0.0085,0.13107,0.00131,0.00196,0.14555,True,
I009,valid,True,96,0.0084,0.09952,0.00071,0.00162,0.11232,True,
I009,valid,True,97,0.00759,0.091,0.00101,0.00168,0.10321,True,
I009,valid,True,98,0.00666,0.08353,0.00078,0.00152,0.09425,True,
I009,valid,True,99,0.00594,0.08171,0.00063,0.00137,0.09138,True,
I009,valid,True,100,0.00612,0.0814,0.00071,0.00143,0.09157,True,
I010,valid,True,1,0.01061,0.14528,0.00137,0.00199,0.16251,True,
I010,valid,True,2,0.00984,0.11499,0.00101,0.0018,0.13056,True,
I010,valid,True,3,0.00838,0.09688,0.00089,0.00165,0.11005,True,
I010,valid,True,4,0.00912,0.09363,0.000791,0.001589,0.10736,True,
I010,valid,True,5,0.0079,0.10249,0.0008,0.00182,0.11545,True,
I010,valid,True,6,0.00842,0.11183,0.00104,0.00174,0.12573,True,
I010,valid,True,7,0.00868,0.104359,0.000851,0.001571,0.11763,True,
I010,valid,True,8,0.008091,0.121339,0.00103,0.00188,0.135209,True,
I010,valid,True,9,0.00994,0.114489,0.00096,0.00184,0.12971,True,
I010,valid,True,10,0.00876,0.10305,0.00087,0.00162,0.11672,True,
I010,valid,True,11,0.00866,0.10129,0.0007,0.00172,0.11451,True,
I010,valid,True,12,0.00846,0.10589,0.00082,0.00174,0.11923,True,
I010,valid,True,13,0.00871,0.10298,0.00093,0.00172,0.1165,True,
I010,valid,True,14,0.00904,0.0997,0.00082,0.00176,0.11348,True,
I010,valid,True,15,0.00872,0.11549,0.00087,0.00174,0.12935,True,
I010,valid,True,16,0.00917,0.102519,0.001069,0.007061,0.12234,True,
I010,valid,True,17,0.00982,0.111749,0.000909,0.0016,0.126419,True,
I010,valid,True,18,0.00837,0.106179,0.00078,0.00166,0.11929,True,
I010,valid,True,19,0.00906,0.103979,0.0009,0.00164,0.11807,True,
I010,valid,True,20,0.008711,0.10693,0.000831,0.001771,0.12053,True,
I010,valid,True,21,0.00919,0.10255,0.00094,0.00152,0.11672,True,
I010,valid,True,22,0.00909,0.1422,0.00108,0.00205,0.15707,True,
I010,valid,True,23,0.01002,0.14872,0.00103,0.00179,0.1645,True,
I010,valid,True,24,0.01018,0.10161,0.00083,0.00154,0.11644,True,
I010,valid,True,25,0.00795,0.08924,0.00075,0.00145,0.10125,True,
I010,valid,True,26,0.00735,0.08978,0.00065,0.00153,0.10106,True,
I010,valid,True,27,0.00807,0.09942,0.00077,0.00154,0.11188,True,
I010,valid,True,28,0.00753,0.09745,0.00063,0.00165,0.10919,True,
I010,valid,True,29,0.00705,0.11635,0.00077,0.00169,0.12812,True,
I010,valid,True,30,0.00755,0.09168,0.0007,0.001391,0.107419,True,
I010,valid,True,31,0.01552,0.094219,0.00076,0.00154,0.114059,True,
I010,valid,True,32,0.007071,0.088579,0.00058,0.00144,0.09951,True,
I010,valid,True,33,0.00712,0.088939,0.00071,0.0017,0.100359,True,
I010,valid,True,34,0.00702,0.08888,0.00071,0.00144,0.100059,True,
I010,valid,True,35,0.00706,0.08894,0.00062,0.00157,0.10009,True,
I010,valid,True,36,0.00685,0.08729,0.0006,0.00145,0.09816,True,
I010,valid,True,37,0.00735,0.11173,0.00091,0.00179,0.12405,True,
I010,valid,True,38,0.0085,0.10285,0.00088,0.00165,0.11598,True,
I010,valid,True,39,0.0083,0.11534,0.00111,0.00184,0.12949,True,
I010,valid,True,40,0.00867,0.10431,0.00097,0.00192,0.11833,True,
I010,valid,True,41,0.00973,0.10874,0.00089,0.00163,0.12354,True,
I010,valid,True,42,0.0098,0.12934,0.0011,0.00211,0.14512,True,
I010,valid,True,43,0.00929,0.10413,0.00098,0.00173,0.11933,True,
I010,valid,True,44,0.010079,0.142781,0.001169,0.001829,0.158729,True,
I010,valid,True,45,0.00936,0.438309,0.00173,0.00249,0.455189,True,
I010,valid,True,46,0.01207,0.12154,0.0008,0.00209,0.13985,True,
I010,valid,True,47,0.00975,0.11513,0.00093,0.00194,0.13032,True,
I010,valid,True,48,0.00883,0.13518,0.00091,0.00193,0.1493,True,
I010,valid,True,49,0.00899,0.11365,0.00095,0.00196,0.12796,True,
I010,valid,True,50,0.00878,0.10766,0.00107,0.00169,0.12143,True,
I010,valid,True,51,0.0083,0.1038,0.0007,0.0015,0.11642,True,
I010,valid,True,52,0.00889,0.10771,0.00089,0.00173,0.12179,True,
I010,valid,True,53,0.00834,0.10358,0.00081,0.00161,0.11649,True,
I010,valid,True,54,0.008169,0.096791,0.00099,0.00163,0.11011,True,
I010,valid,True,55,0.00826,1.703139,0.001849,0.002891,1.719449,True,
I010,valid,True,56,0.01526,0.13762,0.00113,0.00221,0.15938,True,
I010,valid,True,57,0.009509,0.10786,0.00099,0.0181,0.13906,True,
I010,valid,True,58,0.00894,0.12967,0.0009,0.00153,0.143289,True,
I010,valid,True,59,0.00818,0.16675,0.00094,0.00181,0.1799,True,
I010,valid,True,60,0.00874,0.0979,0.00072,0.00178,0.11141,True,
I010,valid,True,61,0.00792,0.09194,0.0008,0.00162,0.10414,True,
I010,valid,True,62,0.00828,0.09334,0.00086,0.00159,0.10594,True,
I010,valid,True,63,0.00806,0.09643,0.00075,0.0017,0.10905,True,
I010,valid,True,64,0.00818,0.13423,0.00102,0.00225,0.14814,True,
I010,valid,True,65,0.00891,0.11408,0.00077,0.00183,0.12788,True,
I010,valid,True,66,0.00948,0.10682,0.0008,0.00178,0.12981,True,
I010,valid,True,67,0.01044,0.10473,0.00086,0.00176,0.12027,True,
I010,valid,True,68,0.00942,0.10993,0.00102,0.00174,0.12443,True,
I010,valid,True,69,0.008991,0.09929,0.00074,0.001731,0.11279,True,
I010,valid,True,70,0.008569,0.09945,0.000849,0.0016,0.11265,True,
I010,valid,True,71,0.00816,0.13597,0.00092,0.00204,0.14965,True,
I010,valid,True,72,0.00938,0.107781,0.0009,0.00182,0.12249,True,
I010,valid,True,73,0.00887,0.11975,0.00114,0.00167,0.1336,True,
I010,valid,True,74,0.00983,0.10372,0.0008,0.00167,0.11851,True,
I010,valid,True,75,0.00906,0.10608,0.00103,0.00163,0.12034,True,
I010,valid,True,76,0.00892,0.11084,0.00102,0.00199,0.12541,True,
I010,valid,True,77,0.00991,0.11985,0.00182,0.002,0.13708,True,
I010,valid,True,78,0.0289,0.10994,0.00105,0.00193,0.14482,True,
I010,valid,True,79,0.01011,0.10618,0.00078,0.00163,0.12081,True,
I010,valid,True,80,0.00767,0.09114,0.00071,0.00144,0.102901,True,
I010,valid,True,81,0.007609,0.09036,0.00066,0.00147,0.10199,True,
I010,valid,True,82,0.00724,0.09506,0.00078,0.001471,0.10654,True,
I010,valid,True,83,0.00703,0.094609,0.000731,0.00156,0.106029,True,
I010,valid,True,84,0.0082,0.09031,0.00066,0.0019,0.102961,True,
I010,valid,True,85,0.00754,0.12377,0.000809,0.001829,0.136179,True,
I010,valid,True,86,0.00782,0.09528,0.00076,0.00163,0.107539,True,
I010,valid,True,87,0.00757,0.10216,0.00076,0.00159,0.11423,True,
I010,valid,True,88,0.00785,0.09038,0.00076,0.00162,0.10259,True,
I010,valid,True,89,0.0075,0.09102,0.00064,0.00155,0.1027,True,
I010,valid,True,90,0.00708,0.09347,0.00077,0.00155,0.10485,True,
I010,valid,True,91,0.00871,0.10116,0.00078,0.00162,0.11444,True,
I010,valid,True,92,0.00774,0.09143,0.001,0.00168,0.10379,True,
I010,valid,True,93,0.00742,0.1218,0.00103,0.00241,0.1351,True,
I010,valid,True,94,0.00911,0.10013,0.00098,0.00166,0.1147,True,
I010,valid,True,95,0.01729,0.10197,0.00095,0.00175,0.12449,True,
I010,valid,True,96,0.00894,0.097329,0.000851,0.00184,0.11108,True,
I010,valid,True,97,0.00864,0.10234,0.0009,0.001851,0.116,True,
I010,valid,True,98,0.0088,0.099741,0.000811,0.00174,0.11303,True,
I010,valid,True,99,0.00843,0.10118,0.00087,0.00167,0.11422,True,
I010,valid,True,100,0.00895,0.12372,0.00088,0.00184,0.13775,True,
I011,valid,True,1,0.01057,0.12661,0.00147,0.00216,0.14371,True,
I011,valid,True,2,0.00832,0.12186,0.00134,0.0021,0.1372,True,
I011,valid,True,3,0.00803,0.11716,0.00153,0.00208,0.13175,True,
I011,valid,True,4,0.00934,0.1177,0.00143,0.00188,0.13339,True,
I011,valid,True,5,0.02818,0.10757,0.00094,0.00195,0.14103,True,
I011,valid,True,6,0.00736,0.111939,0.00088,0.001569,0.123879,True,
I011,valid,True,7,0.00684,0.098,0.000949,0.00154,0.109279,True,
I011,valid,True,8,0.00668,0.089699,0.00082,0.001709,0.100681,True,
I011,valid,True,9,0.00686,0.091899,0.00088,0.00154,0.103169,True,
I011,valid,True,10,0.00652,0.093629,0.00079,0.00149,0.104489,True,
I011,valid,True,11,0.00694,0.09527,0.00089,0.00153,0.10643,True,
I011,valid,True,12,0.00705,0.11132,0.00086,0.00192,0.12372,True,
I011,valid,True,13,0.00708,0.10353,0.00089,0.0018,0.11662,True,
I011,valid,True,14,0.00788,0.11541,0.00114,0.00194,0.12935,True,
I011,valid,True,15,0.00934,0.11109,0.00086,0.00161,0.12538,True,
I011,valid,True,16,0.00694,0.10259,0.00087,0.00181,0.11448,True,
I011,valid,True,17,0.00906,0.11419,0.00094,0.00187,0.12869,True,
I011,valid,True,18,0.00785,0.11606,0.000749,0.001869,0.128859,True,
I011,valid,True,19,0.00847,0.191,0.00129,0.00268,0.20658,True,
I011,valid,True,20,0.011769,0.132359,0.001,0.002231,0.15003,True,
I011,valid,True,21,0.0085,0.11603,0.00082,0.00181,0.129899,True,
I011,valid,True,22,0.008131,0.10117,0.00078,0.00197,0.11424,True,
I011,valid,True,23,0.00713,0.10002,0.00089,0.00188,0.11223,True,
I011,valid,True,24,0.00722,0.10242,0.00079,0.00167,0.1144,True,
I011,valid,True,25,0.00658,0.10126,0.0007,0.00164,0.11232,True,
I011,valid,True,26,0.00779,0.10573,0.00084,0.00164,0.11816,True,
I011,valid,True,27,0.00709,0.11442,0.00081,0.00199,0.12655,True,
I011,valid,True,28,0.00774,0.11368,0.00081,0.00177,0.12632,True,
I011,valid,True,29,0.00719,0.09963,0.0007,0.00193,0.1115,True,
I011,valid,True,30,0.00706,0.10056,0.00078,0.00156,0.11196,True,
I011,valid,True,31,0.00731,0.09881,0.00076,0.00173,0.11097,True,
I011,valid,True,32,0.00718,0.09543,0.00076,0.00181,0.11242,True,
I011,valid,True,33,0.00801,0.144339,0.001111,0.00226,0.159119,True,
I011,valid,True,34,0.008729,0.138039,0.000931,0.00222,0.152741,True,
I011,valid,True,35,0.008471,0.116599,0.00088,0.00184,0.13067,True,
I011,valid,True,36,0.008359,0.12932,0.00067,0.00225,0.143519,True,
I011,valid,True,37,0.00799,0.11932,0.00079,0.00187,0.13254,True,
I011,valid,True,38,0.00786,0.11902,0.00069,0.00176,0.13196,True,
I011,valid,True,39,0.0078,0.14076,0.0009,0.00196,0.15434,True,
I011,valid,True,40,0.00883,0.11549,0.00101,0.00194,0.12969,True,
I011,valid,True,41,0.00732,0.10791,0.00088,0.0018,0.12012,True,
I011,valid,True,42,0.00897,0.11626,0.00109,0.00221,0.13133,True,
I011,valid,True,43,0.00909,0.1109,0.00102,0.00192,0.12543,True,
I011,valid,True,44,0.00863,0.12025,0.000911,0.00206,0.13465,True,
I011,valid,True,45,0.00888,0.143721,0.001071,0.002511,0.159419,True,
I011,valid,True,46,0.008891,0.11223,0.00084,0.001869,0.126359,True,
I011,valid,True,47,0.00761,0.105111,0.00088,0.00168,0.11764,True,
I011,valid,True,48,0.00811,0.10116,0.00077,0.0017,0.11372,True,
I011,valid,True,49,0.00715,0.10023,0.00069,0.00161,0.11173,True,
I011,valid,True,50,0.00726,0.09754,0.00068,0.00179,0.10926,True,
I011,valid,True,51,0.00737,0.09924,0.00068,0.00179,0.11116,True,
I011,valid,True,52,0.00693,0.1242,0.00074,0.00207,0.13635,True,
I011,valid,True,53,0.0082,0.11988,0.00088,0.00218,0.13386,True,
I011,valid,True,54,0.01742,0.11445,0.0009,0.00186,0.13742,True,
I011,valid,True,55,0.00841,0.10239,0.00069,0.00172,0.1155,True,
I011,valid,True,56,0.0068,0.08878,0.00063,0.00155,0.09962,True,
I011,valid,True,57,0.00637,0.08716,0.00066,0.00148,0.097499,True,
I011,valid,True,58,0.00659,0.09585,0.000689,0.00164,0.106729,True,
I011,valid,True,59,0.006109,0.091221,0.00074,0.001551,0.101581,True,
I011,valid,True,60,0.006129,0.115859,0.000709,0.00178,0.126681,True,
I011,valid,True,61,0.007031,0.10213,0.00071,0.00182,0.11388,True,
I011,valid,True,62,0.00664,0.09519,0.0007,0.00157,0.10595,True,
I011,valid,True,63,0.00641,0.08875,0.00067,0.0014,0.09936,True,
I011,valid,True,64,0.00591,0.08886,0.00071,0.00163,0.09914,True,
I011,valid,True,65,0.00654,0.0869,0.00062,0.00151,0.09738,True,
I011,valid,True,66,0.007,0.09287,0.0008,0.00154,0.10447,True,
I011,valid,True,67,0.00697,0.09268,0.0007,0.00156,0.10386,True,
I011,valid,True,68,0.00636,0.10811,0.00071,0.00166,0.11894,True,
I011,valid,True,69,0.00715,0.10097,0.00079,0.00156,0.11247,True,
I011,valid,True,70,0.00737,0.10064,0.00125,0.00177,0.11304,True,
I011,valid,True,71,0.00711,0.10017,0.00104,0.00191,0.11231,True,
I011,valid,True,72,0.00666,0.10753,0.00099,0.00201,0.11931,True,
I011,valid,True,73,0.0069,0.09865,0.001009,0.00222,0.11105,True,
I011,valid,True,74,0.00788,0.104279,0.00087,0.001829,0.11691,True,
I011,valid,True,75,0.0066,0.11978,0.00095,0.00195,0.131999,True,
I011,valid,True,76,0.0079,0.103429,0.00086,0.00171,0.11641,True,
I011,valid,True,77,0.08499,0.11133,0.00104,0.00196,0.2022,True,
I011,valid,True,78,0.00758,0.10019,0.00091,0.0016,0.11238,True,
I011,valid,True,79,0.00714,0.09308,0.0009,0.00153,0.10459,True,
I011,valid,True,80,0.00836,0.1047,0.0009,0.00167,0.11857,True,
I011,valid,True,81,0.00673,0.10146,0.00096,0.00163,0.11313,True,
I011,valid,True,82,0.00796,0.13165,0.00089,0.00195,0.14527,True,
I011,valid,True,83,0.00851,0.13307,0.00094,0.002,0.14731,True,
I011,valid,True,84,0.00928,0.12064,0.00097,0.00226,0.13615,True,
I011,valid,True,85,0.008711,0.123421,0.001069,0.002111,0.138361,True,
I011,valid,True,86,0.008649,0.111619,0.00076,0.001911,0.125561,True,
I011,valid,True,87,0.00808,0.10539,0.00086,0.001841,0.118319,True,
I011,valid,True,88,0.00748,0.1327,0.001,0.00196,0.14535,True,
I011,valid,True,89,0.007231,0.09301,0.0009,0.00164,0.104869,True,
I011,valid,True,90,0.00609,0.09689,0.00085,0.00169,0.10748,True,
I011,valid,True,91,0.00579,0.0878,0.00077,0.00161,0.09782,True,
I011,valid,True,92,0.00575,0.08394,0.00069,0.00137,0.09341,True,
I011,valid,True,93,0.00561,0.08246,0.00066,0.00129,0.09185,True,
I011,valid,True,94,0.00547,0.08534,0.00077,0.00155,0.09486,True,
I011,valid,True,95,0.00571,0.08912,0.00073,0.00148,0.0991,True,
I011,valid,True,96,0.006,0.09077,0.00088,0.00149,0.10136,True,
I011,valid,True,97,0.00793,0.12646,0.00082,0.00178,0.13966,True,
I011,valid,True,98,0.00631,0.422619,0.00468,0.007629,0.450479,True,
I011,valid,True,99,0.030329,0.210099,0.0032,0.00384,0.252699,True,
I011,valid,True,100,0.01597,0.15199,0.00164,0.00237,0.17653,True,
I012,valid,True,1,0.01756,0.15674,0.00196,0.00252,0.18239,True,
I012,valid,True,2,0.01084,0.11805,0.00159,0.00286,0.13627,True,
I012,valid,True,3,0.00901,0.12301,0.000931,0.00214,0.13802,True,
I012,valid,True,4,0.00741,0.106889,0.001071,0.002229,0.120009,True,
I012,valid,True,5,0.0088,0.109161,0.00072,0.00192,0.12291,True,
I012,valid,True,6,0.007911,0.104299,0.000791,0.00192,0.117219,True,
I012,valid,True,7,0.00834,0.10891,0.00082,0.001669,0.122079,True,
I012,valid,True,8,0.00711,0.0938,0.0006,0.00164,0.10525,True,
I012,valid,True,9,0.00835,0.1236,0.00116,0.00164,0.13702,True,
I012,valid,True,10,0.00781,0.1366,0.00168,0.00153,0.14962,True,
I012,valid,True,11,0.00747,0.09044,0.00073,0.00154,0.10207,True,
I012,valid,True,12,0.00627,0.0888,0.00076,0.00156,0.09918,True,
I012,valid,True,13,0.00654,0.08483,0.00069,0.00149,0.09544,True,
I012,valid,True,14,0.00626,0.08782,0.00077,0.00156,0.0982,True,
I012,valid,True,15,0.00672,0.09015,0.00078,0.00155,0.10107,True,
I012,valid,True,16,0.00683,0.09066,0.00075,0.00148,0.10153,True,
I012,valid,True,17,0.00694,0.11143,0.00088,0.00155,0.12305,True,
I012,valid,True,18,0.006909,0.101521,0.000769,0.001931,0.11317,True,
I012,valid,True,19,0.00724,0.09866,0.00081,0.0015,0.110209,True,
I012,valid,True,20,0.00678,0.08848,0.00083,0.0016,0.09957,True,
I012,valid,True,21,0.00666,0.083521,0.00064,0.001371,0.0944,True,
I012,valid,True,22,0.00607,0.08618,0.00092,0.00136,0.09637,True,
I012,valid,True,23,0.00664,0.08925,0.00067,0.00133,0.09997,True,
I012,valid,True,24,0.0067,0.08586,0.00057,0.00145,0.09632,True,
I012,valid,True,25,0.00661,0.10715,0.00077,0.00168,0.11862,True,
I012,valid,True,26,0.0076,0.10747,0.00097,0.00153,0.12029,True,
I012,valid,True,27,0.0073,0.09495,0.00077,0.00152,0.10702,True,
I012,valid,True,28,0.00685,0.09311,0.00073,0.00165,0.10457,True,
I012,valid,True,29,0.00712,0.0963,0.00086,0.00178,0.10842,True,
I012,valid,True,30,0.0077,0.10981,0.00085,0.0017,0.12256,True,
I012,valid,True,31,0.00842,0.11751,0.001,0.0019,0.13173,True,
I012,valid,True,32,0.00897,0.103089,0.000869,0.0018,0.11688,True,
I012,valid,True,33,0.02849,0.106669,0.001,0.00178,0.140439,True,
I012,valid,True,34,0.008409,0.0992,0.00088,0.001809,0.11799,True,
I012,valid,True,35,0.00735,0.09882,0.00074,0.00186,0.11107,True,
I012,valid,True,36,0.00712,0.09786,0.00079,0.00169,0.10948,True,
I012,valid,True,37,0.00727,0.09826,0.0009,0.0017,0.11026,True,
I012,valid,True,38,0.00702,0.09737,0.00085,0.00154,0.10896,True,
I012,valid,True,39,0.00727,0.09521,0.00088,0.00172,0.10706,True,
I012,valid,True,40,0.00698,0.11946,0.00077,0.00184,0.13108,True,
I012,valid,True,41,0.00754,0.10554,0.0007,0.00145,0.11732,True,
I012,valid,True,42,0.0062,0.09241,0.00065,0.0014,0.1025,True,
I012,valid,True,43,0.00605,0.08454,0.00074,0.00141,0.09439,True,
I012,valid,True,44,0.00563,0.08001,0.00056,0.00137,0.08931,True,
I012,valid,True,45,0.00539,0.08229,0.00059,0.00139,0.09138,True,
I012,valid,True,46,0.0059,0.083659,0.0006,0.00132,0.09311,True,
I012,valid,True,47,0.005969,0.08215,0.000691,0.001329,0.091999,True,
I012,valid,True,48,0.00596,0.08201,0.0007,0.00141,0.091829,True,
I012,valid,True,49,0.005829,0.107569,0.00114,0.00169,0.118469,True,
I012,valid,True,50,0.00756,0.12748,0.00118,0.00175,0.1402,True,
I012,valid,True,51,0.00668,0.09021,0.0007,0.00134,0.10069,True,
I012,valid,True,52,0.00649,0.09194,0.00084,0.00162,0.10278,True,
I012,valid,True,53,0.00613,0.08967,0.00074,0.00151,0.10002,True,
I012,valid,True,54,0.00675,0.08874,0.00067,0.0014,0.09939,True,
I012,valid,True,55,0.00628,0.08585,0.0006,0.00147,0.09591,True,
I012,valid,True,56,0.00577,0.08501,0.00074,0.00136,0.09483,True,
I012,valid,True,57,0.00642,0.11414,0.00088,0.00195,0.12576,True,
I012,valid,True,58,0.00722,0.118,0.00083,0.00169,0.12991,True,
I012,valid,True,59,0.00727,0.0954,0.00081,0.00158,0.10728,True,
I012,valid,True,60,0.00646,0.10416,0.00066,0.0014,0.11467,True,
I012,valid,True,61,0.00702,0.09924,0.00153,0.00217,0.11264,True,
I012,valid,True,62,0.00939,0.110359,0.000711,0.00174,0.12472,True,
I012,valid,True,63,0.007899,0.12419,0.00094,0.00172,0.137339,True,
I012,valid,True,64,0.00917,0.128049,0.00102,0.00182,0.14249,True,
I012,valid,True,65,0.01832,0.11056,0.00081,0.00157,0.13385,True,
I012,valid,True,66,0.0092,0.11141,0.00112,0.00183,0.12628,True,
I012,valid,True,67,0.00914,0.10862,0.00099,0.00203,0.12373,True,
I012,valid,True,68,0.00887,0.11596,0.00109,0.00184,0.13061,True,
I012,valid,True,69,0.00819,0.09859,0.00082,0.00171,0.11153,True,
I012,valid,True,70,0.00709,0.10617,0.00076,0.00182,0.11839,True,
I012,valid,True,71,0.0081,0.09877,0.00093,0.00192,0.11205,True,
I012,valid,True,72,0.00695,0.09975,0.00096,0.00189,0.11193,True,
I012,valid,True,73,0.00819,0.10395,0.00092,0.001569,0.117159,True,
I012,valid,True,74,0.007131,0.096669,0.0008,0.00148,0.108139,True,
I012,valid,True,75,0.00652,0.110221,0.000871,0.001549,0.121399,True,
I012,valid,True,76,0.00846,0.104639,0.00096,0.001909,0.118541,True,
I012,valid,True,77,0.00914,0.111589,0.001,0.00181,0.12643,True,
I012,valid,True,78,0.008089,0.14113,0.01106,0.00218,0.16568,True,
I012,valid,True,79,0.01022,0.11513,0.00133,0.00185,0.13131,True,
I012,valid,True,80,0.00857,0.11565,0.00095,0.0022,0.13017,True,
I012,valid,True,81,0.00826,0.09767,0.00073,0.00169,0.1105,True,
I012,valid,True,82,0.0072,0.1008,0.00075,0.00171,0.11272,True,
I012,valid,True,83,0.00797,0.10449,0.00082,0.00167,0.11704,True,
I012,valid,True,84,0.00777,0.09994,0.00084,0.00153,0.11207,True,
I012,valid,True,85,0.00851,0.09718,0.0009,0.00156,0.11031,True,
I012,valid,True,86,0.00733,0.09662,0.00062,0.00152,0.10809,True,
I012,valid,True,87,0.00621,0.088709,0.0007,0.00146,0.09885,True,
I012,valid,True,88,0.00682,0.08875,0.00074,0.00138,0.09963,True,
I012,valid,True,89,0.00634,0.087599,0.000729,0.001369,0.097881,True,
I012,valid,True,90,0.006189,0.09004,0.00068,0.00144,0.10026,True,
I012,valid,True,91,0.00672,0.08684,0.00084,0.00136,0.09767,True,
I012,valid,True,92,0.00698,0.08561,0.00067,0.00142,0.09639,True,
I012,valid,True,93,0.00661,0.10625,0.00077,0.00151,0.11714,True,
I012,valid,True,94,0.00692,0.10043,0.00095,0.00152,0.11244,True,
I012,valid,True,95,0.00718,0.09063,0.00075,0.00156,0.10214,True,
I012,valid,True,96,0.00707,0.09473,0.00082,0.00242,0.10689,True,
I012,valid,True,97,0.00752,0.09522,0.00066,0.0018,0.10717,True,
I012,valid,True,98,0.0059,0.09312,0.00074,0.0015,0.10304,True,
I012,valid,True,99,0.0066,0.08748,0.00058,0.00129,0.09774,True,
I012,valid,True,100,0.00718,0.08637,0.00053,0.00129,0.09724,True,
I013,valid,True,1,0.01122,0.12914,0.001069,0.00204,0.14644,True,
I013,valid,True,2,0.00906,0.10408,0.000889,0.001669,0.117879,True,
I013,valid,True,3,0.00819,0.09969,0.000889,0.001671,0.112701,True,
I013,valid,True,4,0.00887,0.10241,0.00067,0.0016,0.11581,True,
I013,valid,True,5,0.00811,0.10584,0.0014,0.00183,0.12022,True,
I013,valid,True,6,0.0096,0.12907,0.00131,0.00196,0.14466,True,
I013,valid,True,7,0.00985,0.11531,0.00102,0.00175,0.13156,True,
I013,valid,True,8,0.00929,0.1033,0.00078,0.00195,0.11769,True,
I013,valid,True,9,0.00915,0.09696,0.00094,0.00166,0.11108,True,
I013,valid,True,10,0.00821,0.10368,0.00083,0.00175,0.11711,True,
I013,valid,True,11,0.0093,0.10779,0.00109,0.00181,0.12278,True,
I013,valid,True,12,0.00982,0.130529,0.0018,0.001989,0.14734,True,
I013,valid,True,13,0.012231,0.115109,0.000729,0.00174,0.13279,True,
I013,valid,True,14,0.007491,0.08811,0.000529,0.00146,0.09953,True,
I013,valid,True,15,0.00732,0.08632,0.00068,0.00145,0.097649,True,
I013,valid,True,16,0.007229,0.0866,0.00066,0.00136,0.09759,True,
I013,valid,True,17,0.00782,0.09187,0.00084,0.00174,0.104511,True,
I013,valid,True,18,0.00758,0.08343,0.00066,0.00146,0.09483,True,
I013,valid,True,19,0.00695,0.079999,0.00061,0.00145,0.09078,True,
I013,valid,True,20,0.00649,0.08184,0.00064,0.00137,0.09224,True,
I013,valid,True,21,0.00747,6.317177,0.00378,0.00566,6.341457,True,
I013,valid,True,22,0.02835,0.18519,0.00256,0.00272,0.225159,True,
I013,valid,True,23,0.017131,0.15539,0.002289,0.003349,0.182629,True,
I013,valid,True,24,0.013669,8.356275,0.00379,0.00637,8.388395,True,
I013,valid,True,25,0.03069,0.21702,0.0025,0.004,0.26081,True,
I013,valid,True,26,0.01868,0.16938,0.00161,0.00307,0.19749,True,
I013,valid,True,27,0.01554,0.177161,0.00162,0.002851,0.20103,True,
I013,valid,True,28,0.015651,0.147101,0.00144,0.002809,0.170661,True,
I013,valid,True,29,0.01214,0.124139,0.001029,0.00248,0.142819,True,
I013,valid,True,30,0.01124,0.13614,0.00123,0.00242,0.15435,True,
I013,valid,True,31,0.01178,0.13487,0.00118,0.0021,0.15304,True,
I013,valid,True,32,0.01157,7.606096,0.00427,0.00747,7.636366,True,
I013,valid,True,33,0.03232,0.21466,0.00262,0.00372,0.25955,True,
I013,valid,True,34,0.01797,0.16557,0.00145,0.00265,0.19178,True,
I013,valid,True,35,0.01153,0.12235,0.00155,0.00191,0.14035,True,
I013,valid,True,36,0.010229,0.107661,0.0011,0.002,0.141361,True,
I013,valid,True,37,0.009829,0.12355,0.001291,0.00204,0.139781,True,
I013,valid,True,38,0.011,0.125361,0.00148,0.00211,0.14271,True,
I013,valid,True,39,0.01196,0.13703,0.00096,0.00208,0.15524,True,
I013,valid,True,40,0.031219,0.221919,0.0028,0.003909,0.267329,True,
I013,valid,True,41,0.01244,0.13003,0.00141,0.00285,0.15043,True,
I013,valid,True,42,0.01129,0.11375,0.00115,0.00206,0.13098,True,
I013,valid,True,43,0.00979,0.10889,0.00121,0.00192,0.12418,True,
I013,valid,True,44,0.00995,0.10408,0.00088,0.00184,0.11902,True,
I013,valid,True,45,0.00911,0.12275,0.00106,0.00187,0.13702,True,
I013,valid,True,46,0.01738,0.12331,0.00104,0.00176,0.14604,True,
I013,valid,True,47,0.01023,0.10843,0.00119,0.00186,0.12393,True,
I013,valid,True,48,0.0092,0.1021,0.00115,0.00189,0.11638,True,
I013,valid,True,49,0.00942,0.11196,0.00114,0.00193,0.12713,True,
I013,valid,True,50,0.00923,0.10782,0.00091,0.00171,0.12218,True,
I013,valid,True,51,0.00897,0.10616,0.00084,0.001809,0.120099,True,
I013,valid,True,52,0.04571,0.266899,0.00353,0.00401,0.3308,True,
I013,valid,True,53,0.0147,0.14272,0.00105,0.00265,0.1646,True,
I013,valid,True,54,0.01141,0.12361,0.00094,0.00226,0.1408,True,
I013,valid,True,55,0.00946,0.11424,0.00089,0.00218,0.12931,True,
I013,valid,True,56,0.024,0.10956,0.00146,0.00192,0.13939,True,
I013,valid,True,57,0.0098,0.11345,0.00128,0.00189,0.12904,True,
I013,valid,True,58,0.01023,0.10747,0.000789,0.00202,0.12325,True,
I013,valid,True,59,0.011439,0.127239,0.0008,0.00178,0.143769,True,
I013,valid,True,60,0.009251,0.11569,0.00093,0.00181,0.130169,True,
I013,valid,True,61,9.399065,0.4268,0.00557,0.00735,9.854815,True,
I013,valid,True,62,0.02864,0.22655,0.00274,0.00451,0.26842,True,
I013,valid,True,63,0.02303,0.17584,0.00232,0.00355,0.21039,True,
I013,valid,True,64,0.01752,0.14837,0.00186,0.00392,0.17557,True,
I013,valid,True,65,0.01468,0.12832,0.002009,0.00242,0.151179,True,
I013,valid,True,66,0.013339,0.110551,0.000971,0.002049,0.12911,True,
I013,valid,True,67,0.008971,0.099089,0.000929,0.001751,0.113251,True,
I013,valid,True,68,0.04463,0.32107,0.00399,0.00537,0.38564,True,
I013,valid,True,69,0.02655,0.17989,0.0021,0.00316,0.21611,True,
I013,valid,True,70,0.01273,0.13925,0.00123,0.00186,0.15867,True,
I013,valid,True,71,0.01202,0.12472,0.0011,0.00254,0.14346,True,
I013,valid,True,72,0.01045,0.13401,0.00112,0.00208,0.15055,True,
I013,valid,True,73,0.0116,0.139181,0.00116,0.0021,0.15743,True,
I013,valid,True,74,0.011471,0.137041,0.0011,0.00198,0.154781,True,
I013,valid,True,75,0.0117,0.137459,0.0011,0.00222,0.15563,True,
I013,valid,True,76,0.01265,14.463913,0.00358,0.00548,14.493102,True,
I013,valid,True,77,0.030631,0.190681,0.00204,0.00356,0.231919,True,
I013,valid,True,78,0.01234,0.12065,0.00126,0.00217,0.13936,True,
I013,valid,True,79,0.01113,0.1373,0.00125,0.00221,0.15511,True,
I013,valid,True,80,0.01251,0.14567,0.00118,0.00256,0.16535,True,
I013,valid,True,81,0.01111,0.12096,0.00091,0.00215,0.13833,True,
I013,valid,True,82,0.0099,0.13503,0.00099,0.00255,0.1514,True,
I013,valid,True,83,0.00983,0.12058,0.00116,0.00196,0.13643,True,
I013,valid,True,84,0.00874,0.11153,0.00087,0.00194,0.12559,True,
I013,valid,True,85,0.01139,7.378556,0.00362,0.00551,7.406336,True,
I013,valid,True,86,0.02485,0.17435,0.00184,0.00273,0.20938,True,
I013,valid,True,87,0.01208,0.125241,0.00144,0.002191,0.144079,True,
I013,valid,True,88,0.009429,0.103881,0.000711,0.00176,0.11877,True,
I013,valid,True,89,0.011009,0.11107,0.000871,0.002,0.127661,True,
I013,valid,True,90,0.0089,0.103361,0.000809,0.001969,0.117441,True,
I013,valid,True,91,0.00959,0.10547,0.00078,0.00181,0.11998,True,
I013,valid,True,92,0.00874,0.10105,0.00086,0.00193,0.11487,True,
I013,valid,True,93,0.00846,0.10326,0.00077,0.00174,0.11635,True,
I013,valid,True,94,0.00846,0.10601,0.00081,0.00174,0.11921,True,
I013,valid,True,95,0.00889,0.10291,0.00085,0.00175,0.11648,True,
I013,valid,True,96,0.00828,5.378547,0.00422,0.00518,5.403167,True,
I013,valid,True,97,0.02961,0.16363,0.00239,0.00393,0.20608,True,
I013,valid,True,98,0.0134,0.12296,0.00099,0.0023,0.14348,True,
I013,valid,True,99,0.01149,0.129,0.00151,0.00178,0.14635,True,
I013,valid,True,100,0.00974,0.192239,0.001309,0.002,0.20848,True,
I014,valid,True,1,0.01326,0.146979,0.001851,0.002399,0.16815,True,
I014,valid,True,2,0.00865,0.11257,0.00119,0.00192,0.12721,True,
I014,valid,True,3,0.00956,4.331768,0.00413,0.00591,4.357978,True,
I014,valid,True,4,0.02634,0.17414,0.00328,0.00365,0.21167,True,
I014,valid,True,5,0.01291,0.12427,0.00261,0.002299,0.145639,True,
I014,valid,True,6,0.00844,0.10973,0.0009,0.00204,0.123729,True,
I014,valid,True,7,0.008869,0.14723,0.0012,0.001871,0.161599,True,
I014,valid,True,8,0.008651,0.109949,0.0007,0.001529,0.123839,True,
I014,valid,True,9,0.0071,0.09249,0.00078,0.001591,0.104061,True,
I014,valid,True,10,0.00625,0.10234,0.0006,0.00162,0.11286,True,
I014,valid,True,11,0.00629,0.09184,0.00057,0.00159,0.10251,True,
I014,valid,True,12,0.00646,0.09303,0.0006,0.00154,0.10367,True,
I014,valid,True,13,0.00691,0.09385,0.00085,0.0015,0.10517,True,
I014,valid,True,14,0.00657,4.150288,0.00514,0.00715,4.176238,True,
I014,valid,True,15,0.03635,0.2404,0.00293,0.00358,0.28861,True,
I014,valid,True,16,0.015211,0.167741,0.001289,0.002711,0.190901,True,
I014,valid,True,17,0.0125,0.13254,0.00123,0.00244,0.15192,True,
I014,valid,True,18,0.01039,0.15543,0.00129,0.00244,0.1727,True,
I014,valid,True,19,0.00971,0.21616,0.00139,0.00228,0.23201,True,
I014,valid,True,20,0.0462,0.10259,0.00103,0.0017,0.15448,True,
I014,valid,True,21,0.00775,0.10425,0.00095,0.00173,0.11673,True,
I014,valid,True,22,0.0078,0.09574,0.00068,0.00162,0.10789,True,
I014,valid,True,23,0.00735,0.09014,0.0007,0.00149,0.10155,True,
I014,valid,True,24,0.00709,0.09167,0.00064,0.00161,4.129497,True,
I014,valid,True,25,0.02421,0.211539,0.002349,0.00308,0.24592,True,
I014,valid,True,26,0.01143,0.11882,0.00106,0.00262,0.13669,True,
I014,valid,True,27,0.00869,0.11803,0.00119,0.0021,0.1323,True,
I014,valid,True,28,0.00896,0.10834,0.00106,0.002,0.12298,True,
I014,valid,True,29,0.00676,0.10169,0.0011,0.00167,0.11329,True,
I014,valid,True,30,0.00769,0.12787,0.00121,0.00241,0.14217,True,
I014,valid,True,31,0.00883,0.13438,0.00138,0.00241,0.15023,True,
I014,valid,True,32,0.01077,0.12098,0.00108,0.00175,0.13748,True,
I014,valid,True,33,0.00907,0.1089,0.00096,0.00183,0.12336,True,
I014,valid,True,34,0.0076,0.11877,0.00089,0.00169,0.13289,True,
I014,valid,True,35,0.00802,0.11824,0.00115,0.00201,0.13223,True,
I014,valid,True,36,0.01019,4.274407,0.00251,0.00519,4.298207,True,
I014,valid,True,37,0.02085,0.14714,0.0015,0.00237,0.17628,True,
I014,valid,True,38,0.0082,0.10459,0.00086,0.00195,0.12388,True,
I014,valid,True,39,0.00698,0.10044,0.00093,0.00165,0.11242,True,
I014,valid,True,40,0.00779,0.1082,0.00092,0.00176,0.12119,True,
I014,valid,True,41,0.0078,0.12134,0.0009,0.00172,0.13404,True,
I014,valid,True,42,0.0068,0.09776,0.00086,0.00154,0.10953,True,
I014,valid,True,43,0.00733,0.09377,0.00071,0.00132,0.10509,True,
I014,valid,True,44,0.00659,0.09887,0.0008,0.00158,0.11039,True,
I014,valid,True,45,0.00852,0.097541,0.00081,0.00146,0.110621,True,
I014,valid,True,46,0.006949,0.107501,0.00141,0.00178,0.12075,True,
I014,valid,True,47,0.00992,0.108919,0.000869,0.001571,0.123841,True,
I014,valid,True,48,0.00832,0.10401,0.00076,0.00169,0.117859,True,
I014,valid,True,49,0.0293,0.24979,0.00294,0.0039,0.29427,True,
I014,valid,True,50,0.01337,0.12251,0.00153,0.00183,0.14292,True,
I014,valid,True,51,0.00879,0.10045,0.00119,0.00197,0.11477,True,
I014,valid,True,52,0.00739,0.0944,0.00084,0.00167,0.10628,True,
I014,valid,True,53,0.00677,0.09143,0.00069,0.00173,0.10257,True,
I014,valid,True,54,0.00704,0.119879,0.00082,0.00228,0.1323,True,
I014,valid,True,55,0.00754,0.112139,0.000791,0.00164,0.12493,True,
I014,valid,True,56,0.007071,0.097539,0.000769,0.001709,0.10931,True,
I014,valid,True,57,0.007349,0.10127,0.000689,0.001571,0.11303,True,
I014,valid,True,58,0.006669,0.0969,0.00062,0.00138,0.10774,True,
I014,valid,True,59,0.00686,0.09796,0.00066,0.00149,0.108939,True,
I014,valid,True,60,0.00637,0.09974,0.00065,0.00147,0.11012,True,
I014,valid,True,61,0.0071,4.235488,0.00337,0.00517,4.256918,True,
I014,valid,True,62,0.02321,0.20848,0.00224,0.00345,0.2435,True,
I014,valid,True,63,0.01354,0.147059,0.001751,0.003169,0.169609,True,
I014,valid,True,64,0.010891,0.163241,0.001569,0.002149,0.181941,True,
I014,valid,True,65,0.00996,0.136789,0.00086,0.00192,0.152589,True,
I014,valid,True,66,0.007789,0.10823,0.00075,0.00181,0.12101,True,
I014,valid,True,67,0.00742,0.09526,0.00072,0.00174,0.10708,True,
I014,valid,True,68,0.00648,0.09004,0.0006,0.00142,0.10052,True,
I014,valid,True,69,0.00674,0.09079,0.00059,0.0016,0.1015,True,
I014,valid,True,70,0.00639,0.08895,0.00083,0.00167,0.09962,True,
I014,valid,True,71,0.0067,0.09115,0.00064,0.0015,0.10188,True,
I014,valid,True,72,0.00627,0.09039,0.00064,0.00133,0.10038,True,
I014,valid,True,73,0.00643,4.342038,0.004449,0.00642,4.366128,True,
I014,valid,True,74,0.02994,0.209739,0.002671,0.003869,0.251669,True,
I014,valid,True,75,0.01426,0.12784,0.00111,0.00215,0.14877,True,
I014,valid,True,76,0.01042,0.13919,0.0016,0.0022,0.15655,True,
I014,valid,True,77,0.01038,0.12861,0.00116,0.00206,0.14506,True,
I014,valid,True,78,0.00801,0.10737,0.00105,0.00166,0.12072,True,
I014,valid,True,79,0.00807,0.11704,0.00079,0.00185,0.13034,True,
I014,valid,True,80,0.00921,0.11341,0.00108,0.00207,0.12854,True,
I014,valid,True,81,0.00717,0.11429,0.00125,0.00216,0.12745,True,
I014,valid,True,82,0.00918,0.12202,0.000829,0.002049,0.136839,True,
I014,valid,True,83,4.045638,0.250659,0.002711,0.004029,4.312667,True,
I014,valid,True,84,0.017991,0.133639,0.00171,0.00235,0.16006,True,
I014,valid,True,85,0.008929,0.12096,0.00106,0.00206,0.13574,True,
I014,valid,True,86,0.03196,0.11373,0.00077,0.0019,0.15127,True,
I014,valid,True,87,0.00831,0.23019,0.0013,0.0034,0.24632,True,
I014,valid,True,88,0.01187,0.13276,0.00103,0.00182,0.15023,True,
I014,valid,True,89,0.00792,0.10613,0.00086,0.00202,0.11908,True,
I014,valid,True,90,0.00841,0.11017,0.00091,0.00162,0.12353,True,
I014,valid,True,91,0.00943,0.10723,0.000809,0.001891,0.121999,True,
I014,valid,True,92,0.008651,0.100541,0.000909,0.00172,0.114201,True,
I014,valid,True,93,0.0074,4.243958,0.00263,0.00425,4.262798,True,
I014,valid,True,94,0.01773,0.1439,0.00142,0.00266,0.16989,True,
I014,valid,True,95,0.01008,0.10675,0.00117,0.00183,0.12216,True,
I014,valid,True,96,0.00781,0.09597,0.00063,0.00179,0.10818,True,
I014,valid,True,97,0.00795,0.09525,0.00107,0.0015,0.10807,True,
I014,valid,True,98,0.00659,0.09171,0.00071,0.00165,0.10274,True,
I014,valid,True,99,0.00645,0.11046,0.00076,0.00176,0.12148,True,
I014,valid,True,100,0.00687,0.107,0.00074,0.00157,0.1185,True,
I015,valid,True,1,0.01052,0.12591,0.0014,0.00232,0.14299,True,
I015,valid,True,2,0.009051,0.103609,0.00087,0.00161,0.11761,True,
I015,valid,True,3,0.007369,0.09414,0.00062,0.00161,0.105829,True,
I015,valid,True,4,0.00664,3.306988,0.001591,0.00335,3.322429,True,
I015,valid,True,5,0.013631,0.143101,0.00124,0.00324,0.16529,True,
I015,valid,True,6,0.010671,0.12095,0.001131,0.00196,0.13767,True,
I015,valid,True,7,0.01135,0.13526,0.00088,0.00209,0.15349,True,
I015,valid,True,8,0.00967,0.12226,0.00088,0.00179,0.13751,True,
I015,valid,True,9,0.02551,0.12619,0.00094,0.00193,0.15737,True,
I015,valid,True,10,0.00862,0.11434,0.00164,0.00296,0.13147,True,
I015,valid,True,11,0.00872,0.11464,0.00093,0.00256,0.13,True,
I015,valid,True,12,0.0104,0.11348,0.00091,0.00196,0.12929,True,
I015,valid,True,13,0.01027,0.12511,0.00103,0.00236,0.14196,True,
I015,valid,True,14,0.00992,0.128,0.00107,0.00223,0.1442,True,
I015,valid,True,15,0.009649,3.257569,0.00145,0.0031,3.275849,True,
I015,valid,True,16,0.01315,0.11613,0.00115,0.00208,0.13491,True,
I015,valid,True,17,0.00906,0.09943,0.00096,0.00197,0.11386,True,
I015,valid,True,18,0.00744,0.09343,0.00089,0.00178,0.10594,True,
I015,valid,True,19,0.00697,0.09213,0.000669,0.001589,0.103199,True,
I015,valid,True,20,0.00636,0.08851,0.000731,0.00148,0.099141,True,
I015,valid,True,21,0.006369,0.11223,0.001171,0.002171,0.124121,True,
I015,valid,True,22,0.00858,0.106929,0.00085,0.00176,0.120429,True,
I015,valid,True,23,0.00644,0.09815,0.00093,0.00151,0.109219,True,
I015,valid,True,24,0.00806,0.09636,0.00077,0.0014,0.10851,True,
I015,valid,True,25,0.00727,0.09438,0.00087,0.00155,0.10604,True,
I015,valid,True,26,0.00697,0.09864,0.00088,0.00173,0.11026,True,
I015,valid,True,27,0.00771,0.09948,0.00092,0.00167,0.11189,True,
I015,valid,True,28,0.0073,0.09794,0.00076,0.00159,0.1097,True,
I015,valid,True,29,0.02646,0.218459,0.002991,0.0038,0.25943,True,
I015,valid,True,30,0.01109,0.11682,0.001289,0.002011,0.134689,True,
I015,valid,True,31,0.008719,0.100391,0.000811,0.00166,0.11404,True,
I015,valid,True,32,0.00781,0.100781,0.0007,0.00166,0.11301,True,
I015,valid,True,33,0.00856,0.09581,0.000629,0.001591,0.108631,True,
I015,valid,True,34,0.00676,0.09186,0.01538,0.0019,0.11814,True,
I015,valid,True,35,0.00815,0.10299,0.00072,0.00167,0.12286,True,
I015,valid,True,36,0.00776,0.09452,0.00076,0.00167,0.10663,True,
I015,valid,True,37,0.00779,0.0934,0.00078,0.00174,0.10571,True,
I015,valid,True,38,0.00663,0.09976,0.00106,0.00144,0.11133,True,
I015,valid,True,39,0.00727,0.09734,0.00075,0.00148,0.10896,True,
I015,valid,True,40,0.00777,0.09432,0.00074,0.00152,0.11706,True,
I015,valid,True,41,0.00722,0.09558,0.00074,0.001571,0.10739,True,
I015,valid,True,42,0.00746,4.278137,0.00298,0.00506,4.299548,True,
I015,valid,True,43,0.020609,0.18749,0.00182,0.00386,0.219599,True,
I015,valid,True,44,0.01368,0.15195,0.00181,0.00305,0.17434,True,
I015,valid,True,45,0.01091,0.1375,0.00151,0.00256,0.15609,True,
I015,valid,True,46,0.01109,0.13478,0.00101,0.00223,0.1522,True,
I015,valid,True,47,0.01865,0.10629,0.00104,0.002,0.13043,True,
I015,valid,True,48,0.00785,0.09679,0.00063,0.00182,0.10899,True,
I015,valid,True,49,0.00764,0.09431,0.0007,0.0017,0.10627,True,
I015,valid,True,50,0.00736,0.09367,0.00064,0.00165,0.10523,True,
I015,valid,True,51,0.00783,0.09369,0.0006,0.00147,0.10552,True,
I015,valid,True,52,0.00691,0.09094,0.00062,0.001409,0.10178,True,
I015,valid,True,53,0.00738,4.136148,0.00283,0.00439,4.155448,True,
I015,valid,True,54,0.017851,0.18547,0.00159,0.00306,0.21224,True,
I015,valid,True,55,0.01154,0.1149,0.00114,0.00182,0.13254,True,
I015,valid,True,56,0.00854,0.1081,0.00099,0.00182,0.12171,True,
I015,valid,True,57,0.00872,0.10594,0.00083,0.00183,0.11975,True,
I015,valid,True,58,0.00738,0.09936,0.00095,0.00179,0.11166,True,
I015,valid,True,59,0.00763,0.12113,0.00086,0.00174,0.13457,True,
I015,valid,True,60,0.00856,0.12713,0.00111,0.00231,0.14162,True,
I015,valid,True,61,0.00887,0.109409,0.00092,0.0016,0.123749,True,
I015,valid,True,62,0.01046,0.1214,0.000991,0.001969,0.137589,True,
I015,valid,True,63,0.00888,0.10823,0.00094,0.002071,0.12297,True,
I015,valid,True,64,0.0087,0.12848,0.0009,0.00186,0.14294,True,
I015,valid,True,65,0.00868,0.11811,0.00074,0.00196,0.13199,True,
I015,valid,True,66,0.02562,0.21881,0.00202,0.00315,0.25589,True,
I015,valid,True,67,0.01056,0.11625,0.00093,0.00205,0.13255,True,
I015,valid,True,68,0.00802,0.10682,0.0008,0.00185,0.11956,True,
I015,valid,True,69,0.00813,0.09618,0.00085,0.00165,0.10889,True,
I015,valid,True,70,0.00748,0.09164,0.00068,0.00175,0.10373,True,
I015,valid,True,71,0.00682,0.089819,0.01564,0.00194,0.11633,True,
I015,valid,True,72,0.00751,0.10369,0.0008,0.00954,0.12432,True,
I015,valid,True,73,0.007909,0.10175,0.00076,0.00166,0.114099,True,
I015,valid,True,74,0.006711,0.098201,0.00074,0.00156,0.10921,True,
I015,valid,True,75,0.006829,0.094679,0.00078,0.00158,0.10596,True,
I015,valid,True,76,0.00717,0.10101,0.00079,0.00191,0.112809,True,
I015,valid,True,77,0.00769,0.10103,0.0008,0.00155,0.11325,True,
I015,valid,True,78,0.00749,0.10431,0.00082,0.00213,0.11694,True,
I015,valid,True,79,0.00706,4.230528,0.00172,0.00374,4.246798,True,
I015,valid,True,80,0.0177,0.1442,0.00145,0.00241,0.1695,True,
I015,valid,True,81,0.00968,0.11011,0.00094,0.00206,0.12529,True,
I015,valid,True,82,0.0089,0.10063,0.0009,0.00178,0.11461,True,
I015,valid,True,83,0.008149,0.09485,0.000709,0.00158,0.107479,True,
I015,valid,True,84,0.006911,0.096319,0.00076,0.00173,0.10767,True,
I015,valid,True,85,0.00757,0.11375,0.00076,0.00187,0.12648,True,
I015,valid,True,86,0.00933,0.12493,0.00092,0.00203,0.13991,True,
I015,valid,True,87,0.00822,0.11106,0.00103,0.00206,0.125,True,
I015,valid,True,88,0.00924,0.10382,0.00095,0.00196,0.11842,True,
I015,valid,True,89,0.0073,0.10034,0.00092,0.00164,0.11281,True,
I015,valid,True,90,0.0073,0.09724,0.00072,0.00172,0.10928,True,
I015,valid,True,91,0.00724,0.10006,0.00081,0.00161,0.11199,True,
I015,valid,True,92,4.050818,0.224571,0.00233,0.00364,4.289528,True,
I015,valid,True,93,0.01588,0.157179,0.00134,0.002351,0.18035,True,
I015,valid,True,94,0.01122,2.523308,0.00196,0.00334,2.544139,True,
I015,valid,True,95,0.01484,0.16151,0.00183,0.00258,0.18458,True,
I015,valid,True,96,0.0103,0.11548,0.00088,0.00225,0.1314,True,
I015,valid,True,97,0.0092,0.11046,0.00102,0.00177,0.1252,True,
I015,valid,True,98,0.00854,0.10714,0.00089,0.00181,0.12073,True,
I015,valid,True,99,0.00832,0.1003,0.00083,0.0019,0.11367,True,
I015,valid,True,100,0.00828,2.223458,0.00185,0.00318,2.240468,True,
I016,valid,True,1,0.01449,0.15068,0.00139,0.00255,0.1724,True,
I016,valid,True,2,0.01027,0.10769,0.0009,0.00178,0.12305,True,
I016,valid,True,3,0.00851,0.10006,0.00078,0.00184,0.1133,True,
I016,valid,True,4,0.00875,0.16569,0.00103,0.00222,0.18065,True,
I016,valid,True,5,0.01147,0.12696,0.00081,0.00209,0.14458,True,
I016,valid,True,6,0.0087,0.10455,0.00081,0.00206,0.11866,True,
I016,valid,True,7,0.00998,0.114,0.00096,0.00184,0.12932,True,
I016,valid,True,8,0.01278,0.11387,0.001069,0.00184,0.13227,True,
I016,valid,True,9,0.008951,0.111579,0.00088,0.001611,0.12533,True,
I016,valid,True,10,0.00916,4.264447,0.00291,0.00352,4.286087,True,
I016,valid,True,11,0.02021,0.16521,0.00216,0.0031,0.19595,True,
I016,valid,True,12,0.01368,0.13529,0.00165,0.0027,0.15726,True,
I016,valid,True,13,0.01187,0.1217,0.00177,0.00203,0.13997,True,
I016,valid,True,14,0.01047,0.13475,0.00169,0.00292,0.15243,True,
I016,valid,True,15,0.00987,0.11755,0.00082,0.00202,0.13287,True,
I016,valid,True,16,0.00894,0.09744,0.000731,0.00186,0.11127,True,
I016,valid,True,17,0.00877,0.098609,0.00076,0.001751,0.112039,True,
I016,valid,True,18,0.007929,0.09587,0.000671,0.001669,0.108501,True,
I016,valid,True,19,0.00814,0.09927,0.000711,0.00174,0.111941,True,
I016,valid,True,20,0.008229,0.09496,0.00073,0.00169,0.107889,True,
I016,valid,True,21,0.0084,0.09618,0.00066,0.00164,0.10914,True,
I016,valid,True,22,4.035618,0.21118,0.00166,0.00329,4.259688,True,
I016,valid,True,23,0.01497,0.12194,0.00124,0.00234,0.14437,True,
I016,valid,True,24,0.01053,0.12844,0.00102,0.00217,0.14497,True,
I016,valid,True,25,0.01089,0.12902,0.00126,0.002009,0.14605,True,
I016,valid,True,26,0.01007,0.115339,0.00086,0.002051,0.1312,True,
I016,valid,True,27,0.01017,0.139969,0.0009,0.002031,0.15588,True,
I016,valid,True,28,0.019169,0.119569,0.00115,0.00217,0.145229,True,
I016,valid,True,29,0.00939,0.116,0.00091,0.0018,0.13105,True,
I016,valid,True,30,0.01227,0.11562,0.001,0.00189,0.13378,True,
I016,valid,True,31,0.0104,0.14062,0.00126,0.00191,0.15717,True,
I016,valid,True,32,0.01,0.11697,0.00093,0.00202,0.13256,True,
I016,valid,True,33,0.01192,2.846189,0.00218,0.00304,2.867098,True,
I016,valid,True,34,0.015631,0.180459,0.00125,0.00266,0.203559,True,
I016,valid,True,35,0.0134,0.15005,0.00104,0.00259,0.17052,True,
I016,valid,True,36,0.01154,0.11688,0.00108,0.00228,0.13513,True,
I016,valid,True,37,0.01185,0.13522,0.00085,0.00203,0.15296,True,
I016,valid,True,38,0.0102,0.12594,0.00098,0.00195,0.14213,True,
I016,valid,True,39,0.01011,0.11675,0.00099,0.00201,0.13278,True,
I016,valid,True,40,0.00902,0.12805,0.00094,0.00189,0.14261,True,
I016,valid,True,41,0.00894,0.12527,0.001,0.00193,0.14004,True,
I016,valid,True,42,0.00913,0.10806,0.00095,0.00172,0.12878,True,
I016,valid,True,43,0.0085,0.106399,0.000951,0.001691,0.119749,True,
I016,valid,True,44,0.00917,0.11624,0.0009,0.001751,0.130779,True,
I016,valid,True,45,0.0098,0.111241,0.000869,0.001929,0.12661,True,
I016,valid,True,46,0.00972,2.144099,0.0022,0.00391,2.164079,True,
I016,valid,True,47,0.01551,0.21651,0.00105,0.00249,0.2386,True,
I016,valid,True,48,0.01193,0.1134,0.00087,0.00192,0.13074,True,
I016,valid,True,49,0.00999,0.10907,0.00075,0.00186,0.12385,True,
I016,valid,True,50,0.00958,0.10653,0.0007,0.0017,0.12065,True,
I016,valid,True,51,0.00912,0.09864,0.00074,0.00215,0.11276,True,
I016,valid,True,52,0.00923,0.12047,0.00085,0.00169,0.13438,True,
I016,valid,True,53,0.00963,0.12041,0.00097,0.00177,0.13564,True,
I016,valid,True,54,0.0095,0.111409,0.00082,0.001689,0.126119,True,
I016,valid,True,55,0.00986,0.113551,0.00086,0.001929,0.12907,True,
I016,valid,True,56,0.00974,0.11874,0.00095,0.00174,0.13427,True,
I016,valid,True,57,0.01072,0.13483,0.00099,0.00194,0.15119,True,
I016,valid,True,58,0.0108,2.182449,0.00152,0.0026,2.201409,True,
I016,valid,True,59,0.01337,0.15385,0.00126,0.00258,0.1745,True,
I016,valid,True,60,0.01189,0.13503,0.00118,0.00222,0.15352,True,
I016,valid,True,61,0.01096,0.12471,0.00103,0.00199,0.14197,True,
I016,valid,True,62,0.01117,0.124,0.00097,0.00213,0.14131,True,
I016,valid,True,63,0.011489,0.128719,0.001089,0.002251,0.14669,True,
I016,valid,True,64,0.011631,0.130259,0.00104,0.001929,0.147461,True,
I016,valid,True,65,0.00874,0.110979,0.000871,0.00188,0.12463,True,
I016,valid,True,66,0.00896,0.094691,0.0007,0.001451,0.107641,True,
I016,valid,True,67,0.00822,0.09531,0.00078,0.00148,0.107641,True,
I016,valid,True,68,0.01205,0.11195,0.0009,0.00165,0.12863,True,
I016,valid,True,69,0.00786,0.10047,0.00077,0.00175,0.11276,True,
I016,valid,True,70,0.00799,0.09162,0.00087,0.00168,0.10408,True,
I016,valid,True,71,0.06326,0.12831,0.00106,0.00201,0.19811,True,
I016,valid,True,72,0.0098,0.09625,0.00074,0.00166,0.11056,True,
I016,valid,True,73,0.0078,0.09269,0.00069,0.00151,0.10463,True,
I016,valid,True,74,0.00745,0.09067,0.00066,0.00172,0.10236,True,
I016,valid,True,75,0.00808,0.09408,0.00081,0.00166,0.1067,True,
I016,valid,True,76,0.00964,0.102159,0.000749,0.001591,0.11656,True,
I016,valid,True,77,0.0092,0.09585,0.00078,0.00142,0.10941,True,
I016,valid,True,78,0.008191,0.12029,0.000871,0.0017,0.13355,True,
I016,valid,True,79,0.009929,0.114801,0.001031,0.0016,0.129841,True,
I016,valid,True,80,0.00997,0.12587,0.0009,0.00186,0.14122,True,
I016,valid,True,81,0.01048,0.12103,0.00075,0.00172,0.13674,True,
I016,valid,True,82,0.00874,0.11038,0.00105,0.00192,0.12471,True,
I016,valid,True,83,0.00952,0.10782,0.0011,0.00176,0.12262,True,
I016,valid,True,84,0.00948,0.10738,0.01787,0.00187,0.13957,True,
I016,valid,True,85,0.00944,0.12507,0.00101,0.00174,0.14015,True,
I016,valid,True,86,0.00999,0.11239,0.00097,0.00167,0.12754,True,
I016,valid,True,87,0.00973,0.11382,0.00102,0.00176,0.12907,True,
I016,valid,True,88,0.00969,0.121689,0.0012,0.00216,0.137589,True,
I016,valid,True,89,0.01117,0.13863,0.00112,0.001791,0.15594,True,
I016,valid,True,90,0.01128,0.14654,0.00115,0.00228,0.16465,True,
I016,valid,True,91,0.01024,0.12245,0.00093,0.00183,0.13832,True,
I016,valid,True,92,0.00918,0.104749,0.00101,0.00173,0.119259,True,
I016,valid,True,93,0.01038,0.1102,0.00093,0.00174,0.12611,True,
I016,valid,True,94,0.00994,0.11669,0.00095,0.00176,0.13231,True,
I016,valid,True,95,0.01084,0.11843,0.00102,0.00181,0.13513,True,
I016,valid,True,96,0.00926,0.10994,0.00087,0.00165,0.12409,True,
I016,valid,True,97,0.00938,0.12592,0.00094,0.00191,0.14085,True,
I016,valid,True,98,0.01007,0.11805,0.00095,0.00176,0.13372,True,
I016,valid,True,99,0.01007,0.11193,0.00124,0.00188,0.128,True,
I016,valid,True,100,0.009669,0.108201,0.00089,0.00188,0.12339,True,
I017,valid,True,1,0.01166,0.172741,0.00152,0.00226,0.191749,True,
I017,valid,True,2,0.00848,0.11366,0.00084,0.00176,0.12723,True,
I017,valid,True,3,0.00709,0.09576,0.00072,0.00158,0.10723,True,
I017,valid,True,4,0.00619,0.094,0.00076,0.00163,0.10485,True,
I017,valid,True,5,0.00721,0.10401,0.00065,0.00167,0.1157,True,
I017,valid,True,6,0.00644,0.10617,0.00077,0.00171,0.11734,True,
I017,valid,True,7,0.00838,0.10592,0.00068,0.00154,0.11877,True,
I017,valid,True,8,0.00671,0.12386,0.00081,0.00176,0.13559,True,
I017,valid,True,9,0.00775,0.11999,0.00062,0.00174,0.13253,True,
I017,valid,True,10,0.00781,0.11237,0.0007,0.00164,0.125,True,
I017,valid,True,11,0.00725,0.10525,0.00066,0.00173,0.11714,True,
I017,valid,True,12,0.0073,0.10472,0.00078,0.00158,0.11668,True,
I017,valid,True,13,0.00771,0.11099,0.00075,0.00159,0.12356,True,
I017,valid,True,14,0.00701,0.10473,0.00076,0.00153,0.11646,True,
I017,valid,True,15,0.00698,0.12319,0.0008,0.00185,0.13514,True,
I017,valid,True,16,0.00886,0.12863,0.00101,0.00181,0.14299,True,
I017,valid,True,17,0.00884,0.11361,0.00107,0.00185,0.128,True,
I017,valid,True,18,0.00808,0.11378,0.00111,0.00205,0.12792,True,
I017,valid,True,19,0.00956,0.1286,0.00137,0.00238,0.14524,True,
I017,valid,True,20,0.00858,0.12043,0.00094,0.00189,0.13428,True,
I017,valid,True,21,0.00993,0.14229,0.00102,0.00212,0.15864,True,
I017,valid,True,22,0.00843,0.13659,0.00092,0.00184,0.15069,True,
I017,valid,True,23,0.0094,0.11502,0.00083,0.00164,0.12972,True,
I017,valid,True,24,0.00798,0.12397,0.000891,0.001909,0.13743,True,
I017,valid,True,25,0.008831,0.12643,0.000951,0.001789,0.140899,True,
I017,valid,True,26,0.008631,0.11473,0.00112,0.00216,0.129481,True,
I017,valid,True,27,0.0091,0.11471,0.00105,0.00199,0.12977,True,
I017,valid,True,28,0.01097,0.12833,0.00091,0.00196,0.14494,True,
I017,valid,True,29,0.00839,0.11511,0.00098,0.00181,0.12896,True,
I017,valid,True,30,0.00781,0.11191,0.00101,0.00183,0.12563,True,
I017,valid,True,31,0.00818,0.11197,0.00083,0.00183,0.12537,True,
I017,valid,True,32,0.008,0.119,0.00091,0.00182,0.1323,True,
I017,valid,True,33,0.00882,0.1211,0.00105,0.00195,0.13635,True,
I017,valid,True,34,0.0085,0.14044,0.00096,0.00189,0.15464,True,
I017,valid,True,35,0.00806,0.141759,0.00088,0.00198,0.15549,True,
I017,valid,True,36,0.00952,0.125739,0.00102,0.00198,0.14104,True,
I017,valid,True,37,0.00814,0.976959,0.00137,0.00258,0.992919,True,
I017,valid,True,38,0.00984,0.11736,0.001,0.00223,0.13284,True,
I017,valid,True,39,0.00883,0.11646,0.00088,0.00201,0.13124,True,
I017,valid,True,40,0.00796,0.11221,0.00095,0.00173,0.12581,True,
I017,valid,True,41,0.00996,0.13536,0.0009,0.00196,0.1515,True,
I017,valid,True,42,0.0087,0.136299,0.001089,0.0021,0.151059,True,
I017,valid,True,43,0.010371,0.12929,0.00089,0.00191,0.145559,True,
I017,valid,True,44,0.009251,0.125039,0.00105,0.00203,0.144709,True,
I017,valid,True,45,0.01103,0.12581,0.00114,0.00203,0.14288,True,
I017,valid,True,46,0.00949,0.1205,0.00125,0.00232,0.13661,True,
I017,valid,True,47,0.01012,0.13367,0.00088,0.00191,0.14935,True,
I017,valid,True,48,0.01987,0.11787,0.00105,0.00195,0.14364,True,
I017,valid,True,49,0.00884,0.11506,0.00093,0.00171,0.12916,True,
I017,valid,True,50,0.00797,0.1131,0.00097,0.00182,0.12655,True,
I017,valid,True,51,0.00847,0.12445,0.00105,0.00214,0.13935,True,
I017,valid,True,52,0.00925,0.11097,0.001011,0.001789,0.12575,True,
I017,valid,True,53,0.00825,0.13988,0.001051,0.00223,0.17836,True,
I017,valid,True,54,0.00954,0.132749,0.001189,0.00192,0.14857,True,
I017,valid,True,55,0.00958,0.126669,0.00118,0.00187,0.14266,True,
I017,valid,True,56,0.010231,0.12623,0.00107,0.00192,0.142399,True,
I017,valid,True,57,0.00956,0.12407,0.0011,0.00192,0.13982,True,
I017,valid,True,58,0.00868,0.12172,0.00096,0.00168,0.13629,True,
I017,valid,True,59,0.00805,0.12568,0.00097,0.00176,0.1391,True,
I017,valid,True,60,0.00892,0.13384,0.0009,0.00197,0.14831,True,
I017,valid,True,61,0.00773,0.11441,0.00106,0.00183,0.12777,True,
I017,valid,True,62,0.00882,0.11141,0.00105,0.00204,0.12595,True,
I017,valid,True,63,0.00903,0.119,0.001,0.00169,0.13318,True,
I017,valid,True,64,0.00916,0.11906,0.00098,0.00188,0.13432,True,
I017,valid,True,65,0.009511,0.14758,0.00123,0.00212,0.16334,True,
I017,valid,True,66,0.009891,0.147279,0.00123,0.00203,0.163589,True,
I017,valid,True,67,0.00877,0.12163,0.00109,0.00182,0.136719,True,
I017,valid,True,68,0.00834,0.12403,0.00104,0.00189,0.13812,True,
I017,valid,True,69,0.00897,0.13314,0.00112,0.002,0.1481,True,
I017,valid,True,70,0.00926,0.13286,0.00089,0.00197,0.14781,True,
I017,valid,True,71,0.00899,0.12903,0.00092,0.00181,0.1438,True,
I017,valid,True,72,0.00991,0.12529,0.00099,0.00189,0.14109,True,
I017,valid,True,73,0.00879,0.10859,0.00128,0.00179,0.12296,True,
I017,valid,True,74,0.00885,0.11977,0.00094,0.00175,0.13384,True,
I017,valid,True,75,0.00809,0.112849,0.000809,0.001711,0.12622,True,
I017,valid,True,76,0.00915,0.11656,0.00098,0.00176,0.13137,True,
I017,valid,True,77,0.010771,0.1399,0.00123,0.00218,0.157489,True,
I017,valid,True,78,0.009509,0.134739,0.00106,0.00199,0.15038,True,
I017,valid,True,79,0.00947,0.1258,0.00093,0.00186,0.14076,True,
I017,valid,True,80,0.01265,0.11793,0.00082,0.00205,0.13654,True,
I017,valid,True,81,0.00949,0.12167,0.00086,0.00194,0.13669,True,
I017,valid,True,82,0.00875,0.11644,0.00127,0.00189,0.13108,True,
I017,valid,True,83,0.00823,0.14449,0.00112,0.00216,0.15916,True,
I017,valid,True,84,0.01009,0.14385,0.00098,0.00237,0.16022,True,
I017,valid,True,85,0.00744,0.1127,0.00097,0.00221,0.12635,True,
I017,valid,True,86,0.00978,0.12497,0.00092,0.00198,0.14033,True,
I017,valid,True,87,0.00878,0.121449,0.000709,0.00186,0.13536,True,
I017,valid,True,88,0.007469,0.11136,0.001049,0.001849,0.1242,True,
I017,valid,True,89,0.00856,0.13348,0.00102,0.00186,0.14782,True,
I017,valid,True,90,0.00848,0.1261,0.00103,0.00205,0.14029,True,
I017,valid,True,91,0.00935,0.12036,0.00128,0.00188,0.13609,True,
I017,valid,True,92,0.01011,0.13053,0.00111,0.00205,0.14683,True,
I017,valid,True,93,0.0098,0.14873,0.0011,0.00209,0.16516,True,
I017,valid,True,94,0.00948,0.1316,0.00093,0.00192,0.1469,True,
I017,valid,True,95,0.01007,0.15374,0.0012,0.00205,0.17047,True,
I017,valid,True,96,0.00935,0.13157,0.00098,0.00176,0.14636,True,
I017,valid,True,97,0.00838,0.10846,0.00105,0.00189,0.12246,True,
I017,valid,True,98,0.009171,0.10725,0.000991,0.001989,0.12259,True,
I017,valid,True,99,0.00884,0.121759,0.00105,0.00192,0.136419,True,
I017,valid,True,100,0.00854,0.122819,0.00104,0.00195,0.13736,True,
I018,valid,True,1,0.01174,0.14155,0.00158,0.00257,0.16111,True,
I018,valid,True,2,0.01068,0.11743,0.00121,0.00199,0.13433,True,
I018,valid,True,3,0.00895,0.12284,0.00119,0.00219,0.13826,True,
I018,valid,True,4,0.00926,0.1258,0.00121,0.00197,0.14138,True,
I018,valid,True,5,0.00987,0.1509,0.00128,0.00213,0.16744,True,
I018,valid,True,6,0.01026,0.15132,0.00109,0.00212,0.16773,True,
I018,valid,True,7,0.00976,0.126299,0.00112,0.00218,0.142459,True,
I018,valid,True,8,0.010631,0.118719,0.000891,0.00192,0.134961,True,
I018,valid,True,9,0.00996,0.13539,0.00082,0.00236,0.151581,True,
I018,valid,True,10,0.00904,0.12663,0.00102,0.00212,0.14162,True,
I018,valid,True,11,0.00817,0.12853,0.00094,0.00184,0.14233,True,
I018,valid,True,12,0.00862,0.12484,0.00122,0.00193,0.13955,True,
I018,valid,True,13,0.00927,0.11649,0.00109,0.00189,0.1315,True,
I018,valid,True,14,0.0087,0.11572,0.00107,0.00197,0.1301,True,
I018,valid,True,15,0.00862,0.1232,0.00125,0.00225,0.13851,True,
I018,valid,True,16,0.00953,0.13029,0.00105,0.00212,0.14606,True,
I018,valid,True,17,0.01062,0.148319,0.0011,0.00186,0.164979,True,
I018,valid,True,18,0.009771,0.13719,0.000929,0.001891,0.152701,True,
I018,valid,True,19,0.00978,0.119599,0.001211,0.002129,0.135479,True,
I018,valid,True,20,0.00867,0.12565,0.00911,0.00214,0.14862,True,
I018,valid,True,21,0.00981,0.13412,0.00145,0.00196,0.15061,True,
I018,valid,True,22,0.00881,0.11365,0.001,0.00153,0.12762,True,
I018,valid,True,23,0.0077,0.13281,0.00088,0.00176,0.14607,True,
I018,valid,True,24,0.00825,0.18721,0.00105,0.00204,0.20135,True,
I018,valid,True,25,0.00966,0.12131,0.00096,0.00187,0.13684,True,
I018,valid,True,26,0.00905,0.11673,0.00099,0.00175,0.13128,True,
I018,valid,True,27,0.01034,0.11292,0.0012,0.00198,0.12931,True,
I018,valid,True,28,0.00942,0.123689,0.001,0.001729,0.138949,True,
I018,valid,True,29,0.009009,0.14703,0.001031,0.001809,0.16205,True,
I018,valid,True,30,0.01146,0.133069,0.0012,0.00204,0.150799,True,
I018,valid,True,31,0.009451,0.127989,0.00114,0.00184,0.14323,True,
I018,valid,True,32,0.00909,0.12708,0.00087,0.00196,0.14191,True,
I018,valid,True,33,0.00834,0.12777,0.00101,0.00207,0.14199,True,
I018,valid,True,34,0.00905,0.12303,0.0015,0.00202,0.13838,True,
I018,valid,True,35,0.02567,0.1202,0.00137,0.00244,0.15307,True,
I018,valid,True,36,0.00982,0.13027,0.00114,0.00215,0.14677,True,
I018,valid,True,37,0.01026,0.12026,0.00115,0.0019,0.13643,True,
I018,valid,True,38,0.0101,0.13776,0.00102,0.00207,0.15421,True,
I018,valid,True,39,0.00999,0.133879,0.00108,0.002229,0.150239,True,
I018,valid,True,40,0.010269,0.14441,0.001029,0.00184,0.160741,True,
I018,valid,True,41,0.00844,0.12401,0.00104,0.002269,0.13823,True,
I018,valid,True,42,0.008959,0.11217,0.000969,0.001869,0.126819,True,
I018,valid,True,43,0.00897,0.11912,0.00094,0.00176,0.13336,True,
I018,valid,True,44,0.00896,0.11508,0.00111,0.002,0.13019,True,
I018,valid,True,45,0.00973,0.11202,0.0011,0.00186,0.12746,True,
I018,valid,True,46,0.00825,0.11226,0.00095,0.00196,0.13269,True,
I018,valid,True,47,0.02787,0.12682,0.01029,0.00245,0.17138,True,
I018,valid,True,48,0.00988,0.12429,0.00102,0.00194,0.14036,True,
I018,valid,True,49,0.0096,0.11729,0.00097,0.00181,0.13211,True,
I018,valid,True,50,0.00888,0.11338,0.00099,0.00174,0.12746,True,
I018,valid,True,51,0.00899,0.1142,0.00118,0.00214,0.129239,True,
I018,valid,True,52,0.00913,0.122819,0.001,0.00198,0.137619,True,
I018,valid,True,53,0.009351,0.15189,0.00114,0.00206,0.16725,True,
I018,valid,True,54,0.010351,0.1328,0.00107,0.00215,0.14951,True,
I018,valid,True,55,0.00879,0.12175,0.0012,0.00182,0.13625,True,
I018,valid,True,56,0.00896,0.11126,0.00095,0.00177,0.12552,True,
I018,valid,True,57,0.00954,0.12227,0.00099,0.00181,0.1374,True,
I018,valid,True,58,0.00902,0.12527,0.00111,0.00202,0.14071,True,
I018,valid,True,59,0.01029,0.16943,0.00144,0.00225,0.18704,True,
I018,valid,True,60,0.01116,0.13263,0.00102,0.00189,0.15032,True,
I018,valid,True,61,0.01015,0.13411,0.00107,0.00202,0.15066,True,
I018,valid,True,62,0.010531,0.13013,0.00094,0.001851,0.146439,True,
I018,valid,True,63,0.00904,0.12003,0.00104,0.00186,0.13491,True,
I018,valid,True,64,0.0084,0.10347,0.000931,0.00172,0.11707,True,
I018,valid,True,65,0.00854,0.12529,0.00076,0.0022,0.140059,True,
I018,valid,True,66,0.00919,0.10826,0.00079,0.00202,0.12258,True,
I018,valid,True,67,0.01266,0.15397,0.00126,0.00213,0.1742,True,
I018,valid,True,68,0.02889,0.16344,0.0012,0.0021,0.19923,True,
I018,valid,True,69,0.0097,0.125789,0.001091,0.00188,0.14146,True,
I018,valid,True,70,0.010391,0.12257,0.0011,0.002231,0.13951,True,
I018,valid,True,71,0.00982,0.12897,0.001191,0.002491,0.145679,True,
I018,valid,True,72,0.010429,0.12502,0.00118,0.00188,0.141369,True,
I018,valid,True,73,0.00955,0.16057,0.00114,0.00229,0.17668,True,
I018,valid,True,74,0.01025,0.13286,0.00096,0.00188,0.14859,True,
I018,valid,True,75,0.0087,0.1164,0.00099,0.00182,0.13081,True,
I018,valid,True,76,0.008,0.11114,0.00075,0.0017,0.12418,True,
I018,valid,True,77,0.00873,0.12454,0.00108,0.00236,0.13941,True,
I018,valid,True,78,0.00922,0.11429,0.00121,0.00207,0.12965,True,
I018,valid,True,79,0.0098,1.024459,0.00279,0.00316,1.047269,True,
I018,valid,True,80,0.01282,0.18198,0.00113,0.00243,0.20188,True,
I018,valid,True,81,0.01059,0.13019,0.00114,0.00233,0.14764,True,
I018,valid,True,82,0.00948,0.12861,0.00099,0.00221,0.14443,True,
I018,valid,True,83,0.00871,0.12448,0.00089,0.00207,0.13895,True,
I018,valid,True,84,0.00966,0.11817,0.00083,0.00212,0.13358,True,
I018,valid,True,85,0.01005,0.11831,0.00083,0.0019,0.13395,True,
I018,valid,True,86,0.0091,0.40735,0.001329,0.00268,0.42393,True,
I018,valid,True,87,0.011811,0.13195,0.00126,0.00248,0.15065,True,
I018,valid,True,88,0.011059,0.13209,0.00114,0.00206,0.149719,True,
I018,valid,True,89,0.01032,0.12713,0.0012,0.002,0.14325,True,
I018,valid,True,90,1.113819,0.15807,0.001371,0.002369,1.279919,True,
I018,valid,True,91,0.00976,0.12755,0.00102,0.00198,0.14317,True,
I018,valid,True,92,0.009029,0.11642,0.00089,0.00206,0.130879,True,
I018,valid,True,93,0.00904,0.11535,0.00087,0.00192,0.12964,True,
I018,valid,True,94,0.00887,0.10891,0.00089,0.00193,0.123,True,
I018,valid,True,95,0.00879,0.14269,0.00118,0.00193,0.15725,True,
I018,valid,True,96,0.00893,0.14327,0.00103,0.00202,0.158,True,
I018,valid,True,97,0.00894,0.12257,0.00112,0.00214,0.13763,True,
I018,valid,True,98,0.00799,0.12374,0.00108,0.0018,0.13745,True,
I018,valid,True,99,0.00809,0.11527,0.00082,0.00189,0.12888,True,
I018,valid,True,100,0.01001,0.12782,0.00098,0.00207,0.14387,True,
I019,valid,True,1,0.01236,0.145141,0.001291,0.00216,0.164861,True,
I019,valid,True,2,0.0106,0.12666,0.00108,0.00203,0.14338,True,
I019,valid,True,3,0.00962,0.12687,0.00093,0.00201,0.14253,True,
I019,valid,True,4,0.00984,0.12817,0.00097,0.00185,0.14347,True,
I019,valid,True,5,0.01102,0.15404,0.00116,0.00238,0.17171,True,
I019,valid,True,6,0.01876,0.11229,0.00094,0.00181,0.1365,True,
I019,valid,True,7,0.00941,0.11317,0.0011,0.00203,0.1283,True,
I019,valid,True,8,0.00958,0.11916,0.00102,0.00184,0.13524,True,
I019,valid,True,9,0.01078,0.124,0.00099,0.00193,0.1405,True,
I019,valid,True,10,0.01076,0.129001,0.001009,0.0019,0.14549,True,
I019,valid,True,11,0.010691,0.179529,0.0011,0.00219,0.19638,True,
I019,valid,True,12,0.0105,0.12347,0.00113,0.00193,0.13983,True,
I019,valid,True,13,0.00951,0.12376,0.00094,0.00219,0.13892,True,
I019,valid,True,14,0.00995,0.11823,0.00109,0.00187,0.13398,True,
I019,valid,True,15,0.01097,0.11653,0.00123,0.00194,0.13342,True,
I019,valid,True,16,0.0098,0.12728,0.00113,0.00211,0.14325,True,
I019,valid,True,17,0.02913,0.14787,0.00134,0.00214,0.18385,True,
I019,valid,True,18,0.01009,0.13067,0.00122,0.00205,0.14706,True,
I019,valid,True,19,0.0122,0.13197,0.00123,0.00172,0.15034,True,
I019,valid,True,20,0.01125,0.1571,0.00118,0.00201,0.17484,True,
I019,valid,True,21,0.01118,0.130841,0.001009,0.001969,0.147981,True,
I019,valid,True,22,0.00976,0.160679,0.001271,0.001931,0.17683,True,
I019,valid,True,23,0.01164,0.15392,0.00133,0.00216,0.17266,True,
I019,valid,True,24,0.01182,0.13813,0.00113,0.00203,0.15636,True,
I019,valid,True,25,0.01141,0.1341,0.00122,0.00193,0.15185,True,
I019,valid,True,26,0.01019,0.1259,0.00115,0.00207,0.14208,True,
I019,valid,True,27,0.01188,0.16274,0.00108,0.00206,0.181,True,
I019,valid,True,28,0.01148,0.1414,0.00122,0.00188,0.15906,True,
I019,valid,True,29,0.01025,0.12847,0.0012,0.00218,0.14515,True,
I019,valid,True,30,0.01035,0.12434,0.00106,0.00181,0.14056,True,
I019,valid,True,31,0.010669,0.132179,0.001049,0.00202,0.14895,True,
I019,valid,True,32,0.01118,0.120619,0.0009,0.001951,0.13749,True,
I019,valid,True,33,0.01094,0.14179,0.001069,0.00176,0.15821,True,
I019,valid,True,34,0.00962,0.13666,0.00107,0.00193,0.15219,True,
I019,valid,True,35,0.01048,0.13702,0.00133,0.00209,0.15458,True,
I019,valid,True,36,0.01125,0.13293,0.00114,0.00186,0.15027,True,
I019,valid,True,37,0.0106,0.11536,0.0012,0.00165,0.13107,True,
I019,valid,True,38,0.00903,0.10459,0.00073,0.00158,0.11807,True,
I019,valid,True,39,0.00903,0.12753,0.00099,0.00182,0.14189,True,
I019,valid,True,40,0.01041,0.14244,0.00111,0.00173,0.15839,True,
I019,valid,True,41,0.010729,0.118981,0.000969,0.001669,0.13513,True,
I019,valid,True,42,0.009431,0.121301,0.000969,0.001769,0.13593,True,
I019,valid,True,43,0.009549,0.12199,0.000991,0.001789,0.137261,True,
I019,valid,True,44,0.010349,0.12676,0.00107,0.00193,0.14294,True,
I019,valid,True,45,0.01091,0.15046,0.00112,0.00206,0.16734,True,
I019,valid,True,46,0.0105,0.15033,0.00112,0.00199,0.1672,True,
I019,valid,True,47,0.01181,0.13816,0.00131,0.00223,0.15695,True,
I019,valid,True,48,0.01123,0.13056,0.00112,0.00196,0.1571,True,
I019,valid,True,49,0.0111,0.13021,0.00122,0.00186,0.14716,True,
I019,valid,True,50,0.01104,0.13187,0.00117,0.00192,0.14929,True,
I019,valid,True,51,0.01018,0.12122,0.00105,0.00178,0.13702,True,
I019,valid,True,52,0.00947,0.10527,0.00076,0.00185,0.11982,True,
I019,valid,True,53,0.00868,0.10497,0.000751,0.00172,0.118339,True,
I019,valid,True,54,0.00844,0.09925,0.000811,0.001651,0.11221,True,
I019,valid,True,55,0.008589,0.099261,0.0008,0.00146,0.11213,True,
I019,valid,True,56,0.008631,0.10288,0.00081,0.001691,0.11623,True,
I019,valid,True,57,0.00873,0.11558,0.00111,0.0019,0.12995,True,
I019,valid,True,58,0.01066,0.13403,0.00085,0.00185,0.14997,True,
I019,valid,True,59,0.00966,0.12064,0.00092,0.00165,0.1353,True,
I019,valid,True,60,0.00974,0.11713,0.00087,0.00173,0.13204,True,
I019,valid,True,61,0.00922,0.11602,0.00097,0.00173,0.13038,True,
I019,valid,True,62,0.00921,0.1083,0.00079,0.00171,0.12256,True,
I019,valid,True,63,0.00965,0.1128,0.00098,0.00209,0.12802,True,
I019,valid,True,64,0.01059,0.138279,0.0012,0.0021,0.15549,True,
I019,valid,True,65,0.02263,0.141261,0.001109,0.0019,0.171029,True,
I019,valid,True,66,0.010529,0.12046,0.00105,0.0017,0.1368,True,
I019,valid,True,67,0.009569,0.112289,0.00076,0.00165,0.1267,True,
I019,valid,True,68,0.00975,0.11238,0.00089,0.00167,0.12729,True,
I019,valid,True,69,0.00937,0.11719,0.0011,0.00183,0.13213,True,
I019,valid,True,70,0.01211,0.18568,0.00127,0.00248,0.20516,True,
I019,valid,True,71,0.0119,0.13296,0.00111,0.0019,0.15111,True,
I019,valid,True,72,0.01126,0.13561,0.00116,0.00197,0.15307,True,
I019,valid,True,73,0.01623,0.13632,0.00123,0.00191,0.15888,True,
I019,valid,True,74,0.01148,0.13906,0.00115,0.00192,0.156809,True,
I019,valid,True,75,0.01078,0.150361,0.00108,0.00194,0.16729,True,
I019,valid,True,76,0.010271,0.12967,0.001071,0.00198,0.145761,True,
I019,valid,True,77,0.01117,0.11458,0.00105,0.00203,0.13125,True,
I019,valid,True,78,0.00859,3.796758,0.00257,0.00457,3.818458,True,
I019,valid,True,79,0.02354,0.18999,0.00192,0.0031,0.22435,True,
I019,valid,True,80,0.01681,0.17015,0.00152,0.00268,0.19613,True,
I019,valid,True,81,0.015,0.15609,0.00143,0.00273,0.17984,True,
I019,valid,True,82,0.01351,0.1595,0.0013,0.00288,0.18157,True,
I019,valid,True,83,0.01247,0.15143,0.00123,0.00261,0.17171,True,
I019,valid,True,84,0.01433,0.15434,0.00125,0.00254,0.17669,True,
I019,valid,True,85,0.012391,0.132399,0.001,0.00238,0.152099,True,
I019,valid,True,86,0.011351,0.13485,0.000989,0.002311,0.153281,True,
I019,valid,True,87,0.01134,0.12966,0.00125,0.00213,0.1477,True,
I019,valid,True,88,0.01161,0.11479,0.00107,0.00178,0.13216,True,
I019,valid,True,89,0.00961,0.11012,0.00087,0.00175,0.12459,True,
I019,valid,True,90,0.00929,0.10755,0.00081,0.00189,0.12223,True,
I019,valid,True,91,0.00982,0.1172,0.00087,0.00204,0.13261,True,
I019,valid,True,92,0.00976,0.11569,0.00096,0.00186,0.13121,True,
I019,valid,True,93,0.01105,2.265059,0.00213,0.00472,2.288459,True,
I019,valid,True,94,0.020139,0.168761,0.00164,0.002831,0.198419,True,
I019,valid,True,95,0.013291,0.15735,0.00129,0.0028,0.17904,True,
I019,valid,True,96,0.0144,0.135729,0.00125,0.0025,0.157449,True,
I019,valid,True,97,0.01179,0.14065,0.00109,0.00217,0.15873,True,
I019,valid,True,98,0.01117,0.13387,0.00099,0.00226,0.15124,True,
I019,valid,True,99,0.01012,0.11303,0.00084,0.00183,0.12837,True,
I019,valid,True,100,0.01027,0.11645,0.00088,0.00216,0.13261,True,
I020,valid,True,1,0.01187,2.240609,0.002871,0.01208,2.272119,True,
I020,valid,True,2,0.016811,0.14833,0.001509,0.00232,0.17297,True,
I020,valid,True,3,0.012591,0.142301,0.0014,0.00237,0.1622,True,
I020,valid,True,4,0.01104,0.13003,0.00181,0.00279,0.14912,True,
I020,valid,True,5,0.00984,0.13965,0.00136,0.00228,0.15662,True,
I020,valid,True,6,0.00996,0.14235,0.00097,0.0023,0.15861,True,
I020,valid,True,7,0.0104,0.10753,0.00122,0.00184,0.12341,True,
I020,valid,True,8,0.00782,0.10971,0.001,0.00211,0.12331,True,
I020,valid,True,9,0.00785,0.10553,0.00083,0.00181,0.11848,True,
I020,valid,True,10,0.00833,0.10669,0.00072,0.0019,0.12025,True,
I020,valid,True,11,0.00783,0.10484,0.00098,0.00195,0.11842,True,
I020,valid,True,12,0.00793,0.10716,0.000849,0.00165,0.12001,True,
I020,valid,True,13,0.021399,0.21266,0.00233,0.00315,0.245769,True,
I020,valid,True,14,0.01031,0.126619,0.00114,0.00269,0.14368,True,
I020,valid,True,15,0.00849,0.1073,0.00084,0.00184,0.12097,True,
I020,valid,True,16,0.00869,0.10973,0.00113,0.00182,0.12364,True,
I020,valid,True,17,0.00811,0.10554,0.00073,0.00188,0.11873,True,
I020,valid,True,18,0.00703,0.11435,0.00085,0.0017,0.12631,True,
I020,valid,True,19,0.00853,0.11998,0.00107,0.00165,0.13417,True,
I020,valid,True,20,0.00865,0.11901,0.00101,0.0018,0.13345,True,
I020,valid,True,21,0.00796,0.11059,0.00087,0.00186,0.12374,True,
I020,valid,True,22,0.00965,0.11262,0.00091,0.00196,0.12795,True,
I020,valid,True,23,0.01024,0.12629,0.00096,0.00174,0.142199,True,
I020,valid,True,24,0.00814,2.160559,0.0025,0.00418,2.180828,True,
I020,valid,True,25,0.01862,0.19331,0.00156,0.00329,0.22101,True,
I020,valid,True,26,0.01281,0.1379,0.00118,0.0021,0.15772,True,
I020,valid,True,27,0.01017,0.12473,0.00109,0.00195,0.14081,True,
I020,valid,True,28,0.00829,0.11657,0.00099,0.00221,0.13109,True,
I020,valid,True,29,0.00913,0.12174,0.00106,0.00179,0.13663,True,
I020,valid,True,30,0.00948,0.11676,0.00084,0.002,0.13172,True,
I020,valid,True,31,0.00909,0.10155,0.0007,0.00179,0.11551,True,
I020,valid,True,32,0.00794,0.11045,0.00073,0.0018,0.12376,True,
I020,valid,True,33,0.00781,0.105639,0.00072,0.0017,0.118389,True,
I020,valid,True,34,0.00746,0.107241,0.00074,0.00174,0.119541,True,
I020,valid,True,35,0.00734,0.10222,0.00076,0.00177,0.11426,True,
I020,valid,True,36,0.00724,0.10188,0.00068,0.00163,0.11368,True,
I020,valid,True,37,0.02343,0.21361,0.00191,0.00435,0.25061,True,
I020,valid,True,38,0.01333,0.13374,0.0011,0.00308,0.15477,True,
I020,valid,True,39,0.01002,0.13014,0.00124,0.00218,0.14661,True,
I020,valid,True,40,0.0098,0.11823,0.00101,0.00203,0.13378,True,
I020,valid,True,41,0.009011,0.14138,0.00116,0.001951,0.156121,True,
I020,valid,True,42,0.009551,0.121699,0.00112,0.0021,0.137219,True,
I020,valid,True,43,0.0087,0.10895,0.001031,0.00174,0.122701,True,
I020,valid,True,44,0.00744,0.10611,0.00108,0.001511,0.11831,True,
I020,valid,True,45,0.007451,0.10709,0.000869,0.001709,0.119281,True,
I020,valid,True,46,0.00766,0.10832,0.0009,0.00161,0.12092,True,
I020,valid,True,47,0.008701,0.1108,0.00104,0.00172,0.12463,True,
I020,valid,True,48,0.00783,2.243999,0.00286,0.00469,2.264089,True,
I020,valid,True,49,0.01491,0.14156,0.00138,0.00243,0.16416,True,
I020,valid,True,50,0.00853,0.10534,0.00083,0.00192,0.12744,True,
I020,valid,True,51,0.00824,0.11722,0.00099,0.00213,0.13118,True,
I020,valid,True,52,0.00882,0.10242,0.00092,0.00184,0.11618,True,
I020,valid,True,53,0.007529,0.09999,0.000769,0.001729,0.111979,True,
I020,valid,True,54,0.02246,0.09969,0.00102,0.001891,0.127301,True,
I020,valid,True,55,0.00816,0.114761,0.000949,0.0018,0.128179,True,
I020,valid,True,56,0.007949,0.10611,0.00083,0.00182,0.119399,True,
I020,valid,True,57,0.00924,0.10362,0.00089,0.0016,0.11785,True,
I020,valid,True,58,0.0162,0.11112,0.00112,0.00201,0.13359,True,
I020,valid,True,59,0.00852,0.10916,0.00101,0.00167,0.12348,True,
I020,valid,True,60,0.00828,0.11063,2.032109,0.00538,2.163039,True,
I020,valid,True,61,0.01867,0.26031,0.00131,0.00241,0.28708,True,
I020,valid,True,62,0.01176,0.13917,0.00183,0.00414,0.16107,True,
I020,valid,True,63,0.01094,0.138681,0.0011,0.002031,0.156081,True,
I020,valid,True,64,0.01056,0.11975,0.00094,0.001891,0.13583,True,
I020,valid,True,65,0.00922,0.13303,0.0009,0.001909,0.147561,True,
I020,valid,True,66,0.00818,0.11396,0.00082,0.00172,0.127089,True,
I020,valid,True,67,0.00737,0.10179,0.00075,0.00154,0.11376,True,
I020,valid,True,68,0.00732,0.09009,0.0007,0.00161,0.10164,True,
I020,valid,True,69,0.00704,0.10613,0.00068,0.0017,0.11749,True,
I020,valid,True,70,0.00764,0.10761,0.00078,0.00165,0.12001,True,
I020,valid,True,71,0.00801,0.10466,0.0007,0.0017,0.11745,True,
I020,valid,True,72,0.00736,2.196139,0.00198,0.00336,2.213179,True,
I020,valid,True,73,0.01486,0.14452,0.00147,0.00277,0.16695,True,
I020,valid,True,74,0.01161,0.137419,0.00128,0.0026,0.15661,True,
I020,valid,True,75,0.011151,0.13715,0.001329,0.002569,0.155639,True,
I020,valid,True,76,0.011751,0.15939,0.00153,0.00245,0.178699,True,
I020,valid,True,77,0.01212,0.1408,0.00109,0.00208,0.1594,True,
I020,valid,True,78,0.01916,0.1102,0.00096,0.00207,0.13537,True,
I020,valid,True,79,0.01133,0.11086,0.00103,0.00174,0.12755,True,
I020,valid,True,80,0.00769,0.10935,0.00085,0.00182,0.12224,True,
I020,valid,True,81,0.00757,0.11209,0.00111,0.00204,0.12557,True,
I020,valid,True,82,0.00861,0.10868,0.00114,0.00191,0.12277,True,
I020,valid,True,83,0.00862,2.245479,0.00499,0.00785,2.275149,True,
I020,valid,True,84,0.035411,0.25121,0.00281,0.00332,0.2982,True,
I020,valid,True,85,0.01572,0.16486,0.00201,0.00287,0.18912,True,
I020,valid,True,86,0.01163,0.13197,0.00136,0.0025,0.1501,True,
I020,valid,True,87,0.02903,0.11345,0.00132,0.00226,0.14869,True,
I020,valid,True,88,0.00933,0.11378,0.00166,0.00253,0.13057,True,
I020,valid,True,89,0.00899,0.10775,0.0011,0.00237,0.12286,True,
I020,valid,True,90,0.00932,0.11078,0.00114,0.00219,0.12614,True,
I020,valid,True,91,0.00957,0.12022,0.00159,0.00232,0.13686,True,
I020,valid,True,92,0.01046,0.15212,0.00122,0.00217,0.16907,True,
I020,valid,True,93,0.01094,2.197128,0.001249,0.002671,2.215788,True,
I020,valid,True,94,0.01341,0.13147,0.001,0.00224,0.151,True,
I020,valid,True,95,0.00939,0.12099,0.00124,0.00188,0.13667,True,
I020,valid,True,96,0.01007,0.11766,0.00099,0.00169,0.13362,True,
I020,valid,True,97,0.01043,0.12824,0.00122,0.00186,0.14506,True,
I020,valid,True,98,0.00939,0.1388,0.00109,0.00186,0.15389,True,
I020,valid,True,99,0.00851,0.10602,0.00081,0.00162,0.11925,True,
I020,valid,True,100,0.00806,0.10665,0.00087,0.00179,0.11958,True,
I021,valid,True,1,0.01087,0.144999,0.001311,0.00224,0.16282,True,
I021,valid,True,2,0.00928,0.11317,0.000769,0.00208,0.127819,True,
I021,valid,True,3,2.039038,0.17352,0.00133,0.003,2.222079,True,
I021,valid,True,4,0.01257,0.14521,0.00118,0.0026,0.16547,True,
I021,valid,True,5,0.01133,0.13947,0.00122,0.00235,0.15806,True,
I021,valid,True,6,0.01043,0.16475,0.00117,0.00207,0.18182,True,
I021,valid,True,7,0.01136,0.15996,0.00115,0.00188,0.17749,True,
I021,valid,True,8,0.00951,0.11922,0.00097,0.00174,0.13428,True,
I021,valid,True,9,0.01018,0.119539,0.00102,0.00182,0.13564,True,
I021,valid,True,10,0.00938,0.11223,0.00108,0.0019,0.127079,True,
I021,valid,True,11,0.00872,0.116441,0.00108,0.001849,0.130639,True,
I021,valid,True,12,0.00866,0.12499,0.00086,0.0019,0.139421,True,
I021,valid,True,13,0.00911,0.11973,0.00097,0.00189,0.13452,True,
I021,valid,True,14,2.029829,0.1564,0.00137,0.00236,2.194859,True,
I021,valid,True,15,0.01336,0.12233,0.00106,0.00219,0.14227,True,
I021,valid,True,16,0.00911,0.1102,0.00084,0.00181,0.12424,True,
I021,valid,True,17,0.00878,0.11099,0.0008,0.00193,0.12487,True,
I021,valid,True,18,0.00886,0.11307,0.00086,0.0018,0.12692,True,
I021,valid,True,19,0.00788,0.10475,0.00081,0.00167,0.11734,True,
I021,valid,True,20,0.00736,0.12232,0.00106,0.00182,0.13515,True,
I021,valid,True,21,0.00834,0.119381,0.00146,0.001949,0.13369,True,
I021,valid,True,22,0.00836,0.12435,0.0011,0.00202,0.138739,True,
I021,valid,True,23,0.00956,0.12783,0.001269,0.00202,0.14365,True,
I021,valid,True,24,0.0091,0.12296,0.00098,0.00206,0.137919,True,
I021,valid,True,25,0.010031,0.133929,0.00106,0.00204,0.150119,True,
I021,valid,True,26,0.01104,2.184729,0.00135,0.00295,2.203839,True,
I021,valid,True,27,0.01155,0.13227,0.00097,0.00266,0.16553,True,
I021,valid,True,28,0.01263,0.12212,0.00086,0.00214,0.14032,True,
I021,valid,True,29,0.00935,0.103019,0.00088,0.00174,0.117349,True,
I021,valid,True,30,0.00746,0.11016,0.00092,0.00208,0.12293,True,
I021,valid,True,31,0.00834,0.10679,0.000909,0.001869,0.12015,True,
I021,valid,True,32,0.0077,0.121901,0.000791,0.00188,0.134801,True,
I021,valid,True,33,0.00826,0.102119,0.00072,0.001849,0.115159,True,
I021,valid,True,34,0.00776,0.099719,0.00067,0.00184,0.112219,True,
I021,valid,True,35,0.00763,0.09899,0.00068,0.00158,0.11093,True,
I021,valid,True,36,0.00733,0.0977,0.00075,0.00167,0.1106,True,
I021,valid,True,37,0.00772,0.10814,0.00081,0.00177,0.12079,True,
I021,valid,True,38,0.00824,0.10196,0.00077,0.00164,0.11473,True,
I021,valid,True,39,0.00737,2.131759,0.00173,0.00331,2.148309,True,
I021,valid,True,40,0.0145,0.16309,0.00152,0.00248,0.18487,True,
I021,valid,True,41,0.01113,0.1267,0.00094,0.002369,0.14422,True,
I021,valid,True,42,0.00887,0.109009,0.000709,0.002049,0.123009,True,
I021,valid,True,43,0.007771,0.11399,0.000811,0.0018,0.12681,True,
I021,valid,True,44,0.00812,0.106361,0.00076,0.00186,0.11953,True,
I021,valid,True,45,0.008151,0.126981,0.00078,0.002731,0.14101,True,
I021,valid,True,46,0.008291,0.122289,0.00094,0.00201,0.1364,True,
I021,valid,True,47,0.01008,0.11312,0.00117,0.00211,0.12907,True,
I021,valid,True,48,0.00932,0.1097,0.00107,0.00181,0.12451,True,
I021,valid,True,49,0.0081,0.11983,0.00101,0.00197,0.1335,True,
I021,valid,True,50,0.00909,0.12375,0.00099,0.00194,0.13845,True,
I021,valid,True,51,0.00904,0.1303,0.00108,0.00206,0.1454,True,
I021,valid,True,52,0.01684,0.15747,0.00127,0.00257,0.18973,True,
I021,valid,True,53,0.01111,0.132279,0.001111,0.00212,0.15009,True,
I021,valid,True,54,0.008571,0.11131,0.00106,0.0019,0.12559,True,
I021,valid,True,55,0.00914,0.11409,0.001009,0.00178,0.128479,True,
I021,valid,True,56,0.00855,0.11607,0.00104,0.00182,0.12996,True,
I021,valid,True,57,0.00954,0.13259,0.00099,0.00207,0.14817,True,
I021,valid,True,58,0.00993,0.10803,0.00082,0.00193,0.12307,True,
I021,valid,True,59,0.00849,0.10495,0.00083,0.00176,0.1184,True,
I021,valid,True,60,0.0073,0.09441,0.00062,0.00168,0.10602,True,
I021,valid,True,61,0.00795,0.09791,0.00074,0.00165,0.11028,True,
I021,valid,True,62,0.00696,0.09291,0.00065,0.00153,0.10417,True,
I021,valid,True,63,0.0082,0.10543,0.00084,0.00183,0.11855,True,
I021,valid,True,64,0.00782,0.1041,0.00085,0.00172,0.11684,True,
I021,valid,True,65,0.01322,0.14145,0.001211,0.002891,0.162761,True,
I021,valid,True,66,0.00996,0.10901,0.001129,0.002049,0.12467,True,
I021,valid,True,67,0.00778,0.10215,0.000831,0.001831,0.115021,True,
I021,valid,True,68,0.007199,0.10363,0.00078,0.00178,0.11564,True,
I021,valid,True,69,0.00747,0.11204,0.00078,0.00186,0.1245,True,
I021,valid,True,70,0.00753,0.10057,0.0007,0.00166,0.11238,True,
I021,valid,True,71,0.0076,0.11919,0.00093,0.00158,0.13158,True,
I021,valid,True,72,0.00834,0.11073,0.001,0.00192,0.12436,True,
I021,valid,True,73,0.01022,0.11625,0.00087,0.00179,0.13167,True,
I021,valid,True,74,0.00876,0.108,0.00079,0.00168,0.12147,True,
I021,valid,True,75,0.00923,0.13371,0.00107,0.002,0.14854,True,
I021,valid,True,76,0.00896,0.13485,0.00103,0.00175,0.14928,True,
I021,valid,True,77,0.01066,2.164148,0.00152,0.00306,2.183738,True,
I021,valid,True,78,0.01226,0.153389,0.00154,0.002561,0.173361,True,
I021,valid,True,79,0.010571,0.133279,0.00133,0.0023,0.150479,True,
I021,valid,True,80,0.01036,0.13263,0.00129,0.00232,0.14982,True,
I021,valid,True,81,0.01025,0.13853,0.00138,0.00235,0.15566,True,
I021,valid,True,82,0.00981,0.12468,0.0013,0.00193,0.1408,True,
I021,valid,True,83,0.00986,0.1287,0.00123,0.0019,0.14414,True,
I021,valid,True,84,0.00778,0.09879,0.00076,0.00191,0.11146,True,
I021,valid,True,85,0.00698,0.09462,0.00077,0.00184,0.10623,True,
I021,valid,True,86,0.00708,0.09162,0.00067,0.00159,0.10276,True,
I021,valid,True,87,0.00666,0.09396,0.00073,0.00176,0.1053,True,
I021,valid,True,88,0.006949,0.10624,0.00075,0.00181,0.11788,True,
I021,valid,True,89,0.00736,0.10044,0.000721,0.00173,0.112599,True,
I021,valid,True,90,0.00734,2.157159,0.00144,0.00248,2.17139,True,
I021,valid,True,91,0.011051,0.116289,0.0009,0.00211,0.1328,True,
I021,valid,True,92,0.00809,0.09943,0.00093,0.00201,0.11261,True,
I021,valid,True,93,0.00736,0.10515,0.0008,0.00171,0.11736,True,
I021,valid,True,94,0.00833,0.10932,0.00089,0.00188,0.12285,True,
I021,valid,True,95,0.00803,0.12107,0.00098,0.00177,0.13434,True,
I021,valid,True,96,0.00838,0.11018,0.00128,0.00185,0.12442,True,
I021,valid,True,97,0.00868,0.12333,0.00097,0.00186,0.13725,True,
I021,valid,True,98,0.00849,0.11024,0.00092,0.00173,0.1239,True,
I021,valid,True,99,0.00977,0.11116,0.00099,0.00193,0.12632,True,
I021,valid,True,100,0.008829,0.11447,0.00098,0.00176,0.128519,True,
I022,valid,True,1,0.01234,2.229519,0.00207,0.00301,2.251839,True,
I022,valid,True,2,0.01569,0.14742,0.00146,0.00233,0.1707,True,
I022,valid,True,3,0.01222,0.12971,0.00114,0.00228,0.14853,True,
I022,valid,True,4,0.01088,0.13791,0.00114,0.00216,0.15563,True,
I022,valid,True,5,0.01114,0.1295,0.00122,0.00223,0.14747,True,
I022,valid,True,6,0.01164,0.13827,0.001051,0.00226,0.156241,True,
I022,valid,True,7,0.01024,0.11219,0.000889,0.001771,0.12767,True,
I022,valid,True,8,0.009171,0.101321,0.0009,0.00176,0.115599,True,
I022,valid,True,9,0.00844,0.10167,0.00072,0.00174,0.11485,True,
I022,valid,True,10,0.00862,0.099749,0.00075,0.00171,0.11281,True,
I022,valid,True,11,0.00833,0.10805,0.00072,0.00177,0.12101,True,
I022,valid,True,12,0.00824,0.0964,0.00067,0.0017,0.10916,True,
I022,valid,True,13,0.00825,2.163839,0.0013,0.00246,2.179249,True,
I022,valid,True,14,0.01303,0.12047,0.00125,0.0022,0.13995,True,
I022,valid,True,15,0.00968,0.1063,0.00086,0.00198,0.12126,True,
I022,valid,True,16,0.00887,0.10075,0.00072,0.00167,0.11429,True,
I022,valid,True,17,0.00876,0.10934,0.00077,0.00175,0.12272,True,
I022,valid,True,18,0.00891,0.09725,0.00074,0.00172,0.11098,True,
I022,valid,True,19,0.00809,0.10076,0.00079,0.00183,0.11373,True,
I022,valid,True,20,0.00842,0.104999,0.0009,0.00182,0.118439,True,
I022,valid,True,21,0.009269,0.107371,0.0009,0.00176,0.122089,True,
I022,valid,True,22,0.00926,0.10702,0.00112,0.00187,0.12208,True,
I022,valid,True,23,0.00891,0.15652,0.0011,0.00204,0.17151,True,
I022,valid,True,24,0.0117,0.12865,0.00103,0.00204,0.14644,True,
I022,valid,True,25,0.00992,0.11612,0.00091,0.00191,0.13162,True,
I022,valid,True,26,0.0101,2.192189,0.00143,0.00271,2.210349,True,
I022,valid,True,27,0.01436,0.13748,0.00118,0.00254,0.15857,True,
I022,valid,True,28,0.011109,0.12141,0.001131,0.0023,0.138729,True,
I022,valid,True,29,0.0111,0.128141,0.001011,0.00216,0.146481,True,
I022,valid,True,30,0.01314,0.121039,0.00098,0.002071,0.140781,True,
I022,valid,True,31,0.00984,0.137189,0.00116,0.00209,0.15344,True,
I022,valid,True,32,0.00974,0.1048,0.00077,0.00181,0.11949,True,
I022,valid,True,33,0.00903,0.10063,0.00089,0.00183,0.11467,True,
I022,valid,True,34,0.00835,0.10187,0.00073,0.00183,0.11494,True,
I022,valid,True,35,0.00847,0.10026,0.00076,0.00193,0.11363,True,
I022,valid,True,36,0.00894,0.11046,0.00071,0.00179,0.1243,True,
I022,valid,True,37,0.00888,0.09845,0.0008,0.00174,0.1119,True,
I022,valid,True,38,0.00807,2.112009,0.00187,0.00346,2.129019,True,
I022,valid,True,39,0.01334,0.15314,0.00123,0.00238,0.17299,True,
I022,valid,True,40,0.01009,0.11198,0.00078,0.00178,0.12726,True,
I022,valid,True,41,0.00868,0.103619,0.00086,0.00182,0.117399,True,
I022,valid,True,42,0.00894,0.100879,0.00084,0.00162,0.11447,True,
I022,valid,True,43,0.008529,0.11179,0.00076,0.00172,0.125101,True,
I022,valid,True,44,0.00918,0.101939,0.00068,0.00186,0.116469,True,
I022,valid,True,45,0.00887,0.11729,0.00088,0.00201,0.13162,True,
I022,valid,True,46,0.00986,0.11593,0.00151,0.00217,0.13289,True,
I022,valid,True,47,0.01038,0.11936,0.00106,0.00205,0.13558,True,
I022,valid,True,48,0.01043,0.11586,0.00106,0.00208,0.13215,True,
I022,valid,True,49,0.01013,0.1284,0.00139,0.00261,0.14575,True,
I022,valid,True,50,0.01045,0.12632,0.00117,0.00231,0.14307,True,
I022,valid,True,51,0.0115,2.209339,0.0013,0.003271,2.229549,True,
I022,valid,True,52,0.01352,0.139239,0.00122,0.002251,0.159859,True,
I022,valid,True,53,0.01126,0.13337,0.00104,0.00211,0.15107,True,
I022,valid,True,54,0.01056,0.12164,0.00118,0.00212,0.14509,True,
I022,valid,True,55,0.01117,0.12145,0.00109,0.00193,0.13839,True,
I022,valid,True,56,0.00962,0.13092,0.00086,0.00248,0.14673,True,
I022,valid,True,57,0.00985,0.10618,0.00074,0.00167,0.12097,True,
I022,valid,True,58,0.00843,0.09866,0.00065,0.00162,0.11131,True,
I022,valid,True,59,0.00796,0.09604,0.00069,0.00183,0.10851,True,
I022,valid,True,60,0.0079,0.09654,0.00075,0.00164,0.10886,True,
I022,valid,True,61,0.00825,0.09597,0.00075,0.00165,0.10868,True,
I022,valid,True,62,0.04238,0.10185,0.00084,0.00188,0.14904,True,
I022,valid,True,63,0.00775,0.09683,0.00072,0.001531,0.10886,True,
I022,valid,True,64,0.0169,0.147869,0.00151,0.00214,0.172049,True,
I022,valid,True,65,0.009349,0.109309,0.00117,0.00215,0.12454,True,
I022,valid,True,66,0.00921,0.09814,0.00065,0.00171,0.11188,True,
I022,valid,True,67,0.00818,0.09535,0.00071,0.0016,0.10802,True,
I022,valid,True,68,0.00788,0.10233,0.00075,0.00164,0.11462,True,
I022,valid,True,69,0.00849,0.09462,0.00075,0.00179,0.10782,True,
I022,valid,True,70,0.00942,0.11613,0.00072,0.00159,0.13033,True,
I022,valid,True,71,0.00854,0.0983,0.00085,0.00169,0.11186,True,
I022,valid,True,72,0.00882,0.1027,0.00093,0.00194,0.11691,True,
I022,valid,True,73,0.00896,0.11042,0.00086,0.00174,0.12431,True,
I022,valid,True,74,0.00902,0.1074,0.00086,0.00175,0.12145,True,
I022,valid,True,75,0.009,0.13195,0.001009,0.002051,0.146649,True,
I022,valid,True,76,0.01022,0.125239,0.001089,0.002251,0.142079,True,
I022,valid,True,77,0.01102,2.206909,0.00117,0.00268,2.225829,True,
I022,valid,True,78,0.014549,0.13005,0.00096,0.00236,0.15159,True,
I022,valid,True,79,0.01066,0.12199,0.001,0.00212,0.13862,True,
I022,valid,True,80,0.00989,0.12341,0.00103,0.00204,0.13922,True,
I022,valid,True,81,0.01056,0.11896,0.00081,0.00218,0.13548,True,
I022,valid,True,82,0.00985,0.1252,0.0009,0.00219,0.14078,True,
I022,valid,True,83,0.00974,0.10015,0.00088,0.00168,0.11468,True,
I022,valid,True,84,0.00825,0.10172,0.000749,0.00191,0.11512,True,
I022,valid,True,85,0.00937,0.16335,0.000751,0.001869,0.22077,True,
I022,valid,True,86,0.009271,0.11739,0.000689,0.00162,0.13113,True,
I022,valid,True,87,0.01058,0.12482,0.00083,0.00205,0.14126,True,
I022,valid,True,88,0.00959,2.182289,0.00124,0.00327,2.199739,True,
I022,valid,True,89,0.01426,0.13341,0.00106,0.0024,0.15415,True,
I022,valid,True,90,0.01021,0.1085,0.00086,0.00187,0.12406,True,
I022,valid,True,91,0.00972,0.10039,0.00075,0.00191,0.11505,True,
I022,valid,True,92,0.00782,0.09643,0.00097,0.01077,0.11841,True,
I022,valid,True,93,0.00965,0.11045,0.001,0.00183,0.12545,True,
I022,valid,True,94,0.00881,0.11873,0.00094,0.00195,0.13314,True,
I022,valid,True,95,0.009671,0.10872,0.00095,0.00166,0.12341,True,
I022,valid,True,96,0.010889,0.116021,0.000889,0.0021,0.13251,True,
I022,valid,True,97,0.010851,0.143779,0.001171,0.002269,0.16109,True,
I022,valid,True,98,0.01148,0.131459,0.0011,0.00236,0.149881,True,
I022,valid,True,99,0.01335,0.13689,0.00158,0.00223,0.15785,True,
I022,valid,True,100,0.01134,0.61977,0.0012,0.00233,0.63818,True,
I023,valid,True,1,0.01131,0.16804,0.00138,0.00251,0.187061,True,
I023,valid,True,2,0.00931,0.121659,0.000971,0.002209,0.136939,True,
I023,valid,True,3,0.00866,0.109889,0.00081,0.00168,0.123689,True,
I023,valid,True,4,0.00815,0.10978,0.00084,0.00194,0.12322,True,
I023,valid,True,5,0.00814,0.11788,0.00107,0.00188,0.13145,True,
I023,valid,True,6,0.00918,0.11993,0.00107,0.00209,0.1351,True,
I023,valid,True,7,0.00889,0.13757,0.00107,0.00211,0.15236,True,
I023,valid,True,8,0.00786,0.10096,0.00079,0.00183,0.11349,True,
I023,valid,True,9,0.0073,0.096,0.00073,0.00158,0.10789,True,
I023,valid,True,10,0.00718,0.09805,0.00066,0.00159,0.10952,True,
I023,valid,True,11,0.00678,0.0978,0.00076,0.00172,0.10907,True,
I023,valid,True,12,0.00707,0.10138,0.00071,0.00186,0.11308,True,
I023,valid,True,13,0.00744,0.11009,0.00084,0.00186,0.12263,True,
I023,valid,True,14,0.007599,0.10818,0.00066,0.00177,0.12056,True,
I023,valid,True,15,0.00814,0.11385,0.0009,0.001789,0.127299,True,
I023,valid,True,16,0.00734,0.10821,0.00092,0.001629,0.12049,True,
I023,valid,True,17,0.007371,0.099429,0.00092,0.00172,0.111669,True,
I023,valid,True,18,0.00691,0.0959,0.00076,0.00178,0.10738,True,
I023,valid,True,19,0.00624,0.10178,0.001,0.00168,0.11356,True,
I023,valid,True,20,0.01761,0.10142,0.00101,0.00188,0.12424,True,
I023,valid,True,21,0.00781,0.11221,0.00119,0.00216,0.12608,True,
I023,valid,True,22,0.02477,0.1239,0.00113,0.00213,0.15478,True,
I023,valid,True,23,0.00956,0.14198,0.001,0.0023,0.15783,True,
I023,valid,True,24,0.00916,0.13814,0.00109,0.00206,0.15335,True,
I023,valid,True,25,0.00996,0.15729,0.001191,0.010811,0.182709,True,
I023,valid,True,26,0.01096,0.12927,0.001191,0.00216,0.146839,True,
I023,valid,True,27,0.009531,0.144829,0.0011,0.00219,0.16066,True,
I023,valid,True,28,0.00984,0.11737,0.00101,0.00196,0.133069,True,
I023,valid,True,29,0.00845,0.11423,0.00093,0.00207,0.12836,True,
I023,valid,True,30,0.00825,0.1222,0.00101,0.00202,0.13618,True,
I023,valid,True,31,0.00983,0.14558,0.00109,0.00182,0.16144,True,
I023,valid,True,32,0.00947,0.10996,0.00092,0.00165,0.12469,True,
I023,valid,True,33,0.0085,0.13642,0.00129,0.002,0.15137,True,
I023,valid,True,34,0.00879,0.11954,0.00133,0.00194,0.13487,True,
I023,valid,True,35,0.00837,0.12313,0.0012,0.00208,0.13788,True,
I023,valid,True,36,0.01099,0.13232,0.00106,0.00201,0.14978,True,
I023,valid,True,37,0.00983,0.12731,0.00107,0.00181,0.14372,True,
I023,valid,True,38,0.00874,0.121769,0.000969,0.0018,0.136059,True,
I023,valid,True,39,0.00834,0.1415,0.00113,0.00211,0.1562,True,
I023,valid,True,40,0.009129,0.131579,0.00097,0.00217,0.147149,True,
I023,valid,True,41,0.0099,0.12052,0.00107,0.00213,0.13653,True,
I023,valid,True,42,0.00836,0.11325,0.00081,0.00186,0.12691,True,
I023,valid,True,43,0.00847,0.11226,0.00085,0.00184,0.12597,True,
I023,valid,True,44,0.00872,0.11929,0.00094,0.002,0.13406,True,
I023,valid,True,45,0.0085,0.1289,0.00085,0.00214,0.14331,True,
I023,valid,True,46,0.01001,0.15792,0.00124,0.00249,0.17481,True,
I023,valid,True,47,0.01016,0.12669,0.00106,0.00204,0.1429,True,
I023,valid,True,48,0.0089,0.13277,0.001149,0.00218,0.147919,True,
I023,valid,True,49,0.0104,0.15115,0.00106,0.00228,0.16805,True,
I023,valid,True,50,0.009811,0.137699,0.00119,0.00227,0.154119,True,
I023,valid,True,51,0.00987,0.141,0.00097,0.00192,0.15702,True,
I023,valid,True,52,0.00867,0.11565,0.00107,0.00184,0.13014,True,
I023,valid,True,53,0.00977,0.12347,0.001,0.00196,0.13938,True,
I023,valid,True,54,0.00889,0.13157,0.00098,0.00206,0.1466,True,
I023,valid,True,55,0.00897,0.14456,0.00111,0.00206,0.15991,True,
I023,valid,True,56,0.00932,0.11388,0.00093,0.00169,0.13352,True,
I023,valid,True,57,0.02596,0.1244,0.00101,0.00194,0.15667,True,
I023,valid,True,58,0.01001,0.136449,0.0012,0.001949,0.15284,True,
I023,valid,True,59,0.009331,0.13392,0.001,0.002089,0.14933,True,
I023,valid,True,60,0.01008,0.13223,0.001171,0.002271,0.148961,True,
I023,valid,True,61,0.0094,0.13647,0.00099,0.00182,0.15149,True,
I023,valid,True,62,0.00726,0.09661,0.00095,0.00189,0.1088,True,
I023,valid,True,63,0.02423,0.12769,0.00094,0.00207,0.15814,True,
I023,valid,True,64,0.0104,0.1298,0.00098,0.00223,0.14679,True,
I023,valid,True,65,0.00987,0.13422,0.00123,0.00226,0.15068,True,
I023,valid,True,66,0.00973,0.13392,0.00123,0.00209,0.14998,True,
I023,valid,True,67,0.02101,2.395028,0.001929,0.00276,2.425309,True,
I023,valid,True,68,0.01106,0.112999,0.001109,0.00204,0.13003,True,
I023,valid,True,69,0.007469,0.091781,0.00078,0.001629,0.10359,True,
I023,valid,True,70,0.00702,0.09704,0.00072,0.001871,0.108799,True,
I023,valid,True,71,0.0068,0.0991,0.00083,0.00196,0.110899,True,
I023,valid,True,72,0.00646,0.12502,0.00102,0.00174,0.13703,True,
I023,valid,True,73,0.00908,0.12108,0.00112,0.00193,0.13606,True,
I023,valid,True,74,0.01074,0.14616,0.00125,0.00254,0.16397,True,
I023,valid,True,75,0.01084,0.13918,0.00113,0.00232,0.15668,True,
I023,valid,True,76,0.01083,0.1363,0.0011,0.00217,0.15409,True,
I023,valid,True,77,0.00987,0.13656,0.00113,0.00227,0.15273,True,
I023,valid,True,78,0.01035,0.1379,0.00117,0.00248,0.1553,True,
I023,valid,True,79,0.00994,3.185829,0.00158,0.00284,3.204298,True,
I023,valid,True,80,0.01334,0.1644,0.00148,0.00273,0.18566,True,
I023,valid,True,81,0.01062,0.13421,0.00127,0.00242,0.15195,True,
I023,valid,True,82,0.01036,0.14377,0.00118,0.00226,0.161739,True,
I023,valid,True,83,0.009349,0.118241,0.000971,0.001911,0.13325,True,
I023,valid,True,84,0.00796,1.163989,0.00127,0.00241,1.17856,True,
I023,valid,True,85,0.01064,0.12834,0.00129,0.00229,0.1457,True,
I023,valid,True,86,0.00788,0.107539,0.000989,0.0019,0.120789,True,
I023,valid,True,87,0.00877,0.10684,0.000809,0.001891,0.120709,True,
I023,valid,True,88,0.007051,0.10473,0.00102,0.00206,0.117519,True,
I023,valid,True,89,0.008369,0.10729,0.00082,0.00186,0.12073,True,
I023,valid,True,90,0.007469,0.098919,0.001009,0.00176,0.11145,True,
I023,valid,True,91,0.01697,0.18684,0.00145,0.00354,0.21421,True,
I023,valid,True,92,0.01228,0.13745,0.00124,0.00249,0.15673,True,
I023,valid,True,93,0.01053,0.147,0.00136,0.00259,0.16473,True,
I023,valid,True,94,0.01079,0.14844,0.00134,0.00248,0.1664,True,
I023,valid,True,95,0.01149,0.16044,0.00118,0.00265,0.1791,True,
I023,valid,True,96,0.00999,0.1275,0.00106,0.002191,0.143639,True,
I023,valid,True,97,0.01001,0.126099,0.0011,0.00208,0.14219,True,
I023,valid,True,98,0.00893,0.119509,0.000929,0.00194,0.134619,True,
I023,valid,True,99,0.00764,0.11162,0.00096,0.0018,0.12461,True,
I023,valid,True,100,0.01012,0.12071,0.00101,0.00193,0.13659,True,
I024,valid,True,1,0.01269,0.14325,0.00157,0.00252,0.16376,True,
I024,valid,True,2,0.00842,0.10976,0.00108,0.0019,0.12348,True,
I024,valid,True,3,0.007,0.10166,0.00093,0.0018,0.11343,True,
I024,valid,True,4,0.00785,0.09898,0.00088,0.00158,0.11145,True,
I024,valid,True,5,0.00748,0.09523,0.00073,0.00156,0.10693,True,
I024,valid,True,6,0.00683,0.11482,0.00098,0.00155,0.12625,True,
I024,valid,True,7,0.007589,0.097881,0.000871,0.00152,0.11087,True,
I024,valid,True,8,0.007111,0.10167,0.00082,0.00157,0.11334,True,
I024,valid,True,9,0.00723,0.08544,0.0007,0.0013,0.09658,True,
I024,valid,True,10,0.00604,0.08656,0.00074,0.001431,0.09672,True,
I024,valid,True,11,0.00663,0.09638,0.00074,0.00145,0.10713,True,
I024,valid,True,12,0.00667,0.08751,0.0008,0.00139,0.09836,True,
I024,valid,True,13,0.0064,0.08869,0.00077,0.00139,0.09916,True,
I024,valid,True,14,0.00695,2.910488,0.001331,0.00254,2.924579,True,
I024,valid,True,15,0.0124,0.14013,0.001191,0.002371,0.158539,True,
I024,valid,True,16,0.00978,0.104379,0.00095,0.0021,0.11957,True,
I024,valid,True,17,0.0078,0.097789,0.00083,0.0019,0.11043,True,
I024,valid,True,18,0.00697,0.0937,0.0007,0.00156,0.1049,True,
I024,valid,True,19,0.00707,0.09212,0.00083,0.00174,0.10374,True,
I024,valid,True,20,0.00649,0.0979,0.00089,0.00174,0.10904,True,
I024,valid,True,21,0.00796,0.09992,0.00089,0.00201,0.11298,True,
I024,valid,True,22,0.00702,0.09744,0.00076,0.00151,0.10873,True,
I024,valid,True,23,0.00835,0.10369,0.00099,0.00193,0.11742,True,
I024,valid,True,24,0.007,0.10053,0.0008,0.00168,0.11203,True,
I024,valid,True,25,0.00682,0.09641,0.00082,0.00158,0.10763,True,
I024,valid,True,26,0.007,0.09371,0.00072,0.00149,0.1048,True,
I024,valid,True,27,0.00751,0.095779,0.000729,0.001769,0.107769,True,
I024,valid,True,28,0.0071,0.10575,0.00076,0.00158,0.117141,True,
I024,valid,True,29,0.007291,0.09205,0.000729,0.001709,0.10373,True,
I024,valid,True,30,0.006591,2.171708,0.00121,0.00328,2.186098,True,
I024,valid,True,31,0.01166,0.12963,0.00109,0.00225,0.14755,True,
I024,valid,True,32,0.00882,0.10601,0.00084,0.00188,0.11976,True,
I024,valid,True,33,0.00793,0.10027,0.00081,0.00185,0.11306,True,
I024,valid,True,34,0.0075,0.0943,0.00075,0.00173,0.10614,True,
I024,valid,True,35,0.00844,0.10373,0.00081,0.00184,0.11689,True,
I024,valid,True,36,0.00727,0.09839,0.00074,0.0018,0.11046,True,
I024,valid,True,37,0.0085,0.12742,0.00099,0.00216,0.14152,True,
I024,valid,True,38,0.00945,0.11956,0.000911,0.00186,0.134539,True,
I024,valid,True,39,0.00864,0.112649,0.00112,0.001951,0.127241,True,
I024,valid,True,40,0.008371,0.111181,0.000851,0.002149,0.12599,True,
I024,valid,True,41,0.009031,0.12197,0.00094,0.002011,0.136641,True,
I024,valid,True,42,0.008319,0.11297,0.00098,0.0022,0.127239,True,
I024,valid,True,43,0.00948,3.206769,0.00169,0.00292,3.225209,True,
I024,valid,True,44,0.014491,0.139239,0.001389,0.002411,0.16131,True,
I024,valid,True,45,0.010349,0.12221,0.001191,0.0025,0.13913,True,
I024,valid,True,46,0.010119,0.12769,0.00111,0.00227,0.14419,True,
I024,valid,True,47,0.01209,0.14197,0.00107,0.00222,0.16086,True,
I024,valid,True,48,0.01088,0.15741,0.00121,0.00258,0.17548,True,
I024,valid,True,49,0.01119,0.14007,0.00106,0.00245,0.15814,True,
I024,valid,True,50,0.01109,0.13864,0.00108,0.00213,0.15634,True,
I024,valid,True,51,0.01037,0.1389,0.00105,0.00224,0.15576,True,
I024,valid,True,52,0.01011,0.14635,0.00111,0.00213,0.16313,True,
I024,valid,True,53,0.01094,2.191478,0.00182,0.00296,2.211478,True,
I024,valid,True,54,0.01346,0.150249,0.00157,0.00243,0.17122,True,
I024,valid,True,55,0.01026,0.125169,0.00098,0.00214,0.141239,True,
I024,valid,True,56,0.00944,0.11238,0.00091,0.00172,0.12704,True,
I024,valid,True,57,0.00851,0.12982,0.00095,0.00191,0.144,True,
I024,valid,True,58,0.00879,0.11141,0.00089,0.00189,0.13113,True,
I024,valid,True,59,0.00853,0.19028,0.0012,0.00264,0.20595,True,
I024,valid,True,60,0.01146,0.14094,0.00126,0.00242,0.15934,True,
I024,valid,True,61,0.01127,0.11745,0.00116,0.00219,0.13498,True,
I024,valid,True,62,0.01032,0.12637,0.00126,0.00211,0.14333,True,
I024,valid,True,63,0.009471,0.14071,0.001231,0.002309,0.15681,True,
I024,valid,True,64,0.01056,2.170569,0.00125,0.00289,2.189149,True,
I024,valid,True,65,0.01342,0.1484,0.00108,0.00241,0.16868,True,
I024,valid,True,66,0.00977,0.1219,0.00111,0.0021,0.13782,True,
I024,valid,True,67,0.009,0.11958,0.00085,0.00209,0.13444,True,
I024,valid,True,68,0.00924,0.16447,0.0009,0.0021,0.17945,True,
I024,valid,True,69,0.00977,0.11918,0.0009,0.00203,0.13462,True,
I024,valid,True,70,0.00945,0.13809,0.00086,0.00208,0.15321,True,
I024,valid,True,71,0.00955,0.11705,0.0009,0.00182,0.13205,True,
I024,valid,True,72,0.0091,0.10129,0.00101,0.00227,0.11585,True,
I024,valid,True,73,0.00723,0.093089,0.000649,0.00142,0.104609,True,
I024,valid,True,74,0.006909,0.09229,0.00076,0.00178,0.103959,True,
I024,valid,True,75,0.007191,0.10605,0.00086,0.001709,0.11797,True,
I024,valid,True,76,0.007789,0.097039,0.00073,0.00161,0.109359,True,
I024,valid,True,77,0.00789,0.93701,0.0012,0.00267,0.95207,True,
I024,valid,True,78,0.01244,0.16192,0.0012,0.00269,0.18193,True,
I024,valid,True,79,0.0112,0.14156,0.00106,0.0023,0.1592,True,
I024,valid,True,80,0.01062,0.14227,0.001149,0.002209,0.159561,True,
I024,valid,True,81,0.0107,0.13169,0.00108,0.002451,0.149239,True,
I024,valid,True,82,0.010419,0.15389,0.00101,0.00224,0.171029,True,
I024,valid,True,83,0.0101,0.15268,0.00106,0.00215,0.16915,True,
I024,valid,True,84,0.00973,0.11669,0.00106,0.00195,0.13206,True,
I024,valid,True,85,0.0102,0.10457,0.00094,0.00197,0.11995,True,
I024,valid,True,86,0.00757,0.10101,0.00068,0.00173,0.11315,True,
I024,valid,True,87,0.00821,0.10236,0.00071,0.00187,0.11549,True,
I024,valid,True,88,0.00731,0.11105,0.00077,0.00173,0.12344,True,
I024,valid,True,89,0.00795,0.10334,0.00075,0.00177,0.11607,True,
I024,valid,True,90,0.0079,3.188518,0.00169,0.003,3.205518,True,
I024,valid,True,91,0.01417,0.14268,0.00138,0.00207,0.16367,True,
I024,valid,True,92,0.00979,0.11269,0.0011,0.00199,0.12819,True,
I024,valid,True,93,0.00869,0.15678,0.00106,0.00224,0.17166,True,
I024,valid,True,94,0.00976,0.13118,0.00091,0.00184,0.14666,True,
I024,valid,True,95,0.00825,0.1067,0.000809,0.001889,0.12009,True,
I024,valid,True,96,0.00756,0.12325,0.00092,0.001991,0.13615,True,
I024,valid,True,97,0.008271,0.10505,0.00084,0.001869,0.118461,True,
I024,valid,True,98,0.00734,0.09975,0.000669,0.00182,0.111961,True,
I024,valid,True,99,0.007329,0.1048,0.00073,0.00177,0.11699,True,
I024,valid,True,100,0.007969,0.10543,0.00079,0.00183,0.11868,True,
I025,valid,True,1,0.01214,2.189579,0.00145,0.00245,2.209699,True,
I025,valid,True,2,0.01353,0.12289,0.00097,0.00217,0.14261,True,
I025,valid,True,3,0.01001,0.11493,0.00105,0.00203,0.13117,True,
I025,valid,True,4,0.00917,0.11146,0.00075,0.00178,0.12567,True,
I025,valid,True,5,0.00885,0.109319,0.000771,0.001629,0.122929,True,
I025,valid,True,6,0.00852,0.095909,0.000709,0.001671,0.109029,True,
I025,valid,True,7,0.00854,0.115001,0.000671,0.00186,0.12829,True,
I025,valid,True,8,0.00875,0.099241,0.00083,0.0018,0.11287,True,
I025,valid,True,9,0.00923,0.10335,0.00067,0.00161,0.11701,True,
I025,valid,True,10,0.00873,0.09812,0.00079,0.00155,0.11148,True,
I025,valid,True,11,0.00804,0.09473,0.00077,0.00166,0.10737,True,
I025,valid,True,12,0.00811,0.12844,0.00086,0.00167,0.14138,True,
I025,valid,True,13,0.00929,0.09895,0.0007,0.00155,0.11262,True,
I025,valid,True,14,0.00848,4.252418,0.00284,0.004591,4.274107,True,
I025,valid,True,15,0.022391,0.178419,0.002051,0.0027,0.211,True,
I025,valid,True,16,0.01348,0.146439,0.001829,0.002809,0.16845,True,
I025,valid,True,17,0.02347,0.14587,0.00127,0.00257,0.17702,True,
I025,valid,True,18,0.01189,0.15797,0.00132,0.0024,0.17733,True,
I025,valid,True,19,0.01217,0.13594,0.00106,0.0023,0.15484,True,
I025,valid,True,20,0.01168,0.13432,0.00108,0.00235,0.1528,True,
I025,valid,True,21,0.01166,0.13508,0.00098,0.00194,0.15279,True,
I025,valid,True,22,0.01136,0.15282,0.00119,0.00225,0.17128,True,
I025,valid,True,23,0.01245,4.185967,0.00273,0.00514,4.212647,True,
I025,valid,True,24,0.0197,0.189699,0.00187,0.00238,0.217709,True,
I025,valid,True,25,0.0112,0.11839,0.00101,0.00212,0.13507,True,
I025,valid,True,26,0.00973,0.10277,0.00082,0.00162,0.11712,True,
I025,valid,True,27,0.00868,0.1134,0.00074,0.00175,0.12678,True,
I025,valid,True,28,0.00801,0.10112,0.00089,0.00177,0.11382,True,
I025,valid,True,29,0.00896,0.11594,0.001,0.00167,0.12978,True,
I025,valid,True,30,0.00892,0.0992,0.00078,0.00176,0.11286,True,
I025,valid,True,31,0.00882,0.0982,0.00076,0.0016,0.11145,True,
I025,valid,True,32,0.00886,0.09926,0.00071,0.00185,0.11326,True,
I025,valid,True,33,0.00882,0.09709,0.00072,0.00176,0.11049,True,
I025,valid,True,34,0.0083,0.10632,0.00071,0.00168,0.11937,True,
I025,valid,True,35,0.00888,0.09984,0.00074,0.00176,0.113919,True,
I025,valid,True,36,0.00816,0.095291,0.00072,4.028378,4.141057,True,
I025,valid,True,37,0.029,0.23895,0.00314,0.00351,0.27973,True,
I025,valid,True,38,0.01367,0.14022,0.00154,0.00195,0.16045,True,
I025,valid,True,39,0.01075,0.15769,0.00139,0.0021,0.1745,True,
I025,valid,True,40,0.0102,0.11113,0.00087,0.00199,0.12655,True,
I025,valid,True,41,0.00911,0.13201,0.00105,0.002,0.14685,True,
I025,valid,True,42,0.01072,0.13139,0.00081,0.002,0.148,True,
I025,valid,True,43,0.02708,0.234731,0.011649,0.003529,0.285891,True,
I025,valid,True,44,0.015089,0.13246,0.00112,0.00242,0.15444,True,
I025,valid,True,45,0.01051,0.12181,0.00114,0.00201,0.13814,True,
I025,valid,True,46,0.00933,0.20137,0.00108,0.00213,0.21631,True,
I025,valid,True,47,0.02004,0.19047,0.00189,0.00297,0.22052,True,
I025,valid,True,48,0.0105,0.11173,0.00087,0.00196,0.12765,True,
I025,valid,True,49,0.00902,0.10542,0.00082,0.00168,0.11899,True,
I025,valid,True,50,0.00883,0.103211,0.00074,0.00177,0.11688,True,
I025,valid,True,51,0.009609,0.11059,0.00082,0.0018,0.12535,True,
I025,valid,True,52,0.009391,0.102941,0.000729,0.00174,0.117379,True,
I025,valid,True,53,0.009529,0.110799,0.000931,0.00196,0.126081,True,
I025,valid,True,54,0.0108,0.11171,0.00088,0.00201,0.12794,True,
I025,valid,True,55,0.010311,0.11056,0.00113,0.00178,0.1262,True,
I025,valid,True,56,0.009,0.11291,0.0008,0.0022,0.12737,True,
I025,valid,True,57,0.00993,0.12467,0.00077,0.00171,0.13955,True,
I025,valid,True,58,0.01022,0.13327,0.00139,0.00185,0.1496,True,
I025,valid,True,59,0.01069,4.246597,0.00286,0.00393,4.269388,True,
I025,valid,True,60,0.01945,0.14595,0.0018,0.0027,0.185279,True,
I025,valid,True,61,0.012189,0.115401,0.00112,0.00208,0.133381,True,
I025,valid,True,62,0.00984,0.11579,0.000849,0.002149,0.13139,True,
I025,valid,True,63,0.00956,0.10745,0.00077,0.00184,0.12221,True,
I025,valid,True,64,0.00924,0.12039,0.00096,0.00201,0.13528,True,
I025,valid,True,65,0.00893,0.10277,0.0008,0.00191,0.11673,True,
I025,valid,True,66,0.00829,0.09932,0.00079,0.00173,0.11265,True,
I025,valid,True,67,0.00802,0.10154,0.00069,0.00198,0.11439,True,
I025,valid,True,68,0.00822,0.09473,0.0007,0.00192,0.10761,True,
I025,valid,True,69,0.0084,0.10771,0.00074,0.00179,0.12072,True,
I025,valid,True,70,0.00822,0.10112,0.00074,0.00188,0.11436,True,
I025,valid,True,71,0.00959,4.201257,0.00258,0.004269,4.223847,True,
I025,valid,True,72,0.0206,0.18864,0.002181,0.00272,0.217889,True,
I025,valid,True,73,0.011191,0.110639,0.00117,0.00182,0.127669,True,
I025,valid,True,74,0.00824,0.09748,0.00088,0.0017,0.11041,True,
I025,valid,True,75,0.00753,0.10389,0.00084,0.00183,0.11609,True,
I025,valid,True,76,0.00807,0.09799,0.00075,0.00173,0.11072,True,
I025,valid,True,77,0.00893,0.11898,0.0011,0.00187,0.13342,True,
I025,valid,True,78,0.00895,0.10097,0.00146,0.00206,0.11656,True,
I025,valid,True,79,0.00853,0.10267,0.00079,0.00189,0.11623,True,
I025,valid,True,80,0.00809,0.12287,0.00083,0.00175,0.13951,True,
I025,valid,True,81,0.00828,0.097449,0.00075,0.0018,0.11054,True,
I025,valid,True,82,0.00752,0.10465,0.00084,0.00188,0.117129,True,
I025,valid,True,83,0.009,0.097421,0.0007,0.001611,0.11079,True,
I025,valid,True,84,0.00786,4.240237,0.00216,0.003551,4.259669,True,
I025,valid,True,85,0.02029,0.17274,0.00177,0.00339,0.20298,True,
I025,valid,True,86,0.01222,0.14437,0.00135,0.00268,0.16428,True,
I025,valid,True,87,0.01215,0.14106,0.00126,0.00217,0.15989,True,
I025,valid,True,88,0.01098,0.14214,0.00136,0.00212,0.15991,True,
I025,valid,True,89,0.00955,0.10575,0.00104,0.00205,0.1212,True,
I025,valid,True,90,0.00846,0.09788,0.00075,0.00173,0.11087,True,
I025,valid,True,91,0.00759,0.09542,0.000771,0.00154,0.107319,True,
I025,valid,True,92,0.00782,0.09531,0.000669,0.001929,0.10763,True,
I025,valid,True,93,0.007871,0.095021,0.000731,0.00162,0.107219,True,
I025,valid,True,94,0.008111,0.105869,0.0009,0.00171,0.1188,True,
I025,valid,True,95,0.00828,0.09557,0.00086,0.00161,0.10827,True,
I025,valid,True,96,0.00772,3.843418,0.00208,0.00433,3.862638,True,
I025,valid,True,97,0.01861,2.257599,0.0023,0.00406,2.288079,True,
I025,valid,True,98,0.02068,0.16777,0.00159,0.00292,0.19742,True,
I025,valid,True,99,0.01415,0.18405,0.00109,0.00253,0.20533,True,
I025,valid,True,100,0.01215,0.1672,0.00127,0.00217,0.18697,True,
I026,ambiguous,False,1,0.010849,0.16168,,,0.176779,False,cir_validation
I026,ambiguous,False,2,0.00805,0.10622,,,0.11731,False,cir_validation
I026,ambiguous,False,3,0.00617,0.10658,,,0.11424,False,cir_validation
I026,ambiguous,False,4,0.00619,0.10416,,,0.11187,False,cir_validation
I026,ambiguous,False,5,0.00728,0.1034,,,0.11233,False,cir_validation
I026,ambiguous,False,6,0.00579,0.11583,,,0.12322,False,cir_validation
I026,ambiguous,False,7,0.00724,0.10701,,,0.11613,False,cir_validation
I026,ambiguous,False,8,0.00621,0.09894,,,0.10665,False,cir_validation
I026,ambiguous,False,9,0.00737,0.10099,,,0.10991,False,cir_validation
I026,ambiguous,False,10,0.00564,0.09693,,,0.10404,False,cir_validation
I026,ambiguous,False,11,0.0062,0.09489,,,0.10267,False,cir_validation
I026,ambiguous,False,12,0.0059,0.094929,,,0.102179,False,cir_validation
I026,ambiguous,False,13,0.00544,0.09225,,,0.099079,False,cir_validation
I026,ambiguous,False,14,0.00562,2.206839,,,2.215768,False,cir_validation
I026,ambiguous,False,15,0.01612,0.18391,,,0.20363,False,cir_validation
I026,ambiguous,False,16,0.00845,0.11111,,,0.1214,False,cir_validation
I026,ambiguous,False,17,0.00681,0.10282,,,0.11135,False,cir_validation
I026,ambiguous,False,18,0.0067,0.09775,,,0.10608,False,cir_validation
I026,ambiguous,False,19,0.00604,0.10025,,,0.10789,False,cir_validation
I026,ambiguous,False,20,0.0079,1.394249,,,1.405049,False,cir_validation
I026,ambiguous,False,21,0.01165,0.12704,,,0.1413,False,cir_validation
I026,ambiguous,False,22,0.00918,0.13608,,,0.1482,False,cir_validation
I026,ambiguous,False,23,0.00922,0.26902,,,0.28117,False,cir_validation
I026,ambiguous,False,24,0.00847,0.10318,,,0.11353,False,cir_validation
I026,ambiguous,False,25,0.00637,0.09833,,,0.106249,False,cir_validation
I026,ambiguous,False,26,0.005749,0.09075,,,0.09789,False,cir_validation
I026,ambiguous,False,27,0.005929,1.200039,,,1.209019,False,cir_validation
I026,ambiguous,False,28,0.01387,0.14693,,,0.16357,False,cir_validation
I026,ambiguous,False,29,0.0078,0.17886,,,0.18884,False,cir_validation
I026,ambiguous,False,30,0.00764,0.11521,,,0.12477,False,cir_validation
I026,ambiguous,False,31,0.00637,0.11855,,,0.12692,False,cir_validation
I026,ambiguous,False,32,0.008079,0.1142,,,0.12417,False,cir_validation
I026,ambiguous,False,33,0.00706,0.116489,,,0.12572,False,cir_validation
I026,ambiguous,False,34,0.00707,0.123209,,,0.13253,False,cir_validation
I026,ambiguous,False,35,0.00708,0.11318,,,0.12221,False,cir_validation
I026,ambiguous,False,36,1.43915,0.192699,,,1.636519,False,cir_validation
I026,ambiguous,False,37,0.01073,0.15568,,,0.16931,False,cir_validation
I026,ambiguous,False,38,0.00957,0.88409,,,0.89725,False,cir_validation
I026,ambiguous,False,39,0.01074,0.132049,,,0.145279,False,cir_validation
I026,ambiguous,False,40,0.007011,0.164839,,,0.174281,False,cir_validation
I026,ambiguous,False,41,0.01046,0.799469,,,0.813389,False,cir_validation
I026,ambiguous,False,42,0.01145,0.13663,,,0.15125,False,cir_validation
I026,ambiguous,False,43,0.0088,0.1339,,,0.14552,False,cir_validation
I026,ambiguous,False,44,0.01062,0.12327,,,0.13621,False,cir_validation
I026,ambiguous,False,45,0.00933,0.13282,,,0.14462,False,cir_validation
I026,ambiguous,False,46,0.01912,0.136419,,,0.158369,False,cir_validation
I026,ambiguous,False,47,0.009049,1.63995,,,1.652149,False,cir_validation
I026,ambiguous,False,48,0.01053,0.12371,,,0.14566,False,cir_validation
I026,ambiguous,False,49,0.007729,0.10799,,,0.117479,False,cir_validation
I026,ambiguous,False,50,0.00702,0.65613,,,0.665799,False,cir_validation
I026,ambiguous,False,51,0.01025,0.12314,,,0.13544,False,cir_validation
I026,ambiguous,False,52,0.00779,0.11017,,,0.11994,False,cir_validation
I026,ambiguous,False,53,0.00699,1.511309,,,1.521299,False,cir_validation
I026,ambiguous,False,54,0.01183,0.1463,,,0.16107,False,cir_validation
I026,ambiguous,False,55,0.00969,0.24627,,,0.25884,False,cir_validation
I026,ambiguous,False,56,0.01038,0.16687,,,0.1798,False,cir_validation
I026,ambiguous,False,57,0.00909,0.11614,,,0.1273,False,cir_validation
I026,ambiguous,False,58,0.00716,0.681079,,,0.691089,False,cir_validation
I026,ambiguous,False,59,0.02945,0.12513,,,0.15724,False,cir_validation
I026,ambiguous,False,60,0.00757,0.11005,,,0.1195,False,cir_validation
I026,ambiguous,False,61,0.00737,0.10555,,,0.11484,False,cir_validation
I026,ambiguous,False,62,0.00681,0.1011,,,0.10949,False,cir_validation
I026,ambiguous,False,63,0.00618,0.09945,,,0.10728,False,cir_validation
I026,ambiguous,False,64,0.00646,0.11371,,,0.12192,False,cir_validation
I026,ambiguous,False,65,0.00678,0.10042,,,0.10883,False,cir_validation
I026,ambiguous,False,66,0.00617,1.889269,,,1.898149,False,cir_validation
I026,ambiguous,False,67,0.01424,0.782549,,,0.800359,False,cir_validation
I026,ambiguous,False,68,0.01104,0.124379,,,0.137839,False,cir_validation
I026,ambiguous,False,69,0.00761,0.14512,,,0.15494,False,cir_validation
I026,ambiguous,False,70,0.00991,0.13267,,,0.14535,False,cir_validation
I026,ambiguous,False,71,0.00977,0.1262,,,0.13877,False,cir_validation
I026,ambiguous,False,72,0.00903,0.12675,,,0.13832,False,cir_validation
I026,ambiguous,False,73,0.00946,0.14161,,,0.15396,False,cir_validation
I026,ambiguous,False,74,0.00859,0.12237,,,0.1333,False,cir_validation
I026,ambiguous,False,75,0.00962,1.703009,,,1.715759,False,cir_validation
I026,ambiguous,False,76,0.03975,0.12287,,,0.64007,False,cir_validation
I026,ambiguous,False,77,0.01155,0.13054,,,0.14414,False,cir_validation
I026,ambiguous,False,78,0.00693,0.5076,,,0.51732,False,cir_validation
I026,ambiguous,False,79,0.01015,0.13151,,,0.14421,False,cir_validation
I026,ambiguous,False,80,0.00929,0.12804,,,0.13971,False,cir_validation
I026,ambiguous,False,81,0.00805,0.12264,,,0.13328,False,cir_validation
I026,ambiguous,False,82,0.00899,0.12988,,,0.14125,False,cir_validation
I026,ambiguous,False,83,0.00896,0.129929,,,0.141229,False,cir_validation
I026,ambiguous,False,84,0.00854,1.60755,,,1.619229,False,cir_validation
I026,ambiguous,False,85,0.01089,0.11602,,,0.12909,False,cir_validation
I026,ambiguous,False,86,0.00705,0.777339,,,0.787389,False,cir_validation
I026,ambiguous,False,87,0.01138,0.14275,,,0.15615,False,cir_validation
I026,ambiguous,False,88,0.00838,0.43491,,,0.4459,False,cir_validation
I026,ambiguous,False,89,0.01031,0.11548,,,0.12783,False,cir_validation
I026,ambiguous,False,90,0.00713,0.109199,,,0.117839,False,cir_validation
I026,ambiguous,False,91,0.00661,0.10917,,,0.11739,False,cir_validation
I026,ambiguous,False,92,0.006709,0.119179,,,0.127661,False,cir_validation
I026,ambiguous,False,93,0.006771,0.105699,,,0.11419,False,cir_validation
I026,ambiguous,False,94,0.0063,1.384249,,,1.39344,False,cir_validation
I026,ambiguous,False,95,0.01045,0.1443,,,0.1574,False,cir_validation
I026,ambiguous,False,96,0.0088,0.52572,,,0.537259,False,cir_validation
I026,ambiguous,False,97,0.01042,1.14801,,,1.1616,False,cir_validation
I026,ambiguous,False,98,0.01178,0.143239,,,0.15799,False,cir_validation
I026,ambiguous,False,99,0.00944,0.12785,,,0.13973,False,cir_validation
I026,ambiguous,False,100,0.008579,0.14123,,,0.15246,False,cir_validation
I027,ambiguous,False,1,0.01379,0.1773,,,0.19535,False,cir_validation
I027,ambiguous,False,2,0.00961,0.1304,,,0.14257,False,cir_validation
I027,ambiguous,False,3,0.00866,0.14076,,,0.15798,False,cir_validation
I027,ambiguous,False,4,0.01024,0.13812,,,0.15105,False,cir_validation
I027,ambiguous,False,5,0.00946,0.16167,,,0.173919,False,cir_validation
I027,ambiguous,False,6,0.0101,0.140889,,,0.153609,False,cir_validation
I027,ambiguous,False,7,0.009529,0.13617,,,0.148489,False,cir_validation
I027,ambiguous,False,8,0.00768,0.12425,,,0.134319,False,cir_validation
I027,ambiguous,False,9,0.0097,0.15,,,0.1624,False,cir_validation
I027,ambiguous,False,10,0.009,0.13298,,,0.14454,False,cir_validation
I027,ambiguous,False,11,2.036339,0.17292,,,2.213289,False,cir_validation
I027,ambiguous,False,12,0.01018,0.14357,,,0.15692,False,cir_validation
I027,ambiguous,False,13,0.00888,0.12391,,,0.13525,False,cir_validation
I027,ambiguous,False,14,0.00944,0.138949,,,0.15084,False,cir_validation
I027,ambiguous,False,15,0.00881,0.125949,,,0.1369,False,cir_validation
I027,ambiguous,False,16,0.0085,0.154019,,,0.16502,False,cir_validation
I027,ambiguous,False,17,0.009851,0.13474,,,0.147189,False,cir_validation
I027,ambiguous,False,18,0.00923,0.13406,,,0.14591,False,cir_validation
I027,ambiguous,False,19,0.01019,0.12905,,,0.1418,False,cir_validation
I027,ambiguous,False,20,0.00905,0.14902,,,0.16086,False,cir_validation
I027,ambiguous,False,21,0.00948,0.14003,,,0.15218,False,cir_validation
I027,ambiguous,False,22,0.00978,2.193159,,,2.206319,False,cir_validation
I027,ambiguous,False,23,0.01088,0.14573,,,0.15941,False,cir_validation
I027,ambiguous,False,24,0.01017,0.13899,,,0.15181,False,cir_validation
I027,ambiguous,False,25,0.010089,0.153119,,,0.166099,False,cir_validation
I027,ambiguous,False,26,0.0103,0.141839,,,0.154861,False,cir_validation
I027,ambiguous,False,27,0.00968,0.1617,,,0.17483,False,cir_validation
I027,ambiguous,False,28,0.00958,0.14257,,,0.15523,False,cir_validation
I027,ambiguous,False,29,0.01022,0.1335,,,0.14638,False,cir_validation
I027,ambiguous,False,30,0.00937,0.1397,,,0.15182,False,cir_validation
I027,ambiguous,False,31,0.00992,0.15477,,,0.16736,False,cir_validation
I027,ambiguous,False,32,0.00983,1.326419,,,1.339309,False,cir_validation
I027,ambiguous,False,33,0.01063,0.13957,,,0.15272,False,cir_validation
I027,ambiguous,False,34,0.00848,0.12656,,,0.13765,False,cir_validation
I027,ambiguous,False,35,0.01023,0.1491,,,0.16199,False,cir_validation
I027,ambiguous,False,36,0.00935,0.132,,,0.14404,False,cir_validation
I027,ambiguous,False,37,0.00919,0.15635,,,0.16847,False,cir_validation
I027,ambiguous,False,38,0.01002,0.13093,,,0.143459,False,cir_validation
I027,ambiguous,False,39,0.009171,0.136461,,,0.14825,False,cir_validation
I027,ambiguous,False,40,0.009689,0.13299,,,0.145119,False,cir_validation
I027,ambiguous,False,41,0.00972,0.14441,,,0.15672,False,cir_validation
I027,ambiguous,False,42,0.00918,0.13461,,,0.14619,False,cir_validation
I027,ambiguous,False,43,0.01207,0.16313,,,0.179429,False,cir_validation
I027,ambiguous,False,44,0.01014,0.141501,,,0.154119,False,cir_validation
I027,ambiguous,False,45,3.603209,0.20766,,,3.818248,False,cir_validation
I027,ambiguous,False,46,0.01356,0.13564,,,0.15183,False,cir_validation
I027,ambiguous,False,47,0.00957,0.12089,,,0.13286,False,cir_validation
I027,ambiguous,False,48,0.0081,0.14084,,,0.15083,False,cir_validation
I027,ambiguous,False,49,0.00858,0.11218,,,0.12255,False,cir_validation
I027,ambiguous,False,50,0.00801,2.201529,,,2.212139,False,cir_validation
I027,ambiguous,False,51,0.05444,0.15955,,,0.217639,False,cir_validation
I027,ambiguous,False,52,0.00847,0.12448,,,0.1354,False,cir_validation
I027,ambiguous,False,53,0.009521,0.149369,,,0.161421,False,cir_validation
I027,ambiguous,False,54,0.00866,0.124671,,,0.135599,False,cir_validation
I027,ambiguous,False,55,0.00799,0.14408,,,0.15423,False,cir_validation
I027,ambiguous,False,56,0.00736,0.12333,,,0.13286,False,cir_validation
I027,ambiguous,False,57,0.00866,0.12451,,,0.13547,False,cir_validation
I027,ambiguous,False,58,0.00857,0.11908,,,0.12989,False,cir_validation
I027,ambiguous,False,59,0.00811,0.13366,,,0.14399,False,cir_validation
I027,ambiguous,False,60,0.00815,0.12024,,,0.13061,False,cir_validation
I027,ambiguous,False,61,0.00832,2.191569,,,2.203209,False,cir_validation
I027,ambiguous,False,62,0.01276,0.1401,,,0.15571,False,cir_validation
I027,ambiguous,False,63,0.008419,0.11354,,,0.12435,False,cir_validation
I027,ambiguous,False,64,0.006969,0.11971,,,0.12879,False,cir_validation
I027,ambiguous,False,65,0.00874,0.13248,,,0.143969,False,cir_validation
I027,ambiguous,False,66,0.007529,0.117519,,,0.127239,False,cir_validation
I027,ambiguous,False,67,0.00874,0.13351,,,0.14465,False,cir_validation
I027,ambiguous,False,68,0.00796,0.10938,,,0.11909,False,cir_validation
I027,ambiguous,False,69,0.0067,0.10436,,,0.11271,False,cir_validation
I027,ambiguous,False,70,0.00621,0.10294,,,0.1109,False,cir_validation
I027,ambiguous,False,71,0.00637,0.10161,,,0.1097,False,cir_validation
I027,ambiguous,False,72,0.00624,0.11304,,,0.12099,False,cir_validation
I027,ambiguous,False,73,0.00702,0.11212,,,0.12101,False,cir_validation
I027,ambiguous,False,74,0.00658,2.177989,,,2.187299,False,cir_validation
I027,ambiguous,False,75,0.01158,0.226059,,,0.24074,False,cir_validation
I027,ambiguous,False,76,0.01033,0.11983,,,0.1321,False,cir_validation
I027,ambiguous,False,77,0.00754,0.10476,,,0.11401,False,cir_validation
I027,ambiguous,False,78,0.00991,0.11748,,,0.1299,False,cir_validation
I027,ambiguous,False,79,0.0093,0.1403,,,0.15225,False,cir_validation
I027,ambiguous,False,80,0.01022,0.14301,,,0.15589,False,cir_validation
I027,ambiguous,False,81,0.00777,0.12396,,,0.13388,False,cir_validation
I027,ambiguous,False,82,0.00792,0.12359,,,0.13434,False,cir_validation
I027,ambiguous,False,83,0.00903,0.131629,,,0.14378,False,cir_validation
I027,ambiguous,False,84,0.01019,0.1353,,,0.14859,False,cir_validation
I027,ambiguous,False,85,0.010769,0.430379,,,0.444549,False,cir_validation
I027,ambiguous,False,86,0.00958,0.12263,,,0.13436,False,cir_validation
I027,ambiguous,False,87,0.00823,0.11279,,,0.12359,False,cir_validation
I027,ambiguous,False,88,0.00803,0.13719,,,0.14758,False,cir_validation
I027,ambiguous,False,89,0.00837,0.1121,,,0.12271,False,cir_validation
I027,ambiguous,False,90,0.00861,0.11578,,,0.12687,False,cir_validation
I027,ambiguous,False,91,0.0076,0.11615,,,0.12639,False,cir_validation
I027,ambiguous,False,92,0.00833,0.12308,,,0.13363,False,cir_validation
I027,ambiguous,False,93,0.00804,0.11153,,,0.12166,False,cir_validation
I027,ambiguous,False,94,0.00773,0.12706,,,0.13735,False,cir_validation
I027,ambiguous,False,95,0.008169,0.121601,,,0.132019,False,cir_validation
I027,ambiguous,False,96,0.008089,0.15225,,,0.16275,False,cir_validation
I027,ambiguous,False,97,0.007711,0.10634,,,0.115841,False,cir_validation
I027,ambiguous,False,98,0.00634,0.09805,,,0.106,False,cir_validation
I027,ambiguous,False,99,0.0063,0.09766,,,0.10562,False,cir_validation
I027,ambiguous,False,100,0.00638,0.1037,,,0.11214,False,cir_validation
I028,ambiguous,False,1,0.00976,0.15007,,,0.16279,False,cir_validation
I028,ambiguous,False,2,0.00724,0.12347,,,0.1338,False,cir_validation
I028,ambiguous,False,3,0.00883,0.12211,,,0.13329,False,cir_validation
I028,ambiguous,False,4,0.00796,0.12344,,,0.13377,False,cir_validation
I028,ambiguous,False,5,0.00808,0.13147,,,0.141701,False,cir_validation
I028,ambiguous,False,6,0.009009,0.13227,,,0.14377,False,cir_validation
I028,ambiguous,False,7,0.00976,0.150199,,,0.162741,False,cir_validation
I028,ambiguous,False,8,0.00947,0.1284,,,0.14018,False,cir_validation
I028,ambiguous,False,9,0.00844,0.12828,,,0.13934,False,cir_validation
I028,ambiguous,False,10,0.00951,0.13953,,,0.1516,False,cir_validation
I028,ambiguous,False,11,0.0108,0.15385,,,0.16738,False,cir_validation
I028,ambiguous,False,12,0.00982,0.13459,,,0.14671,False,cir_validation
I028,ambiguous,False,13,0.00957,0.11864,,,0.13038,False,cir_validation
I028,ambiguous,False,14,0.00701,0.107729,,,0.11634,False,cir_validation
I028,ambiguous,False,15,0.0069,0.11088,,,0.11953,False,cir_validation
I028,ambiguous,False,16,0.00676,0.10189,,,0.11025,False,cir_validation
I028,ambiguous,False,17,0.00608,0.10135,,,0.10893,False,cir_validation
I028,ambiguous,False,18,0.015891,0.10139,,,0.118879,False,cir_validation
I028,ambiguous,False,19,0.00605,0.09746,,,0.10498,False,cir_validation
I028,ambiguous,False,20,0.00598,0.12048,,,0.12808,False,cir_validation
I028,ambiguous,False,21,0.00642,0.10004,,,0.10816,False,cir_validation
I028,ambiguous,False,22,0.00607,0.09404,,,0.10155,False,cir_validation
I028,ambiguous,False,23,0.00547,0.09719,,,0.10404,False,cir_validation
I028,ambiguous,False,24,0.00595,0.10274,,,0.11042,False,cir_validation
I028,ambiguous,False,25,0.00651,0.11124,,,0.11945,False,cir_validation
I028,ambiguous,False,26,0.0061,0.10504,,,0.11298,False,cir_validation
I028,ambiguous,False,27,0.00654,0.10835,,,0.1164,False,cir_validation
I028,ambiguous,False,28,0.00771,0.11256,,,0.1227,False,cir_validation
I028,ambiguous,False,29,0.00717,0.109129,,,0.11829,False,cir_validation
I028,ambiguous,False,30,0.007101,0.10797,,,0.117079,False,cir_validation
I028,ambiguous,False,31,0.00726,0.115041,,,0.124499,False,cir_validation
I028,ambiguous,False,32,0.0076,0.13575,,,0.14571,False,cir_validation
I028,ambiguous,False,33,0.00865,0.17479,,,0.18614,False,cir_validation
I028,ambiguous,False,34,0.00919,0.1528,,,0.16454,False,cir_validation
I028,ambiguous,False,35,0.00908,0.12982,,,0.14143,False,cir_validation
I028,ambiguous,False,36,0.00875,0.19832,,,0.2099,False,cir_validation
I028,ambiguous,False,37,0.01079,0.1542,,,0.16859,False,cir_validation
I028,ambiguous,False,38,0.00818,0.1263,,,0.1369,False,cir_validation
I028,ambiguous,False,39,0.00913,0.14815,,,0.16029,False,cir_validation
I028,ambiguous,False,40,0.00933,0.12371,,,0.135621,False,cir_validation
I028,ambiguous,False,41,0.00878,0.129039,,,0.14015,False,cir_validation
I028,ambiguous,False,42,0.008889,0.132221,,,0.143359,False,cir_validation
I028,ambiguous,False,43,0.00945,0.13562,,,0.1478,False,cir_validation
I028,ambiguous,False,44,0.00864,0.12097,,,0.13208,False,cir_validation
I028,ambiguous,False,45,0.00867,0.15075,,,0.162,False,cir_validation
I028,ambiguous,False,46,0.01002,0.14028,,,0.15298,False,cir_validation
I028,ambiguous,False,47,0.00943,0.13459,,,0.14643,False,cir_validation
I028,ambiguous,False,48,0.00897,0.12966,,,0.1413,False,cir_validation
I028,ambiguous,False,49,0.00922,0.14248,,,0.15433,False,cir_validation
I028,ambiguous,False,50,0.00969,0.13179,,,0.14433,False,cir_validation
I028,ambiguous,False,51,0.00965,0.12062,,,0.13238,False,cir_validation
I028,ambiguous,False,52,0.006379,0.109211,,,0.11751,False,cir_validation
I028,ambiguous,False,53,0.00681,0.105971,,,0.11445,False,cir_validation
I028,ambiguous,False,54,0.00633,0.10001,,,0.10793,False,cir_validation
I028,ambiguous,False,55,0.00586,0.10003,,,0.10765,False,cir_validation
I028,ambiguous,False,56,0.00569,0.10776,,,0.11509,False,cir_validation
I028,ambiguous,False,57,0.00621,0.10414,,,0.11195,False,cir_validation
I028,ambiguous,False,58,0.0064,0.12179,,,0.13016,False,cir_validation
I028,ambiguous,False,59,0.00686,0.10784,,,0.11682,False,cir_validation
I028,ambiguous,False,60,0.00654,0.10597,,,0.11421,False,cir_validation
I028,ambiguous,False,61,0.00611,0.10681,,,0.11463,False,cir_validation
I028,ambiguous,False,62,0.00628,0.10668,,,0.11459,False,cir_validation
I028,ambiguous,False,63,0.00648,0.11671,,,0.12513,False,cir_validation
I028,ambiguous,False,64,0.00673,0.10945,,,0.117909,False,cir_validation
I028,ambiguous,False,65,0.006329,0.12673,,,0.135079,False,cir_validation
I028,ambiguous,False,66,0.007769,0.11985,,,0.13013,False,cir_validation
I028,ambiguous,False,67,0.0077,0.129321,,,0.139439,False,cir_validation
I028,ambiguous,False,68,0.00881,0.12277,,,0.13407,False,cir_validation
I028,ambiguous,False,69,0.0079,0.12963,,,0.14006,False,cir_validation
I028,ambiguous,False,70,0.00925,0.13761,,,0.14951,False,cir_validation
I028,ambiguous,False,71,0.00982,0.14347,,,0.15578,False,cir_validation
I028,ambiguous,False,72,0.0086,0.12427,,,0.13527,False,cir_validation
I028,ambiguous,False,73,0.00939,0.13272,,,0.15012,False,cir_validation
I028,ambiguous,False,74,0.00937,0.13913,,,0.15134,False,cir_validation
I028,ambiguous,False,75,0.01026,0.15539,,,0.16835,False,cir_validation
I028,ambiguous,False,76,0.00883,0.13254,,,0.143969,False,cir_validation
I028,ambiguous,False,77,0.009229,0.14891,,,0.160641,False,cir_validation
I028,ambiguous,False,78,0.00854,0.130961,,,0.141779,False,cir_validation
I028,ambiguous,False,79,0.00874,0.12772,,,0.13913,False,cir_validation
I028,ambiguous,False,80,0.00963,0.13934,,,0.15186,False,cir_validation
I028,ambiguous,False,81,0.00918,0.15073,,,0.16272,False,cir_validation
I028,ambiguous,False,82,0.00968,0.15914,,,0.17149,False,cir_validation
I028,ambiguous,False,83,0.0098,0.13212,,,0.14441,False,cir_validation
I028,ambiguous,False,84,0.00852,0.12936,,,0.14036,False,cir_validation
I028,ambiguous,False,85,0.00854,0.13709,,,0.14848,False,cir_validation
I028,ambiguous,False,86,0.009321,0.1452,,,0.157321,False,cir_validation
I028,ambiguous,False,87,0.00987,0.17687,,,0.189549,False,cir_validation
I028,ambiguous,False,88,0.009751,0.14051,,,0.15261,False,cir_validation
I028,ambiguous,False,89,0.00782,0.111529,,,0.121369,False,cir_validation
I028,ambiguous,False,90,0.00695,0.1034,,,0.11213,False,cir_validation
I028,ambiguous,False,91,0.00656,0.09885,,,0.10707,False,cir_validation
I028,ambiguous,False,92,0.00583,0.09738,,,0.10475,False,cir_validation
I028,ambiguous,False,93,0.00588,0.10495,,,0.11234,False,cir_validation
I028,ambiguous,False,94,0.00581,0.09155,,,0.09866,False,cir_validation
I028,ambiguous,False,95,0.00575,0.10799,,,0.1152,False,cir_validation
I028,ambiguous,False,96,0.00613,0.09823,,,0.10597,False,cir_validation
I028,ambiguous,False,97,0.00641,0.09818,,,0.10608,False,cir_validation
I028,ambiguous,False,98,0.00602,0.09441,,,0.10191,False,cir_validation
I028,ambiguous,False,99,0.00593,0.0952,,,0.102589,False,cir_validation
I028,ambiguous,False,100,0.005731,0.090751,,,0.097851,False,cir_validation
I029,ambiguous,False,1,0.00868,0.146629,,,0.157919,False,cir_validation
I029,ambiguous,False,2,0.008051,0.12421,,,0.134789,False,cir_validation
I029,ambiguous,False,3,0.00862,0.11238,,,0.12299,False,cir_validation
I029,ambiguous,False,4,0.00827,0.11842,,,0.12888,False,cir_validation
I029,ambiguous,False,5,0.00734,0.11713,,,0.12668,False,cir_validation
I029,ambiguous,False,6,0.0082,0.11282,,,0.12338,False,cir_validation
I029,ambiguous,False,7,0.00823,0.13869,,,0.1493,False,cir_validation
I029,ambiguous,False,8,0.00823,0.11424,,,0.12501,False,cir_validation
I029,ambiguous,False,9,0.00891,0.118589,,,0.13078,False,cir_validation
I029,ambiguous,False,10,0.009331,0.12863,,,0.14049,False,cir_validation
I029,ambiguous,False,11,0.008189,0.125919,,,0.136599,False,cir_validation
I029,ambiguous,False,12,0.008069,0.13339,,,0.144409,False,cir_validation
I029,ambiguous,False,13,0.00856,0.12303,,,0.13419,False,cir_validation
I029,ambiguous,False,14,0.00869,0.12503,,,0.13616,False,cir_validation
I029,ambiguous,False,15,0.00818,0.13154,,,0.14209,False,cir_validation
I029,ambiguous,False,16,0.00827,0.12549,,,0.1361,False,cir_validation
I029,ambiguous,False,17,0.014,0.17637,,,0.21276,False,cir_validation
I029,ambiguous,False,18,0.00928,0.1288,,,0.14051,False,cir_validation
I029,ambiguous,False,19,0.00851,0.16898,,,0.17992,False,cir_validation
I029,ambiguous,False,20,0.00977,0.14077,,,0.15301,False,cir_validation
I029,ambiguous,False,21,0.00818,0.132721,,,0.142969,False,cir_validation
I029,ambiguous,False,22,0.00802,0.133461,,,0.143501,False,cir_validation
I029,ambiguous,False,23,0.007811,0.13063,,,0.14077,False,cir_validation
I029,ambiguous,False,24,0.008579,0.12392,,,0.13478,False,cir_validation
I029,ambiguous,False,25,0.00808,0.1313,,,0.14146,False,cir_validation
I029,ambiguous,False,26,0.00796,0.11344,,,0.12328,False,cir_validation
I029,ambiguous,False,27,0.0067,0.09969,,,0.10791,False,cir_validation
I029,ambiguous,False,28,0.00616,0.09397,,,0.10159,False,cir_validation
I029,ambiguous,False,29,0.00571,0.0941,,,0.1012,False,cir_validation
I029,ambiguous,False,30,0.00593,0.10703,,,0.11494,False,cir_validation
I029,ambiguous,False,31,0.00732,0.09587,,,0.1046,False,cir_validation
I029,ambiguous,False,32,0.00535,0.090579,,,0.097319,False,cir_validation
I029,ambiguous,False,33,0.04682,0.20228,,,0.251179,False,cir_validation
I029,ambiguous,False,34,0.007389,0.105639,,,0.11463,False,cir_validation
I029,ambiguous,False,35,0.006029,0.09606,,,0.1035,False,cir_validation
I029,ambiguous,False,36,0.00604,0.092861,,,0.10046,False,cir_validation
I029,ambiguous,False,37,0.00586,0.10418,,,0.11139,False,cir_validation
I029,ambiguous,False,38,0.00623,0.09164,,,0.09913,False,cir_validation
I029,ambiguous,False,39,0.00556,0.1089,,,0.116,False,cir_validation
I029,ambiguous,False,40,0.00736,0.10895,,,0.11833,False,cir_validation
I029,ambiguous,False,41,0.00773,0.11722,,,0.12699,False,cir_validation
I029,ambiguous,False,42,0.00754,0.11846,,,0.12791,False,cir_validation
I029,ambiguous,False,43,0.00713,0.11251,,,0.12144,False,cir_validation
I029,ambiguous,False,44,0.00804,0.13492,,,0.14513,False,cir_validation
I029,ambiguous,False,45,0.00833,0.11204,,,0.12252,False,cir_validation
I029,ambiguous,False,46,0.0076,0.13506,,,0.14479,False,cir_validation
I029,ambiguous,False,47,0.007529,0.13083,,,0.14069,False,cir_validation
I029,ambiguous,False,48,0.00776,0.11831,,,0.12839,False,cir_validation
I029,ambiguous,False,49,0.00808,0.117169,,,0.127399,False,cir_validation
I029,ambiguous,False,50,0.0083,0.126469,,,0.13702,False,cir_validation
I029,ambiguous,False,51,0.00785,0.12532,,,0.13541,False,cir_validation
I029,ambiguous,False,52,0.00885,0.14634,,,0.15743,False,cir_validation
I029,ambiguous,False,53,0.00789,0.11377,,,0.12363,False,cir_validation
I029,ambiguous,False,54,0.00897,0.11633,,,0.12759,False,cir_validation
I029,ambiguous,False,55,0.00914,0.12201,,,0.13354,False,cir_validation
I029,ambiguous,False,56,0.0089,0.12878,,,0.14028,False,cir_validation
I029,ambiguous,False,57,0.02014,0.12935,,,0.15214,False,cir_validation
I029,ambiguous,False,58,0.00793,0.14455,,,0.15477,False,cir_validation
I029,ambiguous,False,59,0.00926,0.12325,,,0.13471,False,cir_validation
I029,ambiguous,False,60,0.008889,0.11894,,,0.13042,False,cir_validation
I029,ambiguous,False,61,0.008449,0.134299,,,0.14531,False,cir_validation
I029,ambiguous,False,62,0.00909,0.13792,,,0.14977,False,cir_validation
I029,ambiguous,False,63,0.01066,0.13795,,,0.15123,False,cir_validation
I029,ambiguous,False,64,0.00909,0.17587,,,0.18726,False,cir_validation
I029,ambiguous,False,65,0.00794,0.10806,,,0.11783,False,cir_validation
I029,ambiguous,False,66,0.00625,0.09518,,,0.10284,False,cir_validation
I029,ambiguous,False,67,0.00613,0.09517,,,0.10288,False,cir_validation
I029,ambiguous,False,68,0.00564,0.09195,,,0.09894,False,cir_validation
I029,ambiguous,False,69,0.005449,0.09965,,,0.10665,False,cir_validation
I029,ambiguous,False,70,0.00578,0.09268,,,0.09977,False,cir_validation
I029,ambiguous,False,71,0.00551,0.090689,,,0.097629,False,cir_validation
I029,ambiguous,False,72,0.00528,0.107019,,,0.11381,False,cir_validation
I029,ambiguous,False,73,0.005689,0.097221,,,0.104379,False,cir_validation
I029,ambiguous,False,74,0.006389,0.097109,,,0.10488,False,cir_validation
I029,ambiguous,False,75,0.0053,0.09314,,,0.09968,False,cir_validation
I029,ambiguous,False,76,0.00523,0.09215,,,0.09872,False,cir_validation
I029,ambiguous,False,77,0.00558,0.09186,,,0.09875,False,cir_validation
I029,ambiguous,False,78,0.00546,0.10233,,,0.10924,False,cir_validation
I029,ambiguous,False,79,0.00562,0.09449,,,0.10151,False,cir_validation
I029,ambiguous,False,80,0.00564,0.11263,,,0.12,False,cir_validation
I029,ambiguous,False,81,0.00786,0.11282,,,0.12336,False,cir_validation
I029,ambiguous,False,82,0.00822,0.11096,,,0.12109,False,cir_validation
I029,ambiguous,False,83,0.00762,0.11218,,,0.12175,False,cir_validation
I029,ambiguous,False,84,0.00815,0.12085,,,0.1309,False,cir_validation
I029,ambiguous,False,85,0.00796,0.13249,,,0.14291,False,cir_validation
I029,ambiguous,False,86,0.00746,0.119131,,,0.12871,False,cir_validation
I029,ambiguous,False,87,0.00862,0.1509,,,0.16302,False,cir_validation
I029,ambiguous,False,88,0.00867,0.12832,,,0.13964,False,cir_validation
I029,ambiguous,False,89,0.00864,0.1291,,,0.13999,False,cir_validation
I029,ambiguous,False,90,0.00912,0.12402,,,0.13557,False,cir_validation
I029,ambiguous,False,91,0.00922,0.14799,,,0.15982,False,cir_validation
I029,ambiguous,False,92,0.0075,0.11124,,,0.1211,False,cir_validation
I029,ambiguous,False,93,0.00795,0.13419,,,0.14458,False,cir_validation
I029,ambiguous,False,94,0.0078,0.11775,,,0.1276,False,cir_validation
I029,ambiguous,False,95,0.00825,0.119509,,,0.13,False,cir_validation
I029,ambiguous,False,96,0.008071,0.12155,,,0.13203,False,cir_validation
I029,ambiguous,False,97,0.01343,0.139559,,,0.155739,False,cir_validation
I029,ambiguous,False,98,0.00899,0.12929,,,0.14143,False,cir_validation
I029,ambiguous,False,99,0.00851,0.13578,,,0.14641,False,cir_validation
I029,ambiguous,False,100,0.00782,0.11867,,,0.12846,False,cir_validation
I030,ambiguous,False,1,0.0114,0.17983,,,0.19458,False,cir_validation
I030,ambiguous,False,2,0.00986,0.14101,,,0.15343,False,cir_validation
I030,ambiguous,False,3,0.00945,0.11231,,,0.12403,False,cir_validation
I030,ambiguous,False,4,0.0065,0.09952,,,0.10755,False,cir_validation
I030,ambiguous,False,5,0.00595,0.10431,,,0.11176,False,cir_validation
I030,ambiguous,False,6,0.00628,0.09859,,,0.106361,False,cir_validation
I030,ambiguous,False,7,0.005889,0.100181,,,0.10755,False,cir_validation
I030,ambiguous,False,8,0.006,0.10692,,,0.11438,False,cir_validation
I030,ambiguous,False,9,0.00592,0.09214,,,0.09933,False,cir_validation
I030,ambiguous,False,10,0.00586,0.105,,,0.11226,False,cir_validation
I030,ambiguous,False,11,0.00588,0.09433,,,0.10156,False,cir_validation
I030,ambiguous,False,12,0.00579,0.09427,,,0.10131,False,cir_validation
I030,ambiguous,False,13,0.00576,0.09336,,,0.10039,False,cir_validation
I030,ambiguous,False,14,0.00554,0.09158,,,0.09852,False,cir_validation
I030,ambiguous,False,15,0.00573,0.09349,,,0.10055,False,cir_validation
I030,ambiguous,False,16,0.00615,0.1063,,,0.11407,False,cir_validation
I030,ambiguous,False,17,0.00598,0.09685,,,0.10495,False,cir_validation
I030,ambiguous,False,18,0.00578,0.09927,,,0.10655,False,cir_validation
I030,ambiguous,False,19,0.00699,0.11083,,,0.1202,False,cir_validation
I030,ambiguous,False,20,0.0077,0.12857,,,0.138801,False,cir_validation
I030,ambiguous,False,21,0.007709,0.11857,,,0.12855,False,cir_validation
I030,ambiguous,False,22,0.00774,0.120889,,,0.13146,False,cir_validation
I030,ambiguous,False,23,0.007149,0.185461,,,0.195021,False,cir_validation
I030,ambiguous,False,24,0.00908,0.12656,,,0.15494,False,cir_validation
I030,ambiguous,False,25,0.01,0.12801,,,0.14094,False,cir_validation
I030,ambiguous,False,26,0.00867,0.12067,,,0.13177,False,cir_validation
I030,ambiguous,False,27,0.008,0.11825,,,0.12867,False,cir_validation
I030,ambiguous,False,28,0.00781,0.12368,,,0.13406,False,cir_validation
I030,ambiguous,False,29,0.00894,0.13482,,,0.14648,False,cir_validation
I030,ambiguous,False,30,0.00892,0.12914,,,0.14058,False,cir_validation
I030,ambiguous,False,31,0.009131,0.114939,,,0.126299,False,cir_validation
I030,ambiguous,False,32,0.006569,0.111181,,,0.11965,False,cir_validation
I030,ambiguous,False,33,0.007389,0.10377,,,0.11282,False,cir_validation
I030,ambiguous,False,34,0.006449,0.100549,,,0.10879,False,cir_validation
I030,ambiguous,False,35,0.00691,0.10006,,,0.10871,False,cir_validation
I030,ambiguous,False,36,0.00615,0.11741,,,0.12533,False,cir_validation
I030,ambiguous,False,37,0.00773,0.10372,,,0.11343,False,cir_validation
I030,ambiguous,False,38,0.00633,0.12021,,,0.12831,False,cir_validation
I030,ambiguous,False,39,0.00668,0.10607,,,0.1146,False,cir_validation
I030,ambiguous,False,40,0.00703,0.10463,,,0.11344,False,cir_validation
I030,ambiguous,False,41,0.00707,0.11031,,,0.11958,False,cir_validation
I030,ambiguous,False,42,0.00722,0.10958,,,0.11882,False,cir_validation
I030,ambiguous,False,43,0.00721,0.12678,,,0.14024,False,cir_validation
I030,ambiguous,False,44,0.00921,0.13019,,,0.1423,False,cir_validation
I030,ambiguous,False,45,0.00918,0.13793,,,0.15003,False,cir_validation
I030,ambiguous,False,46,0.009591,0.12503,,,0.137079,False,cir_validation
I030,ambiguous,False,47,0.008649,0.123799,,,0.13501,False,cir_validation
I030,ambiguous,False,48,0.00791,0.12554,,,0.13572,False,cir_validation
I030,ambiguous,False,49,0.00908,0.13074,,,0.14251,False,cir_validation
I030,ambiguous,False,50,0.0075,0.12027,,,0.12995,False,cir_validation
I030,ambiguous,False,51,0.01059,0.13709,,,0.16596,False,cir_validation
I030,ambiguous,False,52,0.00749,0.09848,,,0.10767,False,cir_validation
I030,ambiguous,False,53,0.00605,0.1169,,,0.1247,False,cir_validation
I030,ambiguous,False,54,0.00598,0.09917,,,0.1067,False,cir_validation
I030,ambiguous,False,55,0.00555,0.09828,,,0.10541,False,cir_validation
I030,ambiguous,False,56,0.00616,0.109499,,,0.11749,False,cir_validation
I030,ambiguous,False,57,0.006549,0.105421,,,0.11387,False,cir_validation
I030,ambiguous,False,58,0.00656,0.124459,,,0.13293,False,cir_validation
I030,ambiguous,False,59,0.006769,0.110259,,,0.118779,False,cir_validation
I030,ambiguous,False,60,0.00634,0.098569,,,0.106889,False,cir_validation
I030,ambiguous,False,61,0.00569,0.09465,,,0.10218,False,cir_validation
I030,ambiguous,False,62,0.00615,0.10054,,,0.10826,False,cir_validation
I030,ambiguous,False,63,0.0062,0.12002,,,0.12796,False,cir_validation
I030,ambiguous,False,64,0.00628,0.09912,,,0.10687,False,cir_validation
I030,ambiguous,False,65,0.00596,0.11602,,,0.1239,False,cir_validation
I030,ambiguous,False,66,0.00698,0.11055,,,0.11945,False,cir_validation
I030,ambiguous,False,67,0.00784,0.11736,,,0.12758,False,cir_validation
I030,ambiguous,False,68,0.00707,0.11323,,,0.1223,False,cir_validation
I030,ambiguous,False,69,0.00844,0.11355,,,0.1245,False,cir_validation
I030,ambiguous,False,70,0.00802,0.14373,,,0.154289,False,cir_validation
I030,ambiguous,False,71,0.0088,0.12943,,,0.14109,False,cir_validation
I030,ambiguous,False,72,0.008009,0.137101,,,0.147539,False,cir_validation
I030,ambiguous,False,73,0.008649,0.12492,,,0.136099,False,cir_validation
I030,ambiguous,False,74,0.008,0.12747,,,0.13809,False,cir_validation
I030,ambiguous,False,75,0.00824,0.12842,,,0.13909,False,cir_validation
I030,ambiguous,False,76,0.00861,0.13626,,,0.14742,False,cir_validation
I030,ambiguous,False,77,0.00912,0.13156,,,0.14324,False,cir_validation
I030,ambiguous,False,78,0.00829,0.14073,,,0.1522,False,cir_validation
I030,ambiguous,False,79,0.00884,0.12262,,,0.13386,False,cir_validation
I030,ambiguous,False,80,0.00736,0.11739,,,0.12703,False,cir_validation
I030,ambiguous,False,81,0.00767,0.11763,,,0.12751,False,cir_validation
I030,ambiguous,False,82,0.00817,0.14333,,,0.15468,False,cir_validation
I030,ambiguous,False,83,0.00868,0.131921,,,0.14297,False,cir_validation
I030,ambiguous,False,84,0.008369,0.15297,,,0.16371,False,cir_validation
I030,ambiguous,False,85,0.00889,0.12527,,,0.1417,False,cir_validation
I030,ambiguous,False,86,0.00816,0.11671,,,0.12723,False,cir_validation
I030,ambiguous,False,87,0.00723,0.12455,,,0.13397,False,cir_validation
I030,ambiguous,False,88,0.00768,0.13093,,,0.14095,False,cir_validation
I030,ambiguous,False,89,0.00802,0.11409,,,0.12449,False,cir_validation
I030,ambiguous,False,90,0.00825,0.13385,,,0.14449,False,cir_validation
I030,ambiguous,False,91,0.00755,0.1028,,,0.11217,False,cir_validation
I030,ambiguous,False,92,0.00653,0.099209,,,0.107389,False,cir_validation
I030,ambiguous,False,93,0.0062,0.09657,,,0.104239,False,cir_validation
I030,ambiguous,False,94,0.00644,0.096259,,,0.10411,False,cir_validation
I030,ambiguous,False,95,0.006171,0.130499,,,0.138299,False,cir_validation
I030,ambiguous,False,96,0.00654,0.101949,,,0.109919,False,cir_validation
I030,ambiguous,False,97,0.00635,0.09987,,,0.10772,False,cir_validation
I030,ambiguous,False,98,0.00713,0.09826,,,0.10696,False,cir_validation
I030,ambiguous,False,99,0.00634,0.09934,,,0.10748,False,cir_validation
I030,ambiguous,False,100,0.00622,0.10609,,,0.11407,False,cir_validation
I031,unsupported,False,1,0.01077,0.17233,,,0.1868,False,cir_validation
I031,unsupported,False,2,0.00905,0.1516,,,0.16347,False,cir_validation
I031,unsupported,False,3,0.0081,0.12563,,,0.13669,False,cir_validation
I031,unsupported,False,4,0.00823,0.13693,,,0.14809,False,cir_validation
I031,unsupported,False,5,0.00844,0.18063,,,0.19183,False,cir_validation
I031,unsupported,False,6,0.009639,0.15368,,,0.165809,False,cir_validation
I031,unsupported,False,7,0.00942,0.13487,,,0.14699,False,cir_validation
I031,unsupported,False,8,0.00837,0.11004,,,0.12029,False,cir_validation
I031,unsupported,False,9,0.00576,0.10467,,,0.11211,False,cir_validation
I031,unsupported,False,10,0.00571,0.12216,,,0.12944,False,cir_validation
I031,unsupported,False,11,0.00577,0.09935,,,0.10676,False,cir_validation
I031,unsupported,False,12,0.00561,0.09847,,,0.10566,False,cir_validation
I031,unsupported,False,13,0.00558,0.10689,,,0.11396,False,cir_validation
I031,unsupported,False,14,0.00543,0.09489,,,0.1018,False,cir_validation
I031,unsupported,False,15,0.00513,0.116351,,,0.12315,False,cir_validation
I031,unsupported,False,16,0.0068,0.11194,,,0.120841,False,cir_validation
I031,unsupported,False,17,0.00842,0.117879,,,0.128619,False,cir_validation
I031,unsupported,False,18,0.00826,0.11943,,,0.12991,False,cir_validation
I031,unsupported,False,19,0.00766,0.118449,,,0.128449,False,cir_validation
I031,unsupported,False,20,0.008031,0.136579,,,0.14703,False,cir_validation
I031,unsupported,False,21,0.00814,0.15029,,,0.16096,False,cir_validation
I031,unsupported,False,22,0.00923,0.13951,,,0.15133,False,cir_validation
I031,unsupported,False,23,0.00955,0.13744,,,0.14975,False,cir_validation
I031,unsupported,False,24,0.00888,0.13908,,,0.15065,False,cir_validation
I031,unsupported,False,25,0.00923,0.15667,,,0.16891,False,cir_validation
I031,unsupported,False,26,0.00958,0.14341,,,0.15588,False,cir_validation
I031,unsupported,False,27,0.00783,0.156309,,,0.166559,False,cir_validation
I031,unsupported,False,28,0.00859,0.121869,,,0.13269,False,cir_validation
I031,unsupported,False,29,0.00803,0.12087,,,0.13136,False,cir_validation
I031,unsupported,False,30,0.00744,0.12632,,,0.13638,False,cir_validation
I031,unsupported,False,31,0.00811,0.1398,,,0.1508,False,cir_validation
I031,unsupported,False,32,0.00801,0.11639,,,0.12645,False,cir_validation
I031,unsupported,False,33,0.00713,0.14942,,,0.15889,False,cir_validation
I031,unsupported,False,34,0.00848,0.12607,,,0.13704,False,cir_validation
I031,unsupported,False,35,0.00843,0.12896,,,0.14008,False,cir_validation
I031,unsupported,False,36,0.00878,0.13255,,,0.14388,False,cir_validation
I031,unsupported,False,37,0.00865,0.14049,,,0.15171,False,cir_validation
I031,unsupported,False,38,0.00833,0.13226,,,0.14311,False,cir_validation
I031,unsupported,False,39,0.02473,0.11587,,,0.14313,False,cir_validation
I031,unsupported,False,40,0.00715,0.11716,,,0.126219,False,cir_validation
I031,unsupported,False,41,0.00613,0.10586,,,0.11392,False,cir_validation
I031,unsupported,False,42,0.00575,0.1016,,,0.10911,False,cir_validation
I031,unsupported,False,43,0.00589,0.10139,,,0.10881,False,cir_validation
I031,unsupported,False,44,0.0058,0.12304,,,0.1305,False,cir_validation
I031,unsupported,False,45,0.00587,0.0988,,,0.10605,False,cir_validation
I031,unsupported,False,46,0.00504,0.11251,,,0.11906,False,cir_validation
I031,unsupported,False,47,0.00542,0.0967,,,0.10334,False,cir_validation
I031,unsupported,False,48,0.00588,0.09796,,,0.10533,False,cir_validation
I031,unsupported,False,49,0.00555,0.09542,,,0.10258,False,cir_validation
I031,unsupported,False,50,0.00559,0.116759,,,0.123849,False,cir_validation
I031,unsupported,False,51,0.00584,0.09433,,,0.10181,False,cir_validation
I031,unsupported,False,52,0.00548,0.09533,,,0.10221,False,cir_validation
I031,unsupported,False,53,0.00552,0.10875,,,0.11579,False,cir_validation
I031,unsupported,False,54,0.005789,0.119539,,,0.12704,False,cir_validation
I031,unsupported,False,55,0.00721,0.11243,,,0.1219,False,cir_validation
I031,unsupported,False,56,0.0064,0.10854,,,0.11685,False,cir_validation
I031,unsupported,False,57,0.00772,0.11306,,,0.12289,False,cir_validation
I031,unsupported,False,58,0.00758,0.11909,,,0.12937,False,cir_validation
I031,unsupported,False,59,0.00961,0.11929,,,0.13131,False,cir_validation
I031,unsupported,False,60,0.00754,0.11397,,,0.12374,False,cir_validation
I031,unsupported,False,61,0.00784,0.12062,,,0.13071,False,cir_validation
I031,unsupported,False,62,0.00858,0.13065,,,0.14241,False,cir_validation
I031,unsupported,False,63,0.00801,0.13374,,,0.14413,False,cir_validation
I031,unsupported,False,64,0.008,0.128641,,,0.1391,False,cir_validation
I031,unsupported,False,65,0.00962,0.156941,,,0.16943,False,cir_validation
I031,unsupported,False,66,0.0094,2.244628,,,2.258358,False,cir_validation
I031,unsupported,False,67,0.01448,0.14984,,,0.16754,False,cir_validation
I031,unsupported,False,68,0.00972,0.12898,,,0.1415,False,cir_validation
I031,unsupported,False,69,0.00771,0.12849,,,0.13872,False,cir_validation
I031,unsupported,False,70,0.01072,0.13176,,,0.14533,False,cir_validation
I031,unsupported,False,71,0.00817,0.14231,,,0.15321,False,cir_validation
I031,unsupported,False,72,0.00804,0.13489,,,0.14537,False,cir_validation
I031,unsupported,False,73,0.00852,0.12631,,,0.13727,False,cir_validation
I031,unsupported,False,74,0.00759,0.120859,,,0.13068,False,cir_validation
I031,unsupported,False,75,0.008569,0.15111,,,0.162719,False,cir_validation
I031,unsupported,False,76,0.008631,0.135229,,,0.146669,False,cir_validation
I031,unsupported,False,77,0.009289,2.206699,,,2.219818,False,cir_validation
I031,unsupported,False,78,0.01307,0.15005,,,0.16628,False,cir_validation
I031,unsupported,False,79,0.00996,0.14053,,,0.15299,False,cir_validation
I031,unsupported,False,80,0.00892,0.15662,,,0.16843,False,cir_validation
I031,unsupported,False,81,0.00969,0.14611,,,0.15867,False,cir_validation
I031,unsupported,False,82,0.00975,0.16053,,,0.172569,False,cir_validation
I031,unsupported,False,83,0.0102,0.133739,,,0.146641,False,cir_validation
I031,unsupported,False,84,0.008549,0.12779,,,0.13857,False,cir_validation
I031,unsupported,False,85,0.00908,0.13839,,,0.14993,False,cir_validation
I031,unsupported,False,86,0.00863,0.14553,,,0.1567,False,cir_validation
I031,unsupported,False,87,0.0086,2.148859,,,2.162409,False,cir_validation
I031,unsupported,False,88,0.01354,0.16337,,,0.18004,False,cir_validation
I031,unsupported,False,89,0.00838,0.13689,,,0.14781,False,cir_validation
I031,unsupported,False,90,0.00922,0.13716,,,0.14917,False,cir_validation
I031,unsupported,False,91,0.00974,0.152899,,,0.16557,False,cir_validation
I031,unsupported,False,92,0.009189,0.12589,,,0.13747,False,cir_validation
I031,unsupported,False,93,0.00846,0.14831,,,0.159581,False,cir_validation
I031,unsupported,False,94,0.00904,0.14855,,,0.16014,False,cir_validation
I031,unsupported,False,95,0.00835,0.12031,,,0.13082,False,cir_validation
I031,unsupported,False,96,0.0083,0.11712,,,0.12774,False,cir_validation
I031,unsupported,False,97,0.00858,0.15444,,,0.16639,False,cir_validation
I031,unsupported,False,98,0.00961,0.13226,,,0.14437,False,cir_validation
I031,unsupported,False,99,0.0121,0.16577,,,0.18161,False,cir_validation
I031,unsupported,False,100,0.00866,0.133,,,0.14469,False,cir_validation
I032,unsupported,False,1,0.010891,0.15483,,,0.169039,False,cir_validation
I032,unsupported,False,2,0.00934,0.15796,,,0.170049,False,cir_validation
I032,unsupported,False,3,0.0088,0.12895,,,0.14033,False,cir_validation
I032,unsupported,False,4,0.00838,0.13502,,,0.14595,False,cir_validation
I032,unsupported,False,5,0.00958,0.13549,,,0.14747,False,cir_validation
I032,unsupported,False,6,0.00927,0.15342,,,0.16548,False,cir_validation
I032,unsupported,False,7,0.00981,2.195139,,,2.208199,False,cir_validation
I032,unsupported,False,8,0.01146,0.161049,,,0.17556,False,cir_validation
I032,unsupported,False,9,0.00924,0.15073,,,0.16396,False,cir_validation
I032,unsupported,False,10,0.010451,0.141841,,,0.15517,False,cir_validation
I032,unsupported,False,11,0.009,0.204369,,,0.216349,False,cir_validation
I032,unsupported,False,12,0.00944,0.15658,,,0.16881,False,cir_validation
I032,unsupported,False,13,0.0089,0.13894,,,0.15871,False,cir_validation
I032,unsupported,False,14,0.00988,0.13084,,,0.14297,False,cir_validation
I032,unsupported,False,15,0.00827,0.12467,,,0.13543,False,cir_validation
I032,unsupported,False,16,0.00814,0.13438,,,0.1452,False,cir_validation
I032,unsupported,False,17,0.00946,0.13248,,,0.14457,False,cir_validation
I032,unsupported,False,18,2.034049,0.19435,,,2.233138,False,cir_validation
I032,unsupported,False,19,0.01226,0.147619,,,0.162639,False,cir_validation
I032,unsupported,False,20,0.00838,0.13905,,,0.15002,False,cir_validation
I032,unsupported,False,21,0.00907,0.15659,,,0.16841,False,cir_validation
I032,unsupported,False,22,0.00929,0.13793,,,0.14976,False,cir_validation
I032,unsupported,False,23,0.00844,0.13609,,,0.16405,False,cir_validation
I032,unsupported,False,24,0.00905,0.14215,,,0.15405,False,cir_validation
I032,unsupported,False,25,0.00955,0.12091,,,0.13283,False,cir_validation
I032,unsupported,False,26,0.00806,0.10696,,,0.11652,False,cir_validation
I032,unsupported,False,27,0.00573,0.09999,,,0.10722,False,cir_validation
I032,unsupported,False,28,0.00511,0.08552,,,0.09188,False,cir_validation
I032,unsupported,False,29,0.004709,0.08279,,,0.08863,False,cir_validation
I032,unsupported,False,30,0.00481,1.712649,,,1.719768,False,cir_validation
I032,unsupported,False,31,0.00901,0.10431,,,0.115119,False,cir_validation
I032,unsupported,False,32,0.005749,0.088619,,,0.096119,False,cir_validation
I032,unsupported,False,33,0.005231,0.10595,,,0.11291,False,cir_validation
I032,unsupported,False,34,0.005749,0.088549,,,0.09571,False,cir_validation
I032,unsupported,False,35,0.00535,0.09343,,,0.10023,False,cir_validation
I032,unsupported,False,36,0.00603,0.09935,,,0.10698,False,cir_validation
I032,unsupported,False,37,0.00688,1.585309,,,1.594309,False,cir_validation
I032,unsupported,False,38,0.007971,0.136969,,,0.146819,False,cir_validation
I032,unsupported,False,39,0.006329,0.10007,,,0.10794,False,cir_validation
I032,unsupported,False,40,0.0055,0.09556,,,0.10247,False,cir_validation
I032,unsupported,False,41,0.00558,0.09365,,,0.10063,False,cir_validation
I032,unsupported,False,42,0.00589,0.10144,,,0.10886,False,cir_validation
I032,unsupported,False,43,0.00563,0.09544,,,0.10257,False,cir_validation
I032,unsupported,False,44,0.0056,0.09585,,,0.10287,False,cir_validation
I032,unsupported,False,45,2.037909,0.12972,,,2.170499,False,cir_validation
I032,unsupported,False,46,0.00742,0.11042,,,0.11955,False,cir_validation
I032,unsupported,False,47,0.00614,0.102719,,,0.11045,False,cir_validation
I032,unsupported,False,48,0.00646,0.09627,,,0.10421,False,cir_validation
I032,unsupported,False,49,0.00526,0.09558,,,0.102189,False,cir_validation
I032,unsupported,False,50,0.01437,0.10183,,,0.11782,False,cir_validation
I032,unsupported,False,51,0.00541,0.09874,,,0.10569,False,cir_validation
I032,unsupported,False,52,0.00591,0.11508,,,0.12268,False,cir_validation
I032,unsupported,False,53,0.00588,0.16936,,,0.17716,False,cir_validation
I032,unsupported,False,54,0.00687,0.10379,,,0.11219,False,cir_validation
I032,unsupported,False,55,0.00572,0.0979,,,0.10506,False,cir_validation
I032,unsupported,False,56,0.00642,0.10107,,,0.10885,False,cir_validation
I032,unsupported,False,57,0.00614,0.10799,,,0.1157,False,cir_validation
I032,unsupported,False,58,0.0057,0.09884,,,0.10596,False,cir_validation
I032,unsupported,False,59,0.00526,2.784788,,,2.792198,False,cir_validation
I032,unsupported,False,60,0.00894,0.11646,,,0.12749,False,cir_validation
I032,unsupported,False,61,0.00704,0.12749,,,0.13668,False,cir_validation
I032,unsupported,False,62,0.0071,0.10227,,,0.11129,False,cir_validation
I032,unsupported,False,63,0.00933,0.11445,,,0.12658,False,cir_validation
I032,unsupported,False,64,0.00829,0.10863,,,0.11933,False,cir_validation
I032,unsupported,False,65,0.00653,0.10586,,,0.11434,False,cir_validation
I032,unsupported,False,66,0.00715,0.12945,,,0.13885,False,cir_validation
I032,unsupported,False,67,0.00792,0.117549,,,0.127949,False,cir_validation
I032,unsupported,False,68,0.00737,0.131789,,,0.1414,False,cir_validation
I032,unsupported,False,69,0.0085,0.130101,,,0.14095,False,cir_validation
I032,unsupported,False,70,0.00955,0.12534,,,0.1371,False,cir_validation
I032,unsupported,False,71,0.00768,0.13128,,,0.14133,False,cir_validation
I032,unsupported,False,72,0.00861,0.14134,,,0.15246,False,cir_validation
I032,unsupported,False,73,0.00884,0.13627,,,0.14736,False,cir_validation
I032,unsupported,False,74,1.944119,0.17079,,,2.118589,False,cir_validation
I032,unsupported,False,75,0.01061,0.14317,,,0.15627,False,cir_validation
I032,unsupported,False,76,0.00774,0.11265,,,0.12244,False,cir_validation
I032,unsupported,False,77,0.00794,0.113989,,,0.124059,False,cir_validation
I032,unsupported,False,78,0.00827,0.140499,,,0.15121,False,cir_validation
I032,unsupported,False,79,0.007841,0.11764,,,0.12751,False,cir_validation
I032,unsupported,False,80,0.008349,0.143059,,,0.15453,False,cir_validation
I032,unsupported,False,81,0.00794,0.10989,,,0.11996,False,cir_validation
I032,unsupported,False,82,0.0076,0.11553,,,0.12566,False,cir_validation
I032,unsupported,False,83,0.00837,0.12201,,,0.13268,False,cir_validation
I032,unsupported,False,84,0.0072,0.12746,,,0.13675,False,cir_validation
I032,unsupported,False,85,0.00872,0.12768,,,0.13912,False,cir_validation
I032,unsupported,False,86,0.00807,0.15956,,,0.17011,False,cir_validation
I032,unsupported,False,87,0.00852,0.12368,,,0.13424,False,cir_validation
I032,unsupported,False,88,0.00806,0.128119,,,0.13852,False,cir_validation
I032,unsupported,False,89,0.00785,0.134869,,,0.145029,False,cir_validation
I032,unsupported,False,90,0.00905,0.14697,,,0.15852,False,cir_validation
I032,unsupported,False,91,0.009049,0.1228,,,0.134549,False,cir_validation
I032,unsupported,False,92,0.00976,0.14487,,,0.15779,False,cir_validation
I032,unsupported,False,93,0.00855,0.10887,,,0.1194,False,cir_validation
I032,unsupported,False,94,0.00716,0.11818,,,0.12746,False,cir_validation
I032,unsupported,False,95,0.00682,0.12461,,,0.13376,False,cir_validation
I032,unsupported,False,96,0.00792,0.12953,,,0.13973,False,cir_validation
I032,unsupported,False,97,0.00882,0.11991,,,0.13105,False,cir_validation
I032,unsupported,False,98,0.00773,0.16591,,,0.17587,False,cir_validation
I032,unsupported,False,99,0.00873,0.13144,,,0.14259,False,cir_validation
I032,unsupported,False,100,0.00772,0.121259,,,0.13114,False,cir_validation
I033,unsupported,False,1,0.01021,0.15331,,,0.1669,False,cir_validation
I033,unsupported,False,2,0.00864,0.16006,,,0.17127,False,cir_validation
I033,unsupported,False,3,0.00836,0.13305,,,0.14391,False,cir_validation
I033,unsupported,False,4,0.00975,0.13129,,,0.1438,False,cir_validation
I033,unsupported,False,5,0.0076,0.12741,,,0.13709,False,cir_validation
I033,unsupported,False,6,0.00753,0.13726,,,0.14723,False,cir_validation
I033,unsupported,False,7,0.00954,0.13419,,,0.14635,False,cir_validation
I033,unsupported,False,8,0.00944,0.1405,,,0.15266,False,cir_validation
I033,unsupported,False,9,0.00899,0.19087,,,0.202649,False,cir_validation
I033,unsupported,False,10,0.00831,0.11341,,,0.12332,False,cir_validation
I033,unsupported,False,11,0.00648,0.11489,,,0.12327,False,cir_validation
I033,unsupported,False,12,0.009,0.1246,,,0.1356,False,cir_validation
I033,unsupported,False,13,0.00719,0.14147,,,0.15067,False,cir_validation
I033,unsupported,False,14,0.00846,0.12408,,,0.13477,False,cir_validation
I033,unsupported,False,15,0.00854,0.12235,,,0.13327,False,cir_validation
I033,unsupported,False,16,0.00792,0.12551,,,0.1357,False,cir_validation
I033,unsupported,False,17,0.00751,0.11965,,,0.12935,False,cir_validation
I033,unsupported,False,18,0.00891,0.14832,,,0.15948,False,cir_validation
I033,unsupported,False,19,0.00805,0.153829,,,0.16458,False,cir_validation
I033,unsupported,False,20,0.0077,0.13386,,,0.14415,False,cir_validation
I033,unsupported,False,21,0.009521,0.123579,,,0.13555,False,cir_validation
I033,unsupported,False,22,0.00902,0.134801,,,0.146141,False,cir_validation
I033,unsupported,False,23,0.00848,0.1344,,,0.14562,False,cir_validation
I033,unsupported,False,24,0.00847,0.13787,,,0.14911,False,cir_validation
I033,unsupported,False,25,0.00739,0.1624,,,0.17208,False,cir_validation
I033,unsupported,False,26,0.0082,0.13072,,,0.14117,False,cir_validation
I033,unsupported,False,27,0.00757,0.12209,,,0.13171,False,cir_validation
I033,unsupported,False,28,0.00694,0.11891,,,0.12793,False,cir_validation
I033,unsupported,False,29,0.00747,0.13359,,,0.14324,False,cir_validation
I033,unsupported,False,30,0.00719,0.11713,,,0.12617,False,cir_validation
I033,unsupported,False,31,0.00799,0.126419,,,0.13655,False,cir_validation
I033,unsupported,False,32,0.0077,0.122499,,,0.13247,False,cir_validation
I033,unsupported,False,33,0.008489,0.13755,,,0.14869,False,cir_validation
I033,unsupported,False,34,0.00784,0.11994,,,0.13006,False,cir_validation
I033,unsupported,False,35,0.00802,0.12354,,,0.13385,False,cir_validation
I033,unsupported,False,36,0.00851,0.14624,,,0.15727,False,cir_validation
I033,unsupported,False,37,0.00784,0.14644,,,0.15656,False,cir_validation
I033,unsupported,False,38,0.00817,0.11757,,,0.128,False,cir_validation
I033,unsupported,False,39,0.00825,0.13553,,,0.14617,False,cir_validation
I033,unsupported,False,40,0.00765,0.12811,,,0.13798,False,cir_validation
I033,unsupported,False,41,0.00914,0.13175,,,0.1433,False,cir_validation
I033,unsupported,False,42,0.00974,0.12722,,,0.13958,False,cir_validation
I033,unsupported,False,43,0.0086,0.16128,,,0.17317,False,cir_validation
I033,unsupported,False,44,0.00878,0.161281,,,0.174079,False,cir_validation
I033,unsupported,False,45,0.010811,0.15045,,,0.16406,False,cir_validation
I033,unsupported,False,46,0.0088,0.12785,,,0.13904,False,cir_validation
I033,unsupported,False,47,0.00865,0.15155,,,0.16267,False,cir_validation
I033,unsupported,False,48,0.00808,0.12291,,,0.14966,False,cir_validation
I033,unsupported,False,49,0.00918,0.12757,,,0.13885,False,cir_validation
I033,unsupported,False,50,0.00734,0.12434,,,0.13368,False,cir_validation
I033,unsupported,False,51,0.00806,0.12235,,,0.13226,False,cir_validation
I033,unsupported,False,52,0.00651,0.11922,,,0.12772,False,cir_validation
I033,unsupported,False,53,0.006911,0.133679,,,0.142741,False,cir_validation
I033,unsupported,False,54,0.006931,0.11895,,,0.12805,False,cir_validation
I033,unsupported,False,55,0.006409,0.13581,,,0.144581,False,cir_validation
I033,unsupported,False,56,0.007819,0.12811,,,0.13829,False,cir_validation
I033,unsupported,False,57,0.00855,0.12599,,,0.13675,False,cir_validation
I033,unsupported,False,58,0.00687,0.11869,,,0.12754,False,cir_validation
I033,unsupported,False,59,0.00658,0.12943,,,0.13821,False,cir_validation
I033,unsupported,False,60,0.0076,0.12255,,,0.13212,False,cir_validation
I033,unsupported,False,61,0.00737,0.13997,,,0.14972,False,cir_validation
I033,unsupported,False,62,0.00847,0.12578,,,0.13656,False,cir_validation
I033,unsupported,False,63,0.00785,0.12463,,,0.1348,False,cir_validation
I033,unsupported,False,64,0.00758,0.12597,,,0.13572,False,cir_validation
I033,unsupported,False,65,0.00874,0.14412,,,0.15552,False,cir_validation
I033,unsupported,False,66,0.00816,0.13563,,,0.14619,False,cir_validation
I033,unsupported,False,67,0.007889,0.147219,,,0.15721,False,cir_validation
I033,unsupported,False,68,0.00727,0.12873,,,0.13796,False,cir_validation
I033,unsupported,False,69,0.00646,0.10601,,,0.11434,False,cir_validation
I033,unsupported,False,70,0.00613,0.11694,,,0.12476,False,cir_validation
I033,unsupported,False,71,0.00686,0.11845,,,0.12746,False,cir_validation
I033,unsupported,False,72,0.00766,0.12957,,,0.13924,False,cir_validation
I033,unsupported,False,73,0.0073,0.14528,,,0.15465,False,cir_validation
I033,unsupported,False,74,0.0078,0.12539,,,0.13545,False,cir_validation
I033,unsupported,False,75,0.0092,0.12201,,,0.1339,False,cir_validation
I033,unsupported,False,76,0.00702,0.11579,,,0.12506,False,cir_validation
I033,unsupported,False,77,0.00819,0.131849,,,0.142279,False,cir_validation
I033,unsupported,False,78,0.00782,0.12649,,,0.13657,False,cir_validation
I033,unsupported,False,79,0.00728,0.11418,,,0.12334,False,cir_validation
I033,unsupported,False,80,0.02422,0.11049,,,0.13686,False,cir_validation
I033,unsupported,False,81,0.00751,0.11138,,,0.12119,False,cir_validation
I033,unsupported,False,82,0.0069,0.11536,,,0.1244,False,cir_validation
I033,unsupported,False,83,0.00673,0.11718,,,0.13226,False,cir_validation
I033,unsupported,False,84,0.0082,0.13642,,,0.14724,False,cir_validation
I033,unsupported,False,85,0.00842,0.1159,,,0.12698,False,cir_validation
I033,unsupported,False,86,0.00787,0.15179,,,0.16212,False,cir_validation
I033,unsupported,False,87,0.00918,0.13624,,,0.14781,False,cir_validation
I033,unsupported,False,88,0.007351,0.13077,,,0.14019,False,cir_validation
I033,unsupported,False,89,0.007009,0.12565,,,0.134479,False,cir_validation
I033,unsupported,False,90,0.00684,0.14695,,,0.155761,False,cir_validation
I033,unsupported,False,91,0.00644,0.10454,,,0.112721,False,cir_validation
I033,unsupported,False,92,0.00696,0.12533,,,0.13398,False,cir_validation
I033,unsupported,False,93,0.0071,0.10669,,,0.11567,False,cir_validation
I033,unsupported,False,94,0.00634,0.11401,,,0.12247,False,cir_validation
I033,unsupported,False,95,0.00758,0.1193,,,0.12921,False,cir_validation
I033,unsupported,False,96,0.00782,0.1149,,,0.12488,False,cir_validation
I033,unsupported,False,97,0.0074,0.11761,,,0.127,False,cir_validation
I033,unsupported,False,98,0.00671,0.10206,,,0.1105,False,cir_validation
I033,unsupported,False,99,0.00719,0.1309,,,0.14023,False,cir_validation
I033,unsupported,False,100,0.00662,0.11465,,,0.12317,False,cir_validation
I034,unsupported,False,1,0.00948,0.14255,,,0.154941,False,cir_validation
I034,unsupported,False,2,0.00898,0.13484,,,0.14627,False,cir_validation
I034,unsupported,False,3,0.00851,0.16475,,,0.17593,False,cir_validation
I034,unsupported,False,4,0.0094,0.13209,,,0.14386,False,cir_validation
I034,unsupported,False,5,0.00716,0.11929,,,0.12866,False,cir_validation
I034,unsupported,False,6,0.00774,0.12092,,,0.13062,False,cir_validation
I034,unsupported,False,7,0.00699,0.1325,,,0.14184,False,cir_validation
I034,unsupported,False,8,0.00709,0.12634,,,0.13556,False,cir_validation
I034,unsupported,False,9,0.00765,0.152999,,,0.163349,False,cir_validation
I034,unsupported,False,10,0.00936,0.109299,,,0.120779,False,cir_validation
I034,unsupported,False,11,0.00678,0.112719,,,0.12159,False,cir_validation
I034,unsupported,False,12,0.00706,0.12567,,,0.134701,False,cir_validation
I034,unsupported,False,13,0.00733,0.12484,,,0.13414,False,cir_validation
I034,unsupported,False,14,0.00686,0.12287,,,0.13918,False,cir_validation
I034,unsupported,False,15,0.00668,0.1082,,,0.11644,False,cir_validation
I034,unsupported,False,16,0.02368,0.13855,,,0.16431,False,cir_validation
I034,unsupported,False,17,0.00766,0.13111,,,0.14079,False,cir_validation
I034,unsupported,False,18,0.00704,0.12663,,,0.13552,False,cir_validation
I034,unsupported,False,19,0.00656,0.12456,,,0.13295,False,cir_validation
I034,unsupported,False,20,0.00672,0.13743,,,0.14618,False,cir_validation
I034,unsupported,False,21,0.00693,0.12387,,,0.13273,False,cir_validation
I034,unsupported,False,22,0.00641,0.13875,,,0.14749,False,cir_validation
I034,unsupported,False,23,0.00788,0.11765,,,0.127659,False,cir_validation
I034,unsupported,False,24,0.0072,0.11054,,,0.11961,False,cir_validation
I034,unsupported,False,25,0.00773,0.11627,,,0.12611,False,cir_validation
I034,unsupported,False,26,0.00766,0.13594,,,0.14595,False,cir_validation
I034,unsupported,False,27,0.00873,0.12446,,,0.1354,False,cir_validation
I034,unsupported,False,28,0.00772,0.14768,,,0.15783,False,cir_validation
I034,unsupported,False,29,0.00799,0.18392,,,0.19501,False,cir_validation
I034,unsupported,False,30,0.00849,0.13107,,,0.14198,False,cir_validation
I034,unsupported,False,31,0.00875,0.13741,,,0.14868,False,cir_validation
I034,unsupported,False,32,0.00929,0.152189,,,0.16435,False,cir_validation
I034,unsupported,False,33,0.008929,0.15661,,,0.168301,False,cir_validation
I034,unsupported,False,34,0.00858,0.12669,,,0.13767,False,cir_validation
I034,unsupported,False,35,0.00784,0.1209,,,0.13095,False,cir_validation
I034,unsupported,False,36,0.00732,0.12118,,,0.13045,False,cir_validation
I034,unsupported,False,37,0.00633,0.11066,,,0.11889,False,cir_validation
I034,unsupported,False,38,0.00656,0.11546,,,0.1237,False,cir_validation
I034,unsupported,False,39,0.00688,0.10622,,,0.11484,False,cir_validation
I034,unsupported,False,40,0.00719,0.13902,,,0.14869,False,cir_validation
I034,unsupported,False,41,0.00698,0.1236,,,0.13279,False,cir_validation
I034,unsupported,False,42,0.00753,0.1073,,,0.11663,False,cir_validation
I034,unsupported,False,43,0.0072,0.12194,,,0.13144,False,cir_validation
I034,unsupported,False,44,0.00809,0.14139,,,0.152019,False,cir_validation
I034,unsupported,False,45,0.00854,0.131849,,,0.14283,False,cir_validation
I034,unsupported,False,46,0.00846,0.143279,,,0.15421,False,cir_validation
I034,unsupported,False,47,0.00794,0.11716,,,0.12747,False,cir_validation
I034,unsupported,False,48,0.00808,0.12296,,,0.13296,False,cir_validation
I034,unsupported,False,49,0.00681,0.11932,,,0.12818,False,cir_validation
I034,unsupported,False,50,0.00714,0.12159,,,0.13087,False,cir_validation
I034,unsupported,False,51,0.01693,0.1202,,,0.13946,False,cir_validation
I034,unsupported,False,52,0.00741,0.14987,,,0.15953,False,cir_validation
I034,unsupported,False,53,0.00781,0.12515,,,0.13512,False,cir_validation
I034,unsupported,False,54,0.00721,0.12298,,,0.13208,False,cir_validation
I034,unsupported,False,55,0.00755,0.12855,,,0.13857,False,cir_validation
I034,unsupported,False,56,0.0074,0.110961,,,0.120151,False,cir_validation
I034,unsupported,False,57,0.00646,0.11311,,,0.12131,False,cir_validation
I034,unsupported,False,58,0.006071,0.101189,,,0.10885,False,cir_validation
I034,unsupported,False,59,0.005671,0.127059,,,0.13485,False,cir_validation
I034,unsupported,False,60,0.00785,0.13062,,,0.14139,False,cir_validation
I034,unsupported,False,61,0.01051,0.13062,,,0.1435,False,cir_validation
I034,unsupported,False,62,0.00848,0.13346,,,0.14444,False,cir_validation
I034,unsupported,False,63,0.00903,0.14157,,,0.15337,False,cir_validation
I034,unsupported,False,64,0.00986,0.13879,,,0.15117,False,cir_validation
I034,unsupported,False,65,0.0094,0.16506,,,0.17777,False,cir_validation
I034,unsupported,False,66,0.0117,0.14957,,,0.16473,False,cir_validation
I034,unsupported,False,67,0.01168,0.14349,,,0.157999,False,cir_validation
I034,unsupported,False,68,0.008109,0.13929,,,0.14997,False,cir_validation
I034,unsupported,False,69,0.0101,0.137279,,,0.15037,False,cir_validation
I034,unsupported,False,70,0.00778,0.144749,,,0.15492,False,cir_validation
I034,unsupported,False,71,0.0071,0.11207,,,0.12133,False,cir_validation
I034,unsupported,False,72,0.00729,0.11216,,,0.12144,False,cir_validation
I034,unsupported,False,73,0.00698,0.117,,,0.12628,False,cir_validation
I034,unsupported,False,74,0.00729,0.12675,,,0.13623,False,cir_validation
I034,unsupported,False,75,0.00753,0.12808,,,0.13801,False,cir_validation
I034,unsupported,False,76,0.00672,0.11422,,,0.12299,False,cir_validation
I034,unsupported,False,77,0.02408,0.13628,,,0.16314,False,cir_validation
I034,unsupported,False,78,0.01019,0.140789,,,0.153289,False,cir_validation
I034,unsupported,False,79,0.053381,0.13437,,,0.190561,False,cir_validation
I034,unsupported,False,80,0.00838,0.15425,,,0.165361,False,cir_validation
I034,unsupported,False,81,0.02012,0.144429,,,0.16736,False,cir_validation
I034,unsupported,False,82,0.00803,0.13719,,,0.14747,False,cir_validation
I034,unsupported,False,83,0.00712,0.10657,,,0.1156,False,cir_validation
I034,unsupported,False,84,0.00575,0.09829,,,0.10556,False,cir_validation
I034,unsupported,False,85,0.00558,0.10164,,,0.10897,False,cir_validation
I034,unsupported,False,86,0.0062,0.10535,,,0.11335,False,cir_validation
I034,unsupported,False,87,0.00629,0.11883,,,0.12698,False,cir_validation
I034,unsupported,False,88,0.00613,0.10732,,,0.11523,False,cir_validation
I034,unsupported,False,89,0.00625,0.12247,,,0.13042,False,cir_validation
I034,unsupported,False,90,0.00612,0.10232,,,0.11006,False,cir_validation
I034,unsupported,False,91,0.00615,0.09687,,,0.104539,False,cir_validation
I034,unsupported,False,92,0.005229,0.094221,,,0.101179,False,cir_validation
I034,unsupported,False,93,0.00558,0.099501,,,0.106619,False,cir_validation
I034,unsupported,False,94,0.00526,0.10537,,,0.11237,False,cir_validation
I034,unsupported,False,95,0.01377,0.10287,,,0.11838,False,cir_validation
I034,unsupported,False,96,0.00572,0.10251,,,0.10972,False,cir_validation
I034,unsupported,False,97,0.00843,0.16582,,,0.1765,False,cir_validation
I034,unsupported,False,98,0.00937,0.17038,,,0.18266,False,cir_validation
I034,unsupported,False,99,0.00738,0.12579,,,0.13535,False,cir_validation
I034,unsupported,False,100,0.00801,0.12279,,,0.13338,False,cir_validation
I035,contradictory,False,1,0.013,0.16689,,,0.183541,False,cir_validation
I035,contradictory,False,2,0.01134,0.145399,,,0.159809,False,cir_validation
I035,contradictory,False,3,0.01026,0.13537,,,0.14846,False,cir_validation
I035,contradictory,False,4,0.01106,0.14936,,,0.16337,False,cir_validation
I035,contradictory,False,5,0.01044,0.15786,,,0.17124,False,cir_validation
I035,contradictory,False,6,0.00999,0.11546,,,0.12779,False,cir_validation
I035,contradictory,False,7,0.00822,0.11266,,,0.12303,False,cir_validation
I035,contradictory,False,8,0.00886,0.11182,,,0.12308,False,cir_validation
I035,contradictory,False,9,0.00898,0.11748,,,0.12988,False,cir_validation
I035,contradictory,False,10,0.01145,0.15338,,,0.16744,False,cir_validation
I035,contradictory,False,11,0.00969,0.116919,,,0.12899,False,cir_validation
I035,contradictory,False,12,0.00963,0.11907,,,0.13125,False,cir_validation
I035,contradictory,False,13,0.008819,0.116689,,,0.12781,False,cir_validation
I035,contradictory,False,14,0.00781,0.11416,,,0.12393,False,cir_validation
I035,contradictory,False,15,0.00883,0.12038,,,0.13137,False,cir_validation
I035,contradictory,False,16,0.00993,0.14787,,,0.16029,False,cir_validation
I035,contradictory,False,17,0.00975,0.12092,,,0.13307,False,cir_validation
I035,contradictory,False,18,0.00833,0.12523,,,0.13555,False,cir_validation
I035,contradictory,False,19,0.00819,0.10231,,,0.11214,False,cir_validation
I035,contradictory,False,20,0.00737,0.09545,,,0.10439,False,cir_validation
I035,contradictory,False,21,0.00733,0.09736,,,0.10625,False,cir_validation
I035,contradictory,False,22,0.0074,0.09785,,,0.10681,False,cir_validation
I035,contradictory,False,23,0.00728,0.105679,,,0.114579,False,cir_validation
I035,contradictory,False,24,0.00744,0.10837,,,0.11747,False,cir_validation
I035,contradictory,False,25,0.00822,0.143479,,,0.15353,False,cir_validation
I035,contradictory,False,26,0.03088,0.10289,,,0.135299,False,cir_validation
I035,contradictory,False,27,0.00784,0.09849,,,0.10793,False,cir_validation
I035,contradictory,False,28,0.007589,0.09678,,,0.10606,False,cir_validation
I035,contradictory,False,29,0.00727,0.09403,,,0.1028,False,cir_validation
I035,contradictory,False,30,0.00732,0.18923,,,0.1985,False,cir_validation
I035,contradictory,False,31,0.00893,0.11287,,,0.12358,False,cir_validation
I035,contradictory,False,32,0.00751,0.12412,,,0.13431,False,cir_validation
I035,contradictory,False,33,0.00944,0.11878,,,0.13037,False,cir_validation
I035,contradictory,False,34,0.00863,0.10912,,,0.11956,False,cir_validation
I035,contradictory,False,35,0.05801,0.13951,,,0.200489,False,cir_validation
I035,contradictory,False,36,0.00922,0.14293,,,0.154679,False,cir_validation
I035,contradictory,False,37,0.0111,0.130569,,,0.144499,False,cir_validation
I035,contradictory,False,38,0.011029,0.13691,,,0.150939,False,cir_validation
I035,contradictory,False,39,0.01042,0.144249,,,0.15752,False,cir_validation
I035,contradictory,False,40,0.01124,0.14279,,,0.15655,False,cir_validation
I035,contradictory,False,41,0.01094,0.14761,,,0.16098,False,cir_validation
I035,contradictory,False,42,0.01085,0.14029,,,0.15371,False,cir_validation
I035,contradictory,False,43,0.00993,0.14932,,,0.16186,False,cir_validation
I035,contradictory,False,44,0.00952,0.11784,,,0.12984,False,cir_validation
I035,contradictory,False,45,0.00892,0.11617,,,0.12718,False,cir_validation
I035,contradictory,False,46,0.00905,0.127661,,,0.138769,False,cir_validation
I035,contradictory,False,47,0.00982,0.14907,,,0.16137,False,cir_validation
I035,contradictory,False,48,0.008949,0.113219,,,0.12401,False,cir_validation
I035,contradictory,False,49,0.008629,0.143221,,,0.154159,False,cir_validation
I035,contradictory,False,50,0.01089,0.13524,,,0.1485,False,cir_validation
I035,contradictory,False,51,0.00903,0.13244,,,0.14371,False,cir_validation
I035,contradictory,False,52,0.00833,0.12086,,,0.13149,False,cir_validation
I035,contradictory,False,53,0.00947,0.14367,,,0.16131,False,cir_validation
I035,contradictory,False,54,0.00958,0.12628,,,0.13808,False,cir_validation
I035,contradictory,False,55,0.00898,0.13471,,,0.14575,False,cir_validation
I035,contradictory,False,56,0.00889,0.11165,,,0.12236,False,cir_validation
I035,contradictory,False,57,0.007909,0.10484,,,0.11431,False,cir_validation
I035,contradictory,False,58,0.007009,0.103611,,,0.11211,False,cir_validation
I035,contradictory,False,59,0.00736,0.10495,,,0.113819,False,cir_validation
I035,contradictory,False,60,0.007391,0.105189,,,0.1141,False,cir_validation
I035,contradictory,False,61,0.00721,0.10614,,,0.11511,False,cir_validation
I035,contradictory,False,62,0.00725,0.11551,,,0.12436,False,cir_validation
I035,contradictory,False,63,0.00742,0.10167,,,0.1106,False,cir_validation
I035,contradictory,False,64,0.00738,0.1074,,,0.1165,False,cir_validation
I035,contradictory,False,65,0.00864,0.10075,,,0.111,False,cir_validation
I035,contradictory,False,66,0.0076,0.09763,,,0.10663,False,cir_validation
I035,contradictory,False,67,0.00759,0.10249,,,0.11163,False,cir_validation
I035,contradictory,False,68,0.00734,0.11008,,,0.11897,False,cir_validation
I035,contradictory,False,69,0.00751,0.09752,,,0.10662,False,cir_validation
I035,contradictory,False,70,0.00737,0.11882,,,0.12805,False,cir_validation
I035,contradictory,False,71,0.00883,0.11512,,,0.12605,False,cir_validation
I035,contradictory,False,72,0.00929,0.108489,,,0.119641,False,cir_validation
I035,contradictory,False,73,0.00874,0.11851,,,0.12949,False,cir_validation
I035,contradictory,False,74,0.008951,2.489908,,,2.502258,False,cir_validation
I035,contradictory,False,75,0.01443,0.17984,,,0.19707,False,cir_validation
I035,contradictory,False,76,0.0114,0.15157,,,0.16528,False,cir_validation
I035,contradictory,False,77,0.00987,0.13086,,,0.14319,False,cir_validation
I035,contradictory,False,78,0.00893,0.13712,,,0.14823,False,cir_validation
I035,contradictory,False,79,0.00906,0.1297,,,0.14103,False,cir_validation
I035,contradictory,False,80,0.00926,0.131141,,,0.14261,False,cir_validation
I035,contradictory,False,81,0.008129,0.114659,,,0.12457,False,cir_validation
I035,contradictory,False,82,0.007991,0.108701,,,0.118261,False,cir_validation
I035,contradictory,False,83,0.00752,0.10917,,,0.118529,False,cir_validation
I035,contradictory,False,84,0.007259,0.11173,,,0.12064,False,cir_validation
I035,contradictory,False,85,0.00682,0.09711,,,0.10563,False,cir_validation
I035,contradictory,False,86,0.00748,0.09777,,,0.10674,False,cir_validation
I035,contradictory,False,87,0.00821,0.10423,,,0.11419,False,cir_validation
I035,contradictory,False,88,0.00729,0.10706,,,0.11591,False,cir_validation
I035,contradictory,False,89,0.00751,0.1041,,,0.11327,False,cir_validation
I035,contradictory,False,90,0.00763,0.10119,,,0.11045,False,cir_validation
I035,contradictory,False,91,0.00747,0.10271,,,0.11177,False,cir_validation
I035,contradictory,False,92,0.007871,0.11177,,,0.121321,False,cir_validation
I035,contradictory,False,93,0.008191,0.102521,,,0.11221,False,cir_validation
I035,contradictory,False,94,0.00782,2.188039,,,2.198778,False,cir_validation
I035,contradictory,False,95,0.01398,0.15076,,,0.16798,False,cir_validation
I035,contradictory,False,96,0.01066,0.13382,,,0.14734,False,cir_validation
I035,contradictory,False,97,0.00987,0.12704,,,0.13902,False,cir_validation
I035,contradictory,False,98,0.01002,0.12215,,,0.13439,False,cir_validation
I035,contradictory,False,99,0.00819,0.13194,,,0.14256,False,cir_validation
I035,contradictory,False,100,0.00902,0.10786,,,0.11894,False,cir_validation
I036,contradictory,False,1,0.01192,0.140069,,,0.15497,False,cir_validation
I036,contradictory,False,2,0.00957,0.13994,,,0.15181,False,cir_validation
I036,contradictory,False,3,0.00995,0.120729,,,0.132799,False,cir_validation
I036,contradictory,False,4,0.01935,0.17917,,,0.20323,False,cir_validation
I036,contradictory,False,5,0.01044,0.13865,,,0.15189,False,cir_validation
I036,contradictory,False,6,0.00966,0.15315,,,0.166439,False,cir_validation
I036,contradictory,False,7,0.01092,0.12731,,,0.140899,False,cir_validation
I036,contradictory,False,8,0.00966,0.15195,,,0.16415,False,cir_validation
I036,contradictory,False,9,0.01153,0.13592,,,0.14998,False,cir_validation
I036,contradictory,False,10,0.00981,0.1234,,,0.13569,False,cir_validation
I036,contradictory,False,11,0.00937,0.13451,,,0.18191,False,cir_validation
I036,contradictory,False,12,0.01007,0.13321,,,0.14561,False,cir_validation
I036,contradictory,False,13,0.01037,0.12974,,,0.14263,False,cir_validation
I036,contradictory,False,14,2.037149,0.176549,,,2.218609,False,cir_validation
I036,contradictory,False,15,0.0128,0.143161,,,0.158859,False,cir_validation
I036,contradictory,False,16,0.01106,0.13758,,,0.15138,False,cir_validation
I036,contradictory,False,17,0.01006,0.15387,,,0.16665,False,cir_validation
I036,contradictory,False,18,0.01021,0.13677,,,0.14955,False,cir_validation
I036,contradictory,False,19,0.01006,0.15814,,,0.17065,False,cir_validation
I036,contradictory,False,20,0.01143,0.14292,,,0.15755,False,cir_validation
I036,contradictory,False,21,0.01139,0.14291,,,0.15659,False,cir_validation
I036,contradictory,False,22,0.00998,0.13242,,,0.14504,False,cir_validation
I036,contradictory,False,23,0.02324,0.147279,,,0.173649,False,cir_validation
I036,contradictory,False,24,0.01073,1.199669,,,1.213499,False,cir_validation
I036,contradictory,False,25,0.01306,0.15104,,,0.1673,False,cir_validation
I036,contradictory,False,26,0.01076,0.1347,,,0.14776,False,cir_validation
I036,contradictory,False,27,0.01088,0.16426,,,0.17785,False,cir_validation
I036,contradictory,False,28,0.01149,0.150259,,,0.164709,False,cir_validation
I036,contradictory,False,29,0.02832,0.13255,,,0.16387,False,cir_validation
I036,contradictory,False,30,0.009771,0.134521,,,0.14685,False,cir_validation
I036,contradictory,False,31,0.01028,0.13365,,,0.14654,False,cir_validation
I036,contradictory,False,32,0.00972,0.13064,,,0.14292,False,cir_validation
I036,contradictory,False,33,0.01081,0.15531,,,0.16896,False,cir_validation
I036,contradictory,False,34,0.00993,0.15648,,,0.16948,False,cir_validation
I036,contradictory,False,35,0.011,0.13715,,,0.15088,False,cir_validation
I036,contradictory,False,36,0.01069,0.12477,,,0.13777,False,cir_validation
I036,contradictory,False,37,0.01097,0.13713,,,0.15087,False,cir_validation
I036,contradictory,False,38,0.01115,0.15377,,,0.16791,False,cir_validation
I036,contradictory,False,39,0.011009,0.138739,,,0.15244,False,cir_validation
I036,contradictory,False,40,0.027109,0.134801,,,0.16495,False,cir_validation
I036,contradictory,False,41,0.010529,0.1343,,,0.14741,False,cir_validation
I036,contradictory,False,42,0.01031,0.13384,,,0.14697,False,cir_validation
I036,contradictory,False,43,0.0106,0.14464,,,0.15762,False,cir_validation
I036,contradictory,False,44,0.01094,0.14477,,,0.15868,False,cir_validation
I036,contradictory,False,45,0.011,0.15406,,,0.16781,False,cir_validation
I036,contradictory,False,46,0.01088,0.13859,,,0.1523,False,cir_validation
I036,contradictory,False,47,0.01143,0.14249,,,0.15697,False,cir_validation
I036,contradictory,False,48,0.01126,0.13682,,,0.15081,False,cir_validation
I036,contradictory,False,49,0.010269,0.157561,,,0.17054,False,cir_validation
I036,contradictory,False,50,0.010951,0.13417,,,0.147961,False,cir_validation
I036,contradictory,False,51,0.010251,0.116459,,,0.128939,False,cir_validation
I036,contradictory,False,52,0.00971,0.13679,,,0.14919,False,cir_validation
I036,contradictory,False,53,0.0102,0.13094,,,0.14365,False,cir_validation
I036,contradictory,False,54,0.01034,0.13433,,,0.14733,False,cir_validation
I036,contradictory,False,55,0.01106,0.13711,,,0.15097,False,cir_validation
I036,contradictory,False,56,0.01054,0.13596,,,0.14891,False,cir_validation
I036,contradictory,False,57,0.00986,0.13619,,,0.14901,False,cir_validation
I036,contradictory,False,58,0.01067,0.1378,,,0.15125,False,cir_validation
I036,contradictory,False,59,0.01002,0.13692,,,0.14942,False,cir_validation
I036,contradictory,False,60,0.010031,0.14675,,,0.15965,False,cir_validation
I036,contradictory,False,61,0.011191,0.13381,,,0.147559,False,cir_validation
I036,contradictory,False,62,0.01052,0.14489,,,0.15796,False,cir_validation
I036,contradictory,False,63,0.01021,0.13664,,,0.14923,False,cir_validation
I036,contradictory,False,64,0.00976,0.13516,,,0.14762,False,cir_validation
I036,contradictory,False,65,0.01109,0.1393,,,0.15355,False,cir_validation
I036,contradictory,False,66,0.01135,0.15145,,,0.16559,False,cir_validation
I036,contradictory,False,67,0.01164,0.16027,,,0.17452,False,cir_validation
I036,contradictory,False,68,0.0112,0.1381,,,0.15227,False,cir_validation
I036,contradictory,False,69,0.010819,0.13555,,,0.14914,False,cir_validation
I036,contradictory,False,70,0.00918,0.12253,,,0.13399,False,cir_validation
I036,contradictory,False,71,0.00978,0.14012,,,0.15219,False,cir_validation
I036,contradictory,False,72,0.010271,0.120789,,,0.133249,False,cir_validation
I036,contradictory,False,73,0.008501,0.135899,,,0.14647,False,cir_validation
I036,contradictory,False,74,0.01008,0.13684,,,0.14942,False,cir_validation
I036,contradictory,False,75,0.00973,0.13031,,,0.14241,False,cir_validation
I036,contradictory,False,76,0.00924,0.12796,,,0.13944,False,cir_validation
I036,contradictory,False,77,0.01046,0.14485,,,0.15836,False,cir_validation
I036,contradictory,False,78,0.01052,0.13561,,,0.14851,False,cir_validation
I036,contradictory,False,79,0.01055,0.15489,,,0.168149,False,cir_validation
I036,contradictory,False,80,0.01088,0.13983,,,0.153439,False,cir_validation
I036,contradictory,False,81,0.01084,0.13697,,,0.150509,False,cir_validation
I036,contradictory,False,82,0.01018,0.13615,,,0.14902,False,cir_validation
I036,contradictory,False,83,0.01031,0.14855,,,0.16176,False,cir_validation
I036,contradictory,False,84,0.01054,0.15268,,,0.16598,False,cir_validation
I036,contradictory,False,85,0.01043,0.11736,,,0.12999,False,cir_validation
I036,contradictory,False,86,0.00963,0.11973,,,0.13223,False,cir_validation
I036,contradictory,False,87,0.00955,0.12025,,,0.13189,False,cir_validation
I036,contradictory,False,88,0.00957,0.20583,,,0.21815,False,cir_validation
I036,contradictory,False,89,0.01003,0.13931,,,0.152,False,cir_validation
I036,contradictory,False,90,0.0108,0.154139,,,0.167499,False,cir_validation
I036,contradictory,False,91,0.010411,0.13205,,,0.144939,False,cir_validation
I036,contradictory,False,92,0.00978,0.12103,,,0.13277,False,cir_validation
I036,contradictory,False,93,0.00882,0.11214,,,0.12303,False,cir_validation
I036,contradictory,False,94,0.00917,0.12752,,,0.13895,False,cir_validation
I036,contradictory,False,95,0.00943,0.1129,,,0.12464,False,cir_validation
I036,contradictory,False,96,0.00774,0.13358,,,0.14332,False,cir_validation
I036,contradictory,False,97,0.0108,0.13293,,,0.14654,False,cir_validation
I036,contradictory,False,98,0.00971,0.13351,,,0.14562,False,cir_validation
I036,contradictory,False,99,0.01035,0.13195,,,0.145,False,cir_validation
I036,contradictory,False,100,0.010469,0.197931,,,0.21122,False,cir_validation
I037,contradictory,False,1,0.01448,0.157009,,,0.174989,False,cir_validation
I037,contradictory,False,2,0.01102,0.14625,,,0.15998,False,cir_validation
I037,contradictory,False,3,0.01068,0.16284,,,0.17647,False,cir_validation
I037,contradictory,False,4,0.01145,0.14689,,,0.16127,False,cir_validation
I037,contradictory,False,5,0.01089,0.16267,,,0.17587,False,cir_validation
I037,contradictory,False,6,0.0101,0.12087,,,0.1332,False,cir_validation
I037,contradictory,False,7,0.00943,0.12138,,,0.13333,False,cir_validation
I037,contradictory,False,8,0.00829,0.126829,,,0.137369,False,cir_validation
I037,contradictory,False,9,0.0084,0.12501,,,0.135599,False,cir_validation
I037,contradictory,False,10,0.00862,0.127099,,,0.138139,False,cir_validation
I037,contradictory,False,11,0.00985,0.67729,,,0.6902,False,cir_validation
I037,contradictory,False,12,0.02536,0.15208,,,0.18123,False,cir_validation
I037,contradictory,False,13,0.01171,0.15913,,,0.17404,False,cir_validation
I037,contradictory,False,14,0.01022,0.12929,,,0.14213,False,cir_validation
I037,contradictory,False,15,0.01082,0.12212,,,0.135301,False,cir_validation
I037,contradictory,False,16,0.009771,0.12211,,,0.133841,False,cir_validation
I037,contradictory,False,17,0.010291,0.133161,,,0.14589,False,cir_validation
I037,contradictory,False,18,0.00994,0.13102,,,0.1434,False,cir_validation
I037,contradictory,False,19,0.00986,0.13291,,,0.1452,False,cir_validation
I037,contradictory,False,20,0.00945,0.10936,,,0.12076,False,cir_validation
I037,contradictory,False,21,0.00818,0.1282,,,0.13867,False,cir_validation
I037,contradictory,False,22,0.01024,0.13541,,,0.14801,False,cir_validation
I037,contradictory,False,23,0.01036,0.15859,,,0.17723,False,cir_validation
I037,contradictory,False,24,0.0108,0.14677,,,0.16088,False,cir_validation
I037,contradictory,False,25,0.00961,0.14202,,,0.15412,False,cir_validation
I037,contradictory,False,26,0.00969,0.13249,,,0.14466,False,cir_validation
I037,contradictory,False,27,0.01092,0.12961,,,0.14313,False,cir_validation
I037,contradictory,False,28,0.00915,0.129029,,,0.140259,False,cir_validation
I037,contradictory,False,29,0.0092,0.1275,,,0.139179,False,cir_validation
I037,contradictory,False,30,0.00944,0.10472,,,0.11641,False,cir_validation
I037,contradictory,False,31,0.00927,0.14457,,,0.15628,False,cir_validation
I037,contradictory,False,32,0.00895,0.12676,,,0.13809,False,cir_validation
I037,contradictory,False,33,0.00909,0.12469,,,0.13583,False,cir_validation
I037,contradictory,False,34,0.00998,0.12267,,,0.13484,False,cir_validation
I037,contradictory,False,35,0.00871,0.13599,,,0.14699,False,cir_validation
I037,contradictory,False,36,0.009,0.12529,,,0.13649,False,cir_validation
I037,contradictory,False,37,0.00913,0.137969,,,0.149399,False,cir_validation
I037,contradictory,False,38,0.00921,0.11766,,,0.129059,False,cir_validation
I037,contradictory,False,39,0.0104,0.12681,,,0.139761,False,cir_validation
I037,contradictory,False,40,0.01078,0.11793,,,0.13115,False,cir_validation
I037,contradictory,False,41,0.01177,0.14921,,,0.16413,False,cir_validation
I037,contradictory,False,42,0.01035,0.13872,,,0.15128,False,cir_validation
I037,contradictory,False,43,0.00959,0.15199,,,0.16373,False,cir_validation
I037,contradictory,False,44,0.0095,0.13575,,,0.14897,False,cir_validation
I037,contradictory,False,45,0.00989,0.12052,,,0.13275,False,cir_validation
I037,contradictory,False,46,0.00867,0.13872,,,0.14976,False,cir_validation
I037,contradictory,False,47,0.0099,0.13944,,,0.15216,False,cir_validation
I037,contradictory,False,48,0.01019,0.1355,,,0.14847,False,cir_validation
I037,contradictory,False,49,0.010579,0.131901,,,0.145179,False,cir_validation
I037,contradictory,False,50,0.00908,0.12647,,,0.138259,False,cir_validation
I037,contradictory,False,51,0.00944,0.124541,,,0.136199,False,cir_validation
I037,contradictory,False,52,0.008329,0.1138,,,0.12419,False,cir_validation
I037,contradictory,False,53,0.00799,0.12314,,,0.13334,False,cir_validation
I037,contradictory,False,54,0.00869,0.10572,,,0.11671,False,cir_validation
I037,contradictory,False,55,0.00868,0.12914,,,0.13982,False,cir_validation
I037,contradictory,False,56,0.0083,0.11246,,,0.12273,False,cir_validation
I037,contradictory,False,57,0.01156,0.11417,,,0.12799,False,cir_validation
I037,contradictory,False,58,0.0084,0.11538,,,0.12625,False,cir_validation
I037,contradictory,False,59,0.00888,0.1232,,,0.13427,False,cir_validation
I037,contradictory,False,60,0.00927,0.12403,,,0.13578,False,cir_validation
I037,contradictory,False,61,0.009571,0.148361,,,0.160741,False,cir_validation
I037,contradictory,False,62,0.008669,0.109259,,,0.12007,False,cir_validation
I037,contradictory,False,63,0.010351,0.10929,,,0.12203,False,cir_validation
I037,contradictory,False,64,0.007569,0.104901,,,0.11427,False,cir_validation
I037,contradictory,False,65,0.008189,0.1113,,,0.12165,False,cir_validation
I037,contradictory,False,66,0.00857,0.12941,,,0.14036,False,cir_validation
I037,contradictory,False,67,0.00914,0.12244,,,0.13379,False,cir_validation
I037,contradictory,False,68,0.009,0.13689,,,0.14845,False,cir_validation
I037,contradictory,False,69,0.00877,0.11751,,,0.12826,False,cir_validation
I037,contradictory,False,70,0.00868,0.12342,,,0.13423,False,cir_validation
I037,contradictory,False,71,0.00837,0.12819,,,0.13834,False,cir_validation
I037,contradictory,False,72,0.00855,0.1276,,,0.13868,False,cir_validation
I037,contradictory,False,73,0.0088,0.11525,,,0.12605,False,cir_validation
I037,contradictory,False,74,0.00876,0.1336,,,0.14449,False,cir_validation
I037,contradictory,False,75,0.009811,0.122119,,,0.13446,False,cir_validation
I037,contradictory,False,76,0.00991,0.12933,,,0.14159,False,cir_validation
I037,contradictory,False,77,0.01022,0.12664,,,0.13957,False,cir_validation
I037,contradictory,False,78,0.0089,0.11723,,,0.12835,False,cir_validation
I037,contradictory,False,79,0.00933,0.12073,,,0.13214,False,cir_validation
I037,contradictory,False,80,0.00894,2.211669,,,2.224199,False,cir_validation
I037,contradictory,False,81,0.01384,0.17732,,,0.19423,False,cir_validation
I037,contradictory,False,82,0.01197,0.14014,,,0.15494,False,cir_validation
I037,contradictory,False,83,0.01209,0.131759,,,0.146419,False,cir_validation
I037,contradictory,False,84,0.0112,0.133699,,,0.147699,False,cir_validation
I037,contradictory,False,85,0.011171,0.151139,,,0.16553,False,cir_validation
I037,contradictory,False,86,0.01111,0.14086,,,0.155009,False,cir_validation
I037,contradictory,False,87,0.01271,0.12679,,,0.14251,False,cir_validation
I037,contradictory,False,88,0.00978,0.13164,,,0.14377,False,cir_validation
I037,contradictory,False,89,0.01029,0.13761,,,0.1504,False,cir_validation
I037,contradictory,False,90,0.00901,0.11034,,,0.12148,False,cir_validation
I037,contradictory,False,91,0.0074,2.189649,,,2.200079,False,cir_validation
I037,contradictory,False,92,0.01265,0.13737,,,0.15247,False,cir_validation
I037,contradictory,False,93,0.01027,0.12432,,,0.1372,False,cir_validation
I037,contradictory,False,94,0.00914,0.121279,,,0.132529,False,cir_validation
I037,contradictory,False,95,0.01734,0.11716,,,0.136629,False,cir_validation
I037,contradictory,False,96,0.00896,0.12153,,,0.13275,False,cir_validation
I037,contradictory,False,97,0.01506,0.249949,,,0.269349,False,cir_validation
I037,contradictory,False,98,0.0119,0.146341,,,0.161221,False,cir_validation
I037,contradictory,False,99,0.01138,0.15212,,,0.16603,False,cir_validation
I037,contradictory,False,100,0.01047,0.60795,,,0.62149,False,cir_validation
I038,out_of_range,False,1,0.05858,2.041228,,,2.104038,False,cir_validation
I038,out_of_range,False,2,0.012111,0.18378,,,0.19892,False,cir_validation
I038,out_of_range,False,3,0.01098,0.1839,,,0.1976,False,cir_validation
I038,out_of_range,False,4,0.0097,0.16415,,,0.17617,False,cir_validation
I038,out_of_range,False,5,0.00874,1.853039,,,1.865459,False,cir_validation
I038,out_of_range,False,6,0.01158,0.20643,,,0.22097,False,cir_validation
I038,out_of_range,False,7,0.01105,0.17888,,,0.1925,False,cir_validation
I038,out_of_range,False,8,0.0106,3.940498,,,3.957728,False,cir_validation
I038,out_of_range,False,9,0.03193,0.312439,,,0.350699,False,cir_validation
I038,out_of_range,False,10,0.01884,2.166259,,,2.208979,False,cir_validation
I038,out_of_range,False,11,0.01874,0.24406,,,0.26759,False,cir_validation
I038,out_of_range,False,12,0.01391,0.19578,,,0.21333,False,cir_validation
I038,out_of_range,False,13,0.01469,0.17872,,,0.1972,False,cir_validation
I038,out_of_range,False,14,0.01263,0.20287,,,0.21944,False,cir_validation
I038,out_of_range,False,15,0.021789,0.189919,,,0.21531,False,cir_validation
I038,out_of_range,False,16,0.0111,0.17452,,,0.188279,False,cir_validation
I038,out_of_range,False,17,0.01092,0.16537,,,0.17893,False,cir_validation
I038,out_of_range,False,18,0.00988,0.16239,,,0.17505,False,cir_validation
I038,out_of_range,False,19,0.01028,2.295459,,,2.309569,False,cir_validation
I038,out_of_range,False,20,0.01507,0.16834,,,0.18682,False,cir_validation
I038,out_of_range,False,21,0.00925,0.228409,,,0.24042,False,cir_validation
I038,out_of_range,False,22,0.009731,0.151159,,,0.163099,False,cir_validation
I038,out_of_range,False,23,0.02771,0.16077,,,0.19171,False,cir_validation
I038,out_of_range,False,24,0.009451,0.13722,,,0.14894,False,cir_validation
I038,out_of_range,False,25,0.00813,0.14983,,,0.16011,False,cir_validation
I038,out_of_range,False,26,0.00875,0.15116,,,0.16252,False,cir_validation
I038,out_of_range,False,27,0.01056,0.17243,,,0.18592,False,cir_validation
I038,out_of_range,False,28,0.00969,2.307969,,,2.322029,False,cir_validation
I038,out_of_range,False,29,0.01457,0.18302,,,0.20116,False,cir_validation
I038,out_of_range,False,30,0.01087,0.169829,,,0.183679,False,cir_validation
I038,out_of_range,False,31,0.010471,0.161241,,,0.174841,False,cir_validation
I038,out_of_range,False,32,0.01046,0.2005,,,0.213909,False,cir_validation
I038,out_of_range,False,33,0.01074,0.17431,,,0.18789,False,cir_validation
I038,out_of_range,False,34,0.00895,0.15811,,,0.16982,False,cir_validation
I038,out_of_range,False,35,0.01054,0.1952,,,0.20848,False,cir_validation
I038,out_of_range,False,36,0.01119,2.269899,,,2.285139,False,cir_validation
I038,out_of_range,False,37,0.01554,0.197049,,,0.21592,False,cir_validation
I038,out_of_range,False,38,0.010809,0.170661,,,0.184381,False,cir_validation
I038,out_of_range,False,39,0.0092,0.160879,,,0.17265,False,cir_validation
I038,out_of_range,False,40,0.008991,0.174839,,,0.186639,False,cir_validation
I038,out_of_range,False,41,0.01054,0.17699,,,0.19048,False,cir_validation
I038,out_of_range,False,42,0.01016,0.17833,,,0.19134,False,cir_validation
I038,out_of_range,False,43,0.01037,0.17663,,,0.18966,False,cir_validation
I038,out_of_range,False,44,0.01043,0.17327,,,0.18676,False,cir_validation
I038,out_of_range,False,45,0.01072,2.300688,,,2.315268,False,cir_validation
I038,out_of_range,False,46,0.014541,0.19275,,,0.211129,False,cir_validation
I038,out_of_range,False,47,0.01171,0.17541,,,0.18988,False,cir_validation
I038,out_of_range,False,48,0.01154,0.15111,,,0.16512,False,cir_validation
I038,out_of_range,False,49,0.01019,0.17801,,,0.19065,False,cir_validation
I038,out_of_range,False,50,0.01113,0.15261,,,0.1662,False,cir_validation
I038,out_of_range,False,51,0.00919,0.14574,,,0.15733,False,cir_validation
I038,out_of_range,False,52,0.00935,0.14866,,,0.16059,False,cir_validation
I038,out_of_range,False,53,0.009891,0.152421,,,0.164901,False,cir_validation
I038,out_of_range,False,54,0.0089,2.289108,,,2.301999,False,cir_validation
I038,out_of_range,False,55,0.01482,0.20841,,,0.22642,False,cir_validation
I038,out_of_range,False,56,0.01219,0.18572,,,0.20087,False,cir_validation
I038,out_of_range,False,57,0.01185,0.15986,,,0.17453,False,cir_validation
I038,out_of_range,False,58,0.00993,0.21292,,,0.22591,False,cir_validation
I038,out_of_range,False,59,0.01039,0.1488,,,0.16162,False,cir_validation
I038,out_of_range,False,60,0.00876,0.14079,,,0.15173,False,cir_validation
I038,out_of_range,False,61,0.008329,0.146019,,,0.15659,False,cir_validation
I038,out_of_range,False,62,0.0077,0.13995,,,0.14971,False,cir_validation
I038,out_of_range,False,63,0.00866,2.240428,,,2.252468,False,cir_validation
I038,out_of_range,False,64,0.01475,0.1883,,,0.20629,False,cir_validation
I038,out_of_range,False,65,0.0109,0.17675,,,0.19054,False,cir_validation
I038,out_of_range,False,66,0.01035,0.16029,,,0.17322,False,cir_validation
I038,out_of_range,False,67,0.00999,0.17686,,,0.18991,False,cir_validation
I038,out_of_range,False,68,0.01086,0.17494,,,0.18828,False,cir_validation
I038,out_of_range,False,69,0.00979,0.15479,,,0.1671,False,cir_validation
I038,out_of_range,False,70,0.009631,0.15129,,,0.16367,False,cir_validation
I038,out_of_range,False,71,0.009409,0.16638,,,0.1782,False,cir_validation
I038,out_of_range,False,72,0.00996,2.240329,,,2.254389,False,cir_validation
I038,out_of_range,False,73,0.01557,0.21216,,,0.23097,False,cir_validation
I038,out_of_range,False,74,0.01227,0.18171,,,0.1975,False,cir_validation
I038,out_of_range,False,75,0.01127,0.18821,,,0.20283,False,cir_validation
I038,out_of_range,False,76,0.00988,0.19114,,,0.20367,False,cir_validation
I038,out_of_range,False,77,0.01134,0.18623,,,0.200439,False,cir_validation
I038,out_of_range,False,78,0.009689,0.16968,,,0.18219,False,cir_validation
I038,out_of_range,False,79,0.0101,0.155269,,,0.167849,False,cir_validation
I038,out_of_range,False,80,0.00892,0.17045,,,0.18224,False,cir_validation
I038,out_of_range,False,81,0.01072,2.268249,,,2.282129,False,cir_validation
I038,out_of_range,False,82,0.01312,0.18284,,,0.1993,False,cir_validation
I038,out_of_range,False,83,0.01168,0.17823,,,0.19304,False,cir_validation
I038,out_of_range,False,84,0.00933,0.164349,,,0.176339,False,cir_validation
I038,out_of_range,False,85,0.01082,0.233169,,,0.24714,False,cir_validation
I038,out_of_range,False,86,0.01306,0.19466,,,0.21058,False,cir_validation
I038,out_of_range,False,87,0.00892,0.16054,,,0.17217,False,cir_validation
I038,out_of_range,False,88,0.01107,0.17439,,,0.18818,False,cir_validation
I038,out_of_range,False,89,0.01062,6.395577,,,6.413887,False,cir_validation
I038,out_of_range,False,90,0.02836,0.320089,,,0.35457,False,cir_validation
I038,out_of_range,False,91,0.01997,0.21985,,,0.24491,False,cir_validation
I038,out_of_range,False,92,0.01523,0.22888,,,0.24752,False,cir_validation
I038,out_of_range,False,93,0.01115,0.19002,,,0.20436,False,cir_validation
I038,out_of_range,False,94,0.0097,0.15752,,,0.16987,False,cir_validation
I038,out_of_range,False,95,0.01007,0.17253,,,0.18495,False,cir_validation
I038,out_of_range,False,96,0.00817,4.395517,,,4.408907,False,cir_validation
I038,out_of_range,False,97,0.02309,0.20247,,,0.23039,False,cir_validation
I038,out_of_range,False,98,0.01145,0.15259,,,0.16672,False,cir_validation
I038,out_of_range,False,99,0.00835,0.1815,,,0.19284,False,cir_validation
I038,out_of_range,False,100,0.02053,0.15906,,,0.18336,False,cir_validation
I039,out_of_range,False,1,0.01354,0.18882,,,0.20577,False,cir_validation
I039,out_of_range,False,2,0.00988,4.334087,,,4.349347,False,cir_validation
I039,out_of_range,False,3,0.02096,0.25004,,,0.27625,False,cir_validation
I039,out_of_range,False,4,0.014,0.18887,,,0.20717,False,cir_validation
I039,out_of_range,False,5,0.01233,0.22283,,,0.23866,False,cir_validation
I039,out_of_range,False,6,0.01101,0.17093,,,0.18472,False,cir_validation
I039,out_of_range,False,7,0.0091,0.13323,,,0.14448,False,cir_validation
I039,out_of_range,False,8,0.00804,0.14185,,,0.152061,False,cir_validation
I039,out_of_range,False,9,0.00836,0.14035,,,0.150549,False,cir_validation
I039,out_of_range,False,10,0.00706,0.13469,,,0.14372,False,cir_validation
I039,out_of_range,False,11,0.00766,4.369248,,,4.381248,False,cir_validation
I039,out_of_range,False,12,0.01856,0.17756,,,0.20013,False,cir_validation
I039,out_of_range,False,13,0.01046,0.15273,,,0.16531,False,cir_validation
I039,out_of_range,False,14,0.00905,0.13939,,,0.15015,False,cir_validation
I039,out_of_range,False,15,0.00956,0.18521,,,0.198899,False,cir_validation
I039,out_of_range,False,16,0.009971,0.15283,,,0.165,False,cir_validation
I039,out_of_range,False,17,0.00774,0.14417,,,0.15418,False,cir_validation
I039,out_of_range,False,18,0.00987,0.14386,,,0.15612,False,cir_validation
I039,out_of_range,False,19,0.00815,0.14023,,,0.15144,False,cir_validation
I039,out_of_range,False,20,0.00862,2.277629,,,2.289739,False,cir_validation
I039,out_of_range,False,21,0.01388,0.16759,,,0.18471,False,cir_validation
I039,out_of_range,False,22,0.0093,0.16528,,,0.17684,False,cir_validation
I039,out_of_range,False,23,0.008569,0.140381,,,0.15111,False,cir_validation
I039,out_of_range,False,24,0.00748,0.152441,,,0.161859,False,cir_validation
I039,out_of_range,False,25,0.00855,0.16286,,,0.17425,False,cir_validation
I039,out_of_range,False,26,0.009,0.14346,,,0.15474,False,cir_validation
I039,out_of_range,False,27,0.00847,0.14071,,,0.15147,False,cir_validation
I039,out_of_range,False,28,0.01013,0.14608,,,0.15859,False,cir_validation
I039,out_of_range,False,29,0.0089,0.13631,,,0.14753,False,cir_validation
I039,out_of_range,False,30,0.00788,4.399248,,,4.412208,False,cir_validation
I039,out_of_range,False,31,0.025611,0.22536,,,0.2561,False,cir_validation
I039,out_of_range,False,32,0.01338,0.157741,,,0.17481,False,cir_validation
I039,out_of_range,False,33,0.00892,0.17691,,,0.18825,False,cir_validation
I039,out_of_range,False,34,0.00927,0.13953,,,0.1513,False,cir_validation
I039,out_of_range,False,35,0.00659,0.147,,,0.15537,False,cir_validation
I039,out_of_range,False,36,0.00702,0.13475,,,0.14345,False,cir_validation
I039,out_of_range,False,37,0.00761,0.13274,,,0.1421,False,cir_validation
I039,out_of_range,False,38,0.00697,0.12731,,,0.13591,False,cir_validation
I039,out_of_range,False,39,0.045259,0.372039,,,0.429619,False,cir_validation
I039,out_of_range,False,40,0.017229,0.22163,,,0.24249,False,cir_validation
I039,out_of_range,False,41,0.01349,0.19565,,,0.21255,False,cir_validation
I039,out_of_range,False,42,0.01093,0.1592,,,0.17242,False,cir_validation
I039,out_of_range,False,43,0.00908,0.13303,,,0.1441,False,cir_validation
I039,out_of_range,False,44,0.00784,0.14185,,,0.15167,False,cir_validation
I039,out_of_range,False,45,0.00823,0.1583,,,0.168109,False,cir_validation
I039,out_of_range,False,46,0.0088,0.129521,,,0.139879,False,cir_validation
I039,out_of_range,False,47,0.007211,4.356807,,,4.368577,False,cir_validation
I039,out_of_range,False,48,0.02372,0.21978,,,0.24763,False,cir_validation
I039,out_of_range,False,49,0.01547,0.16771,,,0.18693,False,cir_validation
I039,out_of_range,False,50,0.00923,0.16486,,,0.17678,False,cir_validation
I039,out_of_range,False,51,0.01671,0.15089,,,0.17033,False,cir_validation
I039,out_of_range,False,52,0.00836,0.1402,,,0.15032,False,cir_validation
I039,out_of_range,False,53,0.00851,0.14383,,,0.1543,False,cir_validation
I039,out_of_range,False,54,0.0095,0.14171,,,0.153801,False,cir_validation
I039,out_of_range,False,55,0.00758,0.150319,,,0.159819,False,cir_validation
I039,out_of_range,False,56,0.02225,0.26778,,,0.31176,False,cir_validation
I039,out_of_range,False,57,0.01338,0.19611,,,0.21269,False,cir_validation
I039,out_of_range,False,58,0.01062,0.17507,,,0.18826,False,cir_validation
I039,out_of_range,False,59,0.01103,0.16469,,,0.17818,False,cir_validation
I039,out_of_range,False,60,0.0088,0.1731,,,0.184519,False,cir_validation
I039,out_of_range,False,61,0.0081,0.13589,,,0.146039,False,cir_validation
I039,out_of_range,False,62,0.008049,0.129641,,,0.139821,False,cir_validation
I039,out_of_range,False,63,0.007459,0.14043,,,0.149919,False,cir_validation
I039,out_of_range,False,64,0.0074,0.13154,,,0.14075,False,cir_validation
I039,out_of_range,False,65,0.00798,0.17227,,,0.1827,False,cir_validation
I039,out_of_range,False,66,0.00951,0.16074,,,0.17248,False,cir_validation
I039,out_of_range,False,67,0.00934,0.13842,,,0.14985,False,cir_validation
I039,out_of_range,False,68,0.00802,0.14647,,,0.15667,False,cir_validation
I039,out_of_range,False,69,0.00922,0.16332,,,0.17513,False,cir_validation
I039,out_of_range,False,70,0.0088,0.15495,,,0.16625,False,cir_validation
I039,out_of_range,False,71,0.03009,0.16609,,,0.198649,False,cir_validation
I039,out_of_range,False,72,0.0077,0.135301,,,0.144741,False,cir_validation
I039,out_of_range,False,73,0.00728,0.13175,,,0.140769,False,cir_validation
I039,out_of_range,False,74,0.00729,0.13341,,,0.14245,False,cir_validation
I039,out_of_range,False,75,0.00859,0.17161,,,0.18229,False,cir_validation
I039,out_of_range,False,76,0.0093,0.19556,,,0.20735,False,cir_validation
I039,out_of_range,False,77,0.01057,0.16446,,,0.17779,False,cir_validation
I039,out_of_range,False,78,0.00998,0.14569,,,0.15813,False,cir_validation
I039,out_of_range,False,79,0.00844,0.1583,,,0.16891,False,cir_validation
I039,out_of_range,False,80,0.00906,0.15907,,,0.17035,False,cir_validation
I039,out_of_range,False,81,0.009229,0.19595,,,0.20741,False,cir_validation
I039,out_of_range,False,82,0.007951,0.128839,,,0.13861,False,cir_validation
I039,out_of_range,False,83,0.00835,0.14179,,,0.1521,False,cir_validation
I039,out_of_range,False,84,0.00846,0.16189,,,0.17249,False,cir_validation
I039,out_of_range,False,85,0.00823,0.1536,,,0.16395,False,cir_validation
I039,out_of_range,False,86,0.00882,0.17442,,,0.18545,False,cir_validation
I039,out_of_range,False,87,0.00972,0.17451,,,0.1866,False,cir_validation
I039,out_of_range,False,88,0.00931,0.15294,,,0.16422,False,cir_validation
I039,out_of_range,False,89,0.00776,0.13697,,,0.14667,False,cir_validation
I039,out_of_range,False,90,0.007229,0.146441,,,0.155799,False,cir_validation
I039,out_of_range,False,91,0.008969,0.18099,,,0.19253,False,cir_validation
I039,out_of_range,False,92,0.01018,0.17577,,,0.1883,False,cir_validation
I039,out_of_range,False,93,0.009,0.15669,,,0.167959,False,cir_validation
I039,out_of_range,False,94,0.00805,0.1442,,,0.15487,False,cir_validation
I039,out_of_range,False,95,0.00931,0.15273,,,0.16418,False,cir_validation
I039,out_of_range,False,96,0.00865,0.15422,,,0.16511,False,cir_validation
I039,out_of_range,False,97,0.01006,0.18261,,,0.19504,False,cir_validation
I039,out_of_range,False,98,0.00936,0.16839,,,0.1802,False,cir_validation
I039,out_of_range,False,99,0.00983,0.18327,,,0.19563,False,cir_validation
I039,out_of_range,False,100,0.01068,0.175281,,,0.18873,False,cir_validation
I040,out_of_range,False,1,0.01048,0.18227,,,0.19583,False,cir_validation
I040,out_of_range,False,2,0.00844,0.16527,,,0.17626,False,cir_validation
I040,out_of_range,False,3,0.00958,0.16073,,,0.17282,False,cir_validation
I040,out_of_range,False,4,0.009,0.16006,,,0.17154,False,cir_validation
I040,out_of_range,False,5,0.0107,0.20128,,,0.21483,False,cir_validation
I040,out_of_range,False,6,0.01021,0.17749,,,0.19039,False,cir_validation
I040,out_of_range,False,7,0.009869,0.172439,,,0.184759,False,cir_validation
I040,out_of_range,False,8,0.010571,0.173759,,,0.187019,False,cir_validation
I040,out_of_range,False,9,0.01011,0.19995,,,0.21249,False,cir_validation
I040,out_of_range,False,10,0.01047,0.16103,,,0.17389,False,cir_validation
I040,out_of_range,False,11,0.00933,0.17198,,,0.18375,False,cir_validation
I040,out_of_range,False,12,0.0102,0.16195,,,0.1744,False,cir_validation
I040,out_of_range,False,13,0.00922,0.15176,,,0.16314,False,cir_validation
I040,out_of_range,False,14,0.00908,0.19794,,,0.20957,False,cir_validation
I040,out_of_range,False,15,0.01051,0.18816,,,0.20089,False,cir_validation
I040,out_of_range,False,16,0.010569,0.16215,,,0.174881,False,cir_validation
I040,out_of_range,False,17,0.00892,0.154301,,,0.165579,False,cir_validation
I040,out_of_range,False,18,0.00982,0.17172,,,0.18466,False,cir_validation
I040,out_of_range,False,19,0.0098,0.17693,,,0.18932,False,cir_validation
I040,out_of_range,False,20,0.00911,0.16389,,,0.17533,False,cir_validation
I040,out_of_range,False,21,0.00891,0.15453,,,0.16573,False,cir_validation
I040,out_of_range,False,22,0.0099,0.16726,,,0.17946,False,cir_validation
I040,out_of_range,False,23,0.01038,0.1916,,,0.2045,False,cir_validation
I040,out_of_range,False,24,0.009991,0.18359,,,0.19585,False,cir_validation
I040,out_of_range,False,25,0.01016,0.184169,,,0.197331,False,cir_validation
I040,out_of_range,False,26,0.010451,0.17037,,,0.18347,False,cir_validation
I040,out_of_range,False,27,0.009949,0.16865,,,0.181019,False,cir_validation
I040,out_of_range,False,28,0.0101,0.19389,,,0.20683,False,cir_validation
I040,out_of_range,False,29,0.01063,0.16814,,,0.18133,False,cir_validation
I040,out_of_range,False,30,0.00995,0.17642,,,0.18898,False,cir_validation
I040,out_of_range,False,31,0.01087,0.18202,,,0.1956,False,cir_validation
I040,out_of_range,False,32,0.01027,0.20819,,,0.22119,False,cir_validation
I040,out_of_range,False,33,0.01062,0.18867,,,0.202321,False,cir_validation
I040,out_of_range,False,34,0.01095,0.158189,,,0.17168,False,cir_validation
I040,out_of_range,False,35,0.01522,0.176079,,,0.193779,False,cir_validation
I040,out_of_range,False,36,0.0103,0.17876,,,0.19198,False,cir_validation
I040,out_of_range,False,37,0.01012,0.22179,,,0.23474,False,cir_validation
I040,out_of_range,False,38,0.0098,0.15645,,,0.16852,False,cir_validation
I040,out_of_range,False,39,0.00919,0.16102,,,0.17257,False,cir_validation
I040,out_of_range,False,40,0.01058,0.17652,,,0.18985,False,cir_validation
I040,out_of_range,False,41,0.0091,0.17197,,,0.20114,False,cir_validation
I040,out_of_range,False,42,0.01063,0.184181,,,0.19749,False,cir_validation
I040,out_of_range,False,43,0.01022,0.17054,,,0.183369,False,cir_validation
I040,out_of_range,False,44,0.00985,0.15677,,,0.16895,False,cir_validation
I040,out_of_range,False,45,0.00851,0.19444,,,0.20564,False,cir_validation
I040,out_of_range,False,46,0.00991,0.18557,,,0.19789,False,cir_validation
I040,out_of_range,False,47,0.01003,0.15825,,,0.17086,False,cir_validation
I040,out_of_range,False,48,0.00884,0.16889,,,0.17983,False,cir_validation
I040,out_of_range,False,49,0.00937,0.14904,,,0.16102,False,cir_validation
I040,out_of_range,False,50,0.008429,0.151579,,,0.162319,False,cir_validation
I040,out_of_range,False,51,0.00856,0.18136,,,0.192239,False,cir_validation
I040,out_of_range,False,52,0.01992,0.17277,,,0.195081,False,cir_validation
I040,out_of_range,False,53,0.00958,0.14931,,,0.16125,False,cir_validation
I040,out_of_range,False,54,0.00786,0.13762,,,0.14749,False,cir_validation
I040,out_of_range,False,55,0.00841,0.14885,,,0.15929,False,cir_validation
I040,out_of_range,False,56,0.00838,0.17632,,,0.18687,False,cir_validation
I040,out_of_range,False,57,0.00872,0.16264,,,0.17348,False,cir_validation
I040,out_of_range,False,58,0.00897,0.15602,,,0.16715,False,cir_validation
I040,out_of_range,False,59,0.00921,0.166,,,0.1777,False,cir_validation
I040,out_of_range,False,60,0.009311,0.16869,,,0.18045,False,cir_validation
I040,out_of_range,False,61,0.009151,0.191699,,,0.20329,False,cir_validation
I040,out_of_range,False,62,0.021801,0.173119,,,0.19762,False,cir_validation
I040,out_of_range,False,63,0.01033,0.18761,,,0.20066,False,cir_validation
I040,out_of_range,False,64,0.01012,0.17599,,,0.18883,False,cir_validation
I040,out_of_range,False,65,0.01,0.18342,,,0.19607,False,cir_validation
I040,out_of_range,False,66,0.01041,0.16506,,,0.17802,False,cir_validation
I040,out_of_range,False,67,0.009,0.14001,,,0.151219,False,cir_validation
I040,out_of_range,False,68,0.00881,0.14862,,,0.159489,False,cir_validation
I040,out_of_range,False,69,0.0089,0.146299,,,0.157479,False,cir_validation
I040,out_of_range,False,70,0.00782,0.150039,,,0.159959,False,cir_validation
I040,out_of_range,False,71,0.008429,0.168989,,,0.17967,False,cir_validation
I040,out_of_range,False,72,0.01063,0.17571,,,0.18895,False,cir_validation
I040,out_of_range,False,73,0.00945,0.16686,,,0.17891,False,cir_validation
I040,out_of_range,False,74,0.00911,0.15221,,,0.16359,False,cir_validation
I040,out_of_range,False,75,0.00929,0.16957,,,0.19844,False,cir_validation
I040,out_of_range,False,76,0.01,0.1741,,,0.18667,False,cir_validation
I040,out_of_range,False,77,0.00898,0.14515,,,0.15641,False,cir_validation
I040,out_of_range,False,78,0.00785,0.14282,,,0.15279,False,cir_validation
I040,out_of_range,False,79,0.00776,0.145861,,,0.15585,False,cir_validation
I040,out_of_range,False,80,0.009589,0.16411,,,0.176341,False,cir_validation
I040,out_of_range,False,81,0.0097,0.19203,,,0.20403,False,cir_validation
I040,out_of_range,False,82,0.01025,0.16394,,,0.17663,False,cir_validation
I040,out_of_range,False,83,0.00902,0.16799,,,0.17935,False,cir_validation
I040,out_of_range,False,84,0.00946,0.17113,,,0.18285,False,cir_validation
I040,out_of_range,False,85,0.00885,0.19629,,,0.20732,False,cir_validation
I040,out_of_range,False,86,0.00955,0.18128,,,0.19318,False,cir_validation
I040,out_of_range,False,87,0.00962,0.166899,,,0.179079,False,cir_validation
I040,out_of_range,False,88,0.00836,0.14665,,,0.157241,False,cir_validation
I040,out_of_range,False,89,0.00812,0.149229,,,0.15953,False,cir_validation
I040,out_of_range,False,90,0.00782,0.13951,,,0.14948,False,cir_validation
I040,out_of_range,False,91,0.00935,0.16352,,,0.17535,False,cir_validation
I040,out_of_range,False,92,0.00821,0.14209,,,0.15238,False,cir_validation
I040,out_of_range,False,93,0.00741,0.13999,,,0.14936,False,cir_validation
I040,out_of_range,False,94,0.00902,0.15607,,,0.17674,False,cir_validation
I040,out_of_range,False,95,0.00872,0.15513,,,0.16609,False,cir_validation
I040,out_of_range,False,96,0.00866,0.19924,,,0.21052,False,cir_validation
I040,out_of_range,False,97,0.009891,0.168199,,,0.180899,False,cir_validation
I040,out_of_range,False,98,0.00878,0.16255,,,0.17359,False,cir_validation
I040,out_of_range,False,99,0.008609,0.149029,,,0.159979,False,cir_validation
I040,out_of_range,False,100,0.00808,0.14655,,,0.15671,False,cir_validation
I041,out_of_range,False,1,0.01026,0.16586,,,0.1797,False,cir_validation
I041,out_of_range,False,2,0.00887,0.14322,,,0.15454,False,cir_validation
I041,out_of_range,False,3,0.00901,0.15383,,,0.16485,False,cir_validation
I041,out_of_range,False,4,0.00878,0.17977,,,0.19087,False,cir_validation
I041,out_of_range,False,5,0.00991,0.18182,,,0.1941,False,cir_validation
I041,out_of_range,False,6,0.0102,0.154101,,,0.16691,False,cir_validation
I041,out_of_range,False,7,0.00814,0.144769,,,0.155289,False,cir_validation
I041,out_of_range,False,8,0.00732,0.13811,,,0.1473,False,cir_validation
I041,out_of_range,False,9,0.00916,0.15868,,,0.16994,False,cir_validation
I041,out_of_range,False,10,0.00905,0.16344,,,0.175,False,cir_validation
I041,out_of_range,False,11,0.00922,0.17458,,,0.18627,False,cir_validation
I041,out_of_range,False,12,0.01034,0.16207,,,0.17487,False,cir_validation
I041,out_of_range,False,13,0.00928,0.15251,,,0.164059,False,cir_validation
I041,out_of_range,False,14,0.009071,0.14979,,,0.16135,False,cir_validation
I041,out_of_range,False,15,0.011091,0.19473,,,0.208559,False,cir_validation
I041,out_of_range,False,16,0.010851,0.16148,,,0.174719,False,cir_validation
I041,out_of_range,False,17,0.01013,0.17671,,,0.18954,False,cir_validation
I041,out_of_range,False,18,0.01021,0.16267,,,0.17568,False,cir_validation
I041,out_of_range,False,19,0.01024,0.20679,,,0.21973,False,cir_validation
I041,out_of_range,False,20,0.01932,0.1667,,,0.18829,False,cir_validation
I041,out_of_range,False,21,0.00836,0.13304,,,0.1434,False,cir_validation
I041,out_of_range,False,22,0.00861,0.15949,,,0.17038,False,cir_validation
I041,out_of_range,False,23,0.00863,0.15485,,,0.16553,False,cir_validation
I041,out_of_range,False,24,0.008,0.176719,,,0.186849,False,cir_validation
I041,out_of_range,False,25,0.008851,0.183499,,,0.194369,False,cir_validation
I041,out_of_range,False,26,0.0082,0.13509,,,0.14518,False,cir_validation
I041,out_of_range,False,27,0.00736,0.13987,,,0.14978,False,cir_validation
I041,out_of_range,False,28,0.00867,0.14755,,,0.15837,False,cir_validation
I041,out_of_range,False,29,0.00833,0.15198,,,0.16224,False,cir_validation
I041,out_of_range,False,30,0.0099,0.17966,,,0.19245,False,cir_validation
I041,out_of_range,False,31,0.00894,0.15268,,,0.16371,False,cir_validation
I041,out_of_range,False,32,0.00788,3.708178,,,3.720928,False,cir_validation
I041,out_of_range,False,33,0.02,0.23138,,,0.25512,False,cir_validation
I041,out_of_range,False,34,0.011519,0.15675,,,0.170889,False,cir_validation
I041,out_of_range,False,35,0.009149,0.155421,,,0.166339,False,cir_validation
I041,out_of_range,False,36,0.00813,1.722589,,,1.733809,False,cir_validation
I041,out_of_range,False,37,0.0125,0.155739,,,0.17043,False,cir_validation
I041,out_of_range,False,38,0.00734,0.12092,,,0.12979,False,cir_validation
I041,out_of_range,False,39,0.02251,0.13174,,,0.15616,False,cir_validation
I041,out_of_range,False,40,0.00658,0.11892,,,0.12704,False,cir_validation
I041,out_of_range,False,41,0.00737,0.13009,,,0.13916,False,cir_validation
I041,out_of_range,False,42,0.00782,0.13272,,,0.14238,False,cir_validation
I041,out_of_range,False,43,0.00706,0.13024,,,0.13897,False,cir_validation
I041,out_of_range,False,44,0.00645,0.11897,,,0.12702,False,cir_validation
I041,out_of_range,False,45,0.00601,2.267188,,,2.276129,False,cir_validation
I041,out_of_range,False,46,0.01349,0.163399,,,0.179469,False,cir_validation
I041,out_of_range,False,47,0.00876,0.14149,,,0.15205,False,cir_validation
I041,out_of_range,False,48,0.00796,0.13812,,,0.148309,False,cir_validation
I041,out_of_range,False,49,0.00693,0.13483,,,0.14373,False,cir_validation
I041,out_of_range,False,50,0.00742,0.15694,,,0.16639,False,cir_validation
I041,out_of_range,False,51,0.00836,2.109329,,,2.121569,False,cir_validation
I041,out_of_range,False,52,0.01435,0.15988,,,0.17695,False,cir_validation
I041,out_of_range,False,53,0.00955,0.14439,,,0.15593,False,cir_validation
I041,out_of_range,False,54,0.008469,0.13199,,,0.142181,False,cir_validation
I041,out_of_range,False,55,0.00818,0.16743,,,0.178079,False,cir_validation
I041,out_of_range,False,56,0.00823,0.14908,,,0.15944,False,cir_validation
I041,out_of_range,False,57,0.0076,0.13518,,,0.14449,False,cir_validation
I041,out_of_range,False,58,0.01597,0.23239,,,0.25297,False,cir_validation
I041,out_of_range,False,59,0.01153,0.16072,,,0.17509,False,cir_validation
I041,out_of_range,False,60,0.00887,0.2721,,,0.28404,False,cir_validation
I041,out_of_range,False,61,0.01164,0.21391,,,0.2289,False,cir_validation
I041,out_of_range,False,62,0.01085,0.18715,,,0.20108,False,cir_validation
I041,out_of_range,False,63,0.0099,0.169619,,,0.182139,False,cir_validation
I041,out_of_range,False,64,0.0101,0.18658,,,0.199209,False,cir_validation
I041,out_of_range,False,65,0.009289,0.1847,,,0.1964,False,cir_validation
I041,out_of_range,False,66,0.00968,6.445617,,,6.460737,False,cir_validation
I041,out_of_range,False,67,0.02547,0.194369,,,0.225099,False,cir_validation
I041,out_of_range,False,68,0.01212,0.166529,,,0.18149,False,cir_validation
I041,out_of_range,False,69,0.030229,0.16707,,,0.200121,False,cir_validation
I041,out_of_range,False,70,0.009711,0.145661,,,0.157721,False,cir_validation
I041,out_of_range,False,71,0.00822,0.13308,,,0.14319,False,cir_validation
I041,out_of_range,False,72,0.00775,0.14468,,,0.15469,False,cir_validation
I041,out_of_range,False,73,0.00835,0.16634,,,0.17721,False,cir_validation
I041,out_of_range,False,74,0.01113,3.834888,,,3.850808,False,cir_validation
I041,out_of_range,False,75,0.02032,0.25994,,,0.28498,False,cir_validation
I041,out_of_range,False,76,0.01248,0.16388,,,0.17932,False,cir_validation
I041,out_of_range,False,77,0.009891,0.147981,,,0.160019,False,cir_validation
I041,out_of_range,False,78,0.00836,0.144241,,,0.155041,False,cir_validation
I041,out_of_range,False,79,0.008559,0.14312,,,0.153699,False,cir_validation
I041,out_of_range,False,80,0.00783,2.300439,,,2.312939,False,cir_validation
I041,out_of_range,False,81,0.01675,0.18375,,,0.20479,False,cir_validation
I041,out_of_range,False,82,0.00982,0.14841,,,0.16066,False,cir_validation
I041,out_of_range,False,83,0.00849,0.14254,,,0.15448,False,cir_validation
I041,out_of_range,False,84,0.00841,0.160899,,,0.171699,False,cir_validation
I041,out_of_range,False,85,0.00951,0.20687,,,0.21933,False,cir_validation
I041,out_of_range,False,86,0.01256,0.178421,,,0.19367,False,cir_validation
I041,out_of_range,False,87,0.01008,0.183609,,,0.197099,False,cir_validation
I041,out_of_range,False,88,0.01037,0.19531,,,0.20907,False,cir_validation
I041,out_of_range,False,89,0.01867,0.24148,,,0.26623,False,cir_validation
I041,out_of_range,False,90,0.01045,0.15569,,,0.16846,False,cir_validation
I041,out_of_range,False,91,0.00886,0.14895,,,0.16021,False,cir_validation
I041,out_of_range,False,92,0.00824,0.13562,,,0.14586,False,cir_validation
I041,out_of_range,False,93,0.00813,0.16024,,,0.17069,False,cir_validation
I041,out_of_range,False,94,0.00995,0.181379,,,0.19383,False,cir_validation
I041,out_of_range,False,95,0.01066,0.180599,,,0.19411,False,cir_validation
I041,out_of_range,False,96,0.00928,0.1526,,,0.16446,False,cir_validation
I041,out_of_range,False,97,0.01049,0.18023,,,0.19393,False,cir_validation
I041,out_of_range,False,98,0.00993,2.212879,,,2.226819,False,cir_validation
I041,out_of_range,False,99,0.01681,0.18376,,,0.20394,False,cir_validation
I041,out_of_range,False,100,0.01194,0.17301,,,0.187849,False,cir_validation
I042,out_of_range,False,1,0.01406,0.2336,,,0.25162,False,cir_validation
I042,out_of_range,False,2,0.01052,0.17482,,,0.18812,False,cir_validation
I042,out_of_range,False,3,0.00955,0.1744,,,0.18717,False,cir_validation
I042,out_of_range,False,4,0.00896,0.14866,,,0.16012,False,cir_validation
I042,out_of_range,False,5,0.00904,2.271159,,,2.284379,False,cir_validation
I042,out_of_range,False,6,0.01845,0.228129,,,0.250699,False,cir_validation
I042,out_of_range,False,7,0.01358,0.174579,,,0.191319,False,cir_validation
I042,out_of_range,False,8,0.010289,0.136741,,,0.14933,False,cir_validation
I042,out_of_range,False,9,0.0078,2.198048,,,2.208978,False,cir_validation
I042,out_of_range,False,10,0.01326,0.1979,,,0.21408,False,cir_validation
I042,out_of_range,False,11,0.01067,0.16647,,,0.17994,False,cir_validation
I042,out_of_range,False,12,0.01031,0.17047,,,0.18393,False,cir_validation
I042,out_of_range,False,13,0.00962,0.1724,,,0.18458,False,cir_validation
I042,out_of_range,False,14,0.01178,0.199559,,,0.214369,False,cir_validation
I042,out_of_range,False,15,0.010851,0.18126,,,0.195109,False,cir_validation
I042,out_of_range,False,16,0.00924,0.173139,,,0.184801,False,cir_validation
I042,out_of_range,False,17,0.00965,0.16045,,,0.17242,False,cir_validation
I042,out_of_range,False,18,0.00955,0.18949,,,0.2015,False,cir_validation
I042,out_of_range,False,19,0.01838,0.14438,,,0.16476,False,cir_validation
I042,out_of_range,False,20,0.00783,0.1326,,,0.14213,False,cir_validation
I042,out_of_range,False,21,0.00793,0.13855,,,0.14816,False,cir_validation
I042,out_of_range,False,22,0.0081,0.13721,,,0.14714,False,cir_validation
I042,out_of_range,False,23,0.00761,0.13255,,,0.14191,False,cir_validation
I042,out_of_range,False,24,0.00703,2.309738,,,2.320188,False,cir_validation
I042,out_of_range,False,25,0.017469,0.23604,,,0.258619,False,cir_validation
I042,out_of_range,False,26,0.01383,0.19746,,,0.21498,False,cir_validation
I042,out_of_range,False,27,0.0119,0.20094,,,0.21643,False,cir_validation
I042,out_of_range,False,28,0.02144,0.16761,,,0.19174,False,cir_validation
I042,out_of_range,False,29,0.0089,0.13263,,,0.14354,False,cir_validation
I042,out_of_range,False,30,0.00716,0.12951,,,0.13853,False,cir_validation
I042,out_of_range,False,31,0.00678,0.1294,,,0.13816,False,cir_validation
I042,out_of_range,False,32,0.009069,0.13879,,,0.15017,False,cir_validation
I042,out_of_range,False,33,0.00916,0.34032,,,2.439908,False,cir_validation
I042,out_of_range,False,34,0.01911,0.18359,,,0.2049,False,cir_validation
I042,out_of_range,False,35,0.01054,0.14853,,,0.16105,False,cir_validation
I042,out_of_range,False,36,0.00769,0.1531,,,0.16293,False,cir_validation
I042,out_of_range,False,37,0.0093,0.26695,,,0.27875,False,cir_validation
I042,out_of_range,False,38,0.01138,0.205039,,,0.219079,False,cir_validation
I042,out_of_range,False,39,0.01078,0.181429,,,0.1948,False,cir_validation
I042,out_of_range,False,40,0.01086,2.304439,,,2.319629,False,cir_validation
I042,out_of_range,False,41,0.016,0.17819,,,0.19674,False,cir_validation
I042,out_of_range,False,42,0.0101,0.14718,,,0.15952,False,cir_validation
I042,out_of_range,False,43,0.01018,0.17438,,,0.18799,False,cir_validation
I042,out_of_range,False,44,0.01006,0.17745,,,0.19035,False,cir_validation
I042,out_of_range,False,45,0.01039,0.18092,,,0.193939,False,cir_validation
I042,out_of_range,False,46,0.00984,0.13633,,,0.14793,False,cir_validation
I042,out_of_range,False,47,0.007391,0.13827,,,0.14755,False,cir_validation
I042,out_of_range,False,48,0.00818,0.132559,,,0.14239,False,cir_validation
I042,out_of_range,False,49,0.00689,0.13121,,,0.13987,False,cir_validation
I042,out_of_range,False,50,0.00795,2.301289,,,2.312929,False,cir_validation
I042,out_of_range,False,51,0.01485,0.18727,,,0.20596,False,cir_validation
I042,out_of_range,False,52,0.01135,0.17867,,,0.19335,False,cir_validation
I042,out_of_range,False,53,0.01013,0.16675,,,0.17967,False,cir_validation
I042,out_of_range,False,54,0.010271,0.19958,,,0.213091,False,cir_validation
I042,out_of_range,False,55,0.032379,0.26902,,,0.30739,False,cir_validation
I042,out_of_range,False,56,0.0127,0.19252,,,0.20889,False,cir_validation
I042,out_of_range,False,57,0.01094,0.17146,,,0.18529,False,cir_validation
I042,out_of_range,False,58,0.01028,2.318009,,,2.332629,False,cir_validation
I042,out_of_range,False,59,0.01762,0.22356,,,0.24619,False,cir_validation
I042,out_of_range,False,60,0.012671,0.18329,,,0.19973,False,cir_validation
I042,out_of_range,False,61,0.01285,0.178189,,,0.194369,False,cir_validation
I042,out_of_range,False,62,0.010971,0.19748,,,0.211739,False,cir_validation
I042,out_of_range,False,63,0.0109,0.16204,,,0.1758,False,cir_validation
I042,out_of_range,False,64,0.01087,0.18641,,,0.20035,False,cir_validation
I042,out_of_range,False,65,0.01079,0.19563,,,0.20947,False,cir_validation
I042,out_of_range,False,66,0.01019,2.345839,,,2.359819,False,cir_validation
I042,out_of_range,False,67,0.01634,0.207929,,,0.22825,False,cir_validation
I042,out_of_range,False,68,0.014809,0.18691,,,0.20551,False,cir_validation
I042,out_of_range,False,69,0.01154,0.19401,,,0.20911,False,cir_validation
I042,out_of_range,False,70,0.01076,0.19075,,,0.20426,False,cir_validation
I042,out_of_range,False,71,0.01088,0.16467,,,0.17837,False,cir_validation
I042,out_of_range,False,72,0.0098,0.17272,,,0.18553,False,cir_validation
I042,out_of_range,False,73,0.00966,0.16046,,,0.17298,False,cir_validation
I042,out_of_range,False,74,0.01001,3.413208,,,3.429338,False,cir_validation
I042,out_of_range,False,75,0.02344,0.26109,,,0.29003,False,cir_validation
I042,out_of_range,False,76,0.01541,0.205009,,,0.22474,False,cir_validation
I042,out_of_range,False,77,0.011739,0.23085,,,0.24806,False,cir_validation
I042,out_of_range,False,78,0.01069,0.18482,,,0.19896,False,cir_validation
I042,out_of_range,False,79,0.01076,0.17214,,,0.18615,False,cir_validation
I042,out_of_range,False,80,0.01178,0.17076,,,0.18558,False,cir_validation
I042,out_of_range,False,81,0.00964,2.267289,,,2.280969,False,cir_validation
I042,out_of_range,False,82,0.01303,0.16962,,,0.18577,False,cir_validation
I042,out_of_range,False,83,0.01032,0.17521,,,0.18846,False,cir_validation
I042,out_of_range,False,84,0.01082,0.179069,,,0.193129,False,cir_validation
I042,out_of_range,False,85,0.011909,0.24291,,,0.258139,False,cir_validation
I042,out_of_range,False,86,0.011,0.180869,,,0.19509,False,cir_validation
I042,out_of_range,False,87,0.01018,0.18369,,,0.19709,False,cir_validation
I042,out_of_range,False,88,0.01024,0.16848,,,0.18128,False,cir_validation
I042,out_of_range,False,89,0.00941,2.279369,,,2.293319,False,cir_validation
I042,out_of_range,False,90,0.01502,0.2148,,,0.23417,False,cir_validation
I042,out_of_range,False,91,0.01189,0.190979,,,0.20652,False,cir_validation
I042,out_of_range,False,92,0.009709,0.16531,,,0.177459,False,cir_validation
I042,out_of_range,False,93,0.01041,0.23591,,,0.24915,False,cir_validation
I042,out_of_range,False,94,0.01052,0.14802,,,0.16118,False,cir_validation
I042,out_of_range,False,95,0.00914,0.15697,,,0.16866,False,cir_validation
I042,out_of_range,False,96,0.00901,0.13851,,,0.14996,False,cir_validation
I042,out_of_range,False,97,0.00782,0.14301,,,0.15319,False,cir_validation
I042,out_of_range,False,98,0.00764,3.695048,,,3.707248,False,cir_validation
I042,out_of_range,False,99,0.0221,0.20934,,,0.235759,False,cir_validation
I042,out_of_range,False,100,0.01151,0.22874,,,0.243659,False,cir_validation
I043,hallucination_probe,False,1,0.02449,,,,0.02835,False,input_audit
I043,hallucination_probe,False,2,0.00989,,,,0.01194,False,input_audit
I043,hallucination_probe,False,3,0.00699,,,,0.00814,False,input_audit
I043,hallucination_probe,False,4,0.00756,,,,0.00871,False,input_audit
I043,hallucination_probe,False,5,0.00703,,,,0.00804,False,input_audit
I043,hallucination_probe,False,6,0.00719,,,,0.00834,False,input_audit
I043,hallucination_probe,False,7,0.00899,,,,0.01001,False,input_audit
I043,hallucination_probe,False,8,0.00597,,,,0.00687,False,input_audit
I043,hallucination_probe,False,9,0.00559,,,,0.00628,False,input_audit
I043,hallucination_probe,False,10,0.00671,,,,0.00775,False,input_audit
I043,hallucination_probe,False,11,0.00678,,,,0.00776,False,input_audit
I043,hallucination_probe,False,12,0.01845,,,,0.01929,False,input_audit
I043,hallucination_probe,False,13,0.00807,,,,0.00924,False,input_audit
I043,hallucination_probe,False,14,0.00647,,,,0.00732,False,input_audit
I043,hallucination_probe,False,15,0.00697,,,,0.00778,False,input_audit
I043,hallucination_probe,False,16,0.00592,,,,0.00675,False,input_audit
I043,hallucination_probe,False,17,0.02265,,,,0.02636,False,input_audit
I043,hallucination_probe,False,18,0.00707,,,,0.00803,False,input_audit
I043,hallucination_probe,False,19,0.00607,,,,0.00697,False,input_audit
I043,hallucination_probe,False,20,0.00522,,,,0.00598,False,input_audit
I043,hallucination_probe,False,21,0.00493,,,,0.0056,False,input_audit
I043,hallucination_probe,False,22,0.00479,,,,0.00547,False,input_audit
I043,hallucination_probe,False,23,0.00481,,,,0.00551,False,input_audit
I043,hallucination_probe,False,24,0.00483,,,,0.00551,False,input_audit
I043,hallucination_probe,False,25,0.00501,,,,0.00573,False,input_audit
I043,hallucination_probe,False,26,0.00486,,,,0.00552,False,input_audit
I043,hallucination_probe,False,27,0.00552,,,,0.00631,False,input_audit
I043,hallucination_probe,False,28,0.00525,,,,0.00605,False,input_audit
I043,hallucination_probe,False,29,0.00534,,,,0.00614,False,input_audit
I043,hallucination_probe,False,30,0.00507,,,,0.0058,False,input_audit
I043,hallucination_probe,False,31,0.00539,,,,0.0061,False,input_audit
I043,hallucination_probe,False,32,0.00516,,,,0.00592,False,input_audit
I043,hallucination_probe,False,33,0.00532,,,,0.00606,False,input_audit
I043,hallucination_probe,False,34,0.00527,,,,0.00596,False,input_audit
I043,hallucination_probe,False,35,0.00512,,,,0.00585,False,input_audit
I043,hallucination_probe,False,36,0.00492,,,,0.00555,False,input_audit
I043,hallucination_probe,False,37,0.00489,,,,0.00552,False,input_audit
I043,hallucination_probe,False,38,0.00494,,,,0.00566,False,input_audit
I043,hallucination_probe,False,39,0.00496,,,,0.00557,False,input_audit
I043,hallucination_probe,False,40,0.00481,,,,0.00543,False,input_audit
I043,hallucination_probe,False,41,0.00497,,,,0.0056,False,input_audit
I043,hallucination_probe,False,42,0.00456,,,,0.00527,False,input_audit
I043,hallucination_probe,False,43,0.00481,,,,0.00555,False,input_audit
I043,hallucination_probe,False,44,0.00533,,,,0.00599,False,input_audit
I043,hallucination_probe,False,45,0.00484,,,,0.00552,False,input_audit
I043,hallucination_probe,False,46,0.00492,,,,0.00558,False,input_audit
I043,hallucination_probe,False,47,0.00506,,,,0.005669,False,input_audit
I043,hallucination_probe,False,48,0.004711,,,,0.005429,False,input_audit
I043,hallucination_probe,False,49,0.004891,,,,0.00552,False,input_audit
I043,hallucination_probe,False,50,0.00471,,,,0.005361,False,input_audit
I043,hallucination_probe,False,51,0.00469,,,,0.00544,False,input_audit
I043,hallucination_probe,False,52,0.00482,,,,0.00545,False,input_audit
I043,hallucination_probe,False,53,0.0048,,,,0.00552,False,input_audit
I043,hallucination_probe,False,54,0.004649,,,,0.005271,False,input_audit
I043,hallucination_probe,False,55,0.004691,,,,0.005391,False,input_audit
I043,hallucination_probe,False,56,0.00486,,,,0.00556,False,input_audit
I043,hallucination_probe,False,57,0.004691,,,,0.005429,False,input_audit
I043,hallucination_probe,False,58,0.004511,,,,0.00514,False,input_audit
I043,hallucination_probe,False,59,0.00488,,,,0.005549,False,input_audit
I043,hallucination_probe,False,60,0.00464,,,,0.00523,False,input_audit
I043,hallucination_probe,False,61,0.00484,,,,0.005509,False,input_audit
I043,hallucination_probe,False,62,0.004831,,,,0.005509,False,input_audit
I043,hallucination_probe,False,63,0.02008,,,,0.020989,False,input_audit
I043,hallucination_probe,False,64,0.0066,,,,0.00736,False,input_audit
I043,hallucination_probe,False,65,0.0056,,,,0.006229,False,input_audit
I043,hallucination_probe,False,66,0.00445,,,,0.0052,False,input_audit
I043,hallucination_probe,False,67,0.00474,,,,0.00539,False,input_audit
I043,hallucination_probe,False,68,0.00538,,,,0.00614,False,input_audit
I043,hallucination_probe,False,69,0.00552,,,,0.006371,False,input_audit
I043,hallucination_probe,False,70,0.00484,,,,0.00562,False,input_audit
I043,hallucination_probe,False,71,0.004911,,,,0.00568,False,input_audit
I043,hallucination_probe,False,72,0.00466,,,,0.00533,False,input_audit
I043,hallucination_probe,False,73,0.00565,,,,0.00637,False,input_audit
I043,hallucination_probe,False,74,0.00513,,,,0.00576,False,input_audit
I043,hallucination_probe,False,75,0.00946,,,,0.01025,False,input_audit
I043,hallucination_probe,False,76,0.0047,,,,0.00538,False,input_audit
I043,hallucination_probe,False,77,0.006091,,,,0.00684,False,input_audit
I043,hallucination_probe,False,78,0.00577,,,,0.00667,False,input_audit
I043,hallucination_probe,False,79,0.00623,,,,0.00731,False,input_audit
I043,hallucination_probe,False,80,0.006,,,,0.00679,False,input_audit
I043,hallucination_probe,False,81,0.00575,,,,0.00648,False,input_audit
I043,hallucination_probe,False,82,0.00471,,,,0.00527,False,input_audit
I043,hallucination_probe,False,83,0.00443,,,,0.00503,False,input_audit
I043,hallucination_probe,False,84,0.00435,,,,0.00507,False,input_audit
I043,hallucination_probe,False,85,0.00478,,,,0.0055,False,input_audit
I043,hallucination_probe,False,86,0.00448,,,,0.00519,False,input_audit
I043,hallucination_probe,False,87,0.00537,,,,0.00609,False,input_audit
I043,hallucination_probe,False,88,0.00546,,,,0.00602,False,input_audit
I043,hallucination_probe,False,89,0.00448,,,,0.00509,False,input_audit
I043,hallucination_probe,False,90,0.00481,,,,0.00547,False,input_audit
I043,hallucination_probe,False,91,0.00435,,,,0.00495,False,input_audit
I043,hallucination_probe,False,92,0.00454,,,,0.00518,False,input_audit
I043,hallucination_probe,False,93,0.00424,,,,0.00489,False,input_audit
I043,hallucination_probe,False,94,0.00592,,,,0.00668,False,input_audit
I043,hallucination_probe,False,95,0.0048,,,,0.00551,False,input_audit
I043,hallucination_probe,False,96,0.0053,,,,0.00598,False,input_audit
I043,hallucination_probe,False,97,0.00619,,,,0.00718,False,input_audit
I043,hallucination_probe,False,98,0.00479,,,,0.00548,False,input_audit
I043,hallucination_probe,False,99,0.00493,,,,0.0058,False,input_audit
I043,hallucination_probe,False,100,0.00547,,,,0.00619,False,input_audit
I044,hallucination_probe,False,1,0.02626,,,,0.03012,False,input_audit
I044,hallucination_probe,False,2,0.00634,,,,0.00731,False,input_audit
I044,hallucination_probe,False,3,0.00495,,,,0.00582,False,input_audit
I044,hallucination_probe,False,4,0.00477,,,,0.00554,False,input_audit
I044,hallucination_probe,False,5,0.00471,,,,0.00538,False,input_audit
I044,hallucination_probe,False,6,0.00498,,,,0.00552,False,input_audit
I044,hallucination_probe,False,7,0.00543,,,,0.00621,False,input_audit
I044,hallucination_probe,False,8,0.00495,,,,0.00569,False,input_audit
I044,hallucination_probe,False,9,0.00501,,,,0.00577,False,input_audit
I044,hallucination_probe,False,10,0.005229,,,,0.00603,False,input_audit
I044,hallucination_probe,False,11,0.004889,,,,0.00558,False,input_audit
I044,hallucination_probe,False,12,0.004641,,,,0.00531,False,input_audit
I044,hallucination_probe,False,13,0.00482,,,,0.00554,False,input_audit
I044,hallucination_probe,False,14,0.00495,,,,0.0057,False,input_audit
I044,hallucination_probe,False,15,0.00496,,,,0.0057,False,input_audit
I044,hallucination_probe,False,16,0.00498,,,,0.00579,False,input_audit
I044,hallucination_probe,False,17,0.0056,,,,0.006431,False,input_audit
I044,hallucination_probe,False,18,0.00528,,,,0.00606,False,input_audit
I044,hallucination_probe,False,19,0.005471,,,,0.006151,False,input_audit
I044,hallucination_probe,False,20,0.00478,,,,0.005569,False,input_audit
I044,hallucination_probe,False,21,0.00471,,,,0.005441,False,input_audit
I044,hallucination_probe,False,22,0.00482,,,,0.00561,False,input_audit
I044,hallucination_probe,False,23,0.00492,,,,0.00556,False,input_audit
I044,hallucination_probe,False,24,0.00506,,,,0.005811,False,input_audit
I044,hallucination_probe,False,25,0.00504,,,,0.005789,False,input_audit
I044,hallucination_probe,False,26,0.004749,,,,0.005389,False,input_audit
I044,hallucination_probe,False,27,0.005289,,,,0.005991,False,input_audit
I044,hallucination_probe,False,28,0.004829,,,,0.005511,False,input_audit
I044,hallucination_probe,False,29,0.00517,,,,0.00584,False,input_audit
I044,hallucination_probe,False,30,0.00473,,,,0.005501,False,input_audit
I044,hallucination_probe,False,31,0.005069,,,,0.005769,False,input_audit
I044,hallucination_probe,False,32,0.00498,,,,0.00564,False,input_audit
I044,hallucination_probe,False,33,0.00494,,,,0.00558,False,input_audit
I044,hallucination_probe,False,34,0.00496,,,,0.00562,False,input_audit
I044,hallucination_probe,False,35,0.004719,,,,0.005449,False,input_audit
I044,hallucination_probe,False,36,0.00489,,,,0.00551,False,input_audit
I044,hallucination_probe,False,37,0.00487,,,,0.00554,False,input_audit
I044,hallucination_probe,False,38,0.00451,,,,0.00521,False,input_audit
I044,hallucination_probe,False,39,0.0075,,,,0.00822,False,input_audit
I044,hallucination_probe,False,40,0.004731,,,,0.00536,False,input_audit
I044,hallucination_probe,False,41,0.004789,,,,0.005489,False,input_audit
I044,hallucination_probe,False,42,0.00495,,,,0.0056,False,input_audit
I044,hallucination_probe,False,43,0.00505,,,,0.00569,False,input_audit
I044,hallucination_probe,False,44,0.00669,,,,0.00759,False,input_audit
I044,hallucination_probe,False,45,0.0058,,,,0.00653,False,input_audit
I044,hallucination_probe,False,46,0.00487,,,,0.00554,False,input_audit
I044,hallucination_probe,False,47,0.00565,,,,0.00644,False,input_audit
I044,hallucination_probe,False,48,0.00491,,,,0.00563,False,input_audit
I044,hallucination_probe,False,49,0.00595,,,,0.00685,False,input_audit
I044,hallucination_probe,False,50,0.00556,,,,0.00625,False,input_audit
I044,hallucination_probe,False,51,0.00464,,,,0.00535,False,input_audit
I044,hallucination_probe,False,52,0.00442,,,,0.00515,False,input_audit
I044,hallucination_probe,False,53,0.00502,,,,0.00564,False,input_audit
I044,hallucination_probe,False,54,0.00568,,,,0.00648,False,input_audit
I044,hallucination_probe,False,55,0.00463,,,,0.0053,False,input_audit
I044,hallucination_probe,False,56,0.00442,,,,0.00501,False,input_audit
I044,hallucination_probe,False,57,0.00445,,,,0.00512,False,input_audit
I044,hallucination_probe,False,58,0.00477,,,,0.0053,False,input_audit
I044,hallucination_probe,False,59,0.00463,,,,0.00526,False,input_audit
I044,hallucination_probe,False,60,0.00427,,,,0.00489,False,input_audit
I044,hallucination_probe,False,61,0.00494,,,,0.00557,False,input_audit
I044,hallucination_probe,False,62,0.00398,,,,0.00453,False,input_audit
I044,hallucination_probe,False,63,0.00405,,,,0.00465,False,input_audit
I044,hallucination_probe,False,64,0.00453,,,,0.00511,False,input_audit
I044,hallucination_probe,False,65,0.00486,,,,0.00545,False,input_audit
I044,hallucination_probe,False,66,0.00501,,,,0.00577,False,input_audit
I044,hallucination_probe,False,67,0.00521,,,,0.00611,False,input_audit
I044,hallucination_probe,False,68,0.00497,,,,0.00568,False,input_audit
I044,hallucination_probe,False,69,0.00552,,,,0.00632,False,input_audit
I044,hallucination_probe,False,70,0.00513,,,,0.00584,False,input_audit
I044,hallucination_probe,False,71,0.00533,,,,0.00599,False,input_audit
I044,hallucination_probe,False,72,0.00449,,,,0.0052,False,input_audit
I044,hallucination_probe,False,73,0.0119,,,,0.01286,False,input_audit
I044,hallucination_probe,False,74,0.00508,,,,0.00561,False,input_audit
I044,hallucination_probe,False,75,0.00511,,,,0.00578,False,input_audit
I044,hallucination_probe,False,76,0.00532,,,,0.00594,False,input_audit
I044,hallucination_probe,False,77,0.00682,,,,0.00758,False,input_audit
I044,hallucination_probe,False,78,0.00573,,,,0.00643,False,input_audit
I044,hallucination_probe,False,79,0.0051,,,,0.00597,False,input_audit
I044,hallucination_probe,False,80,0.00611,,,,0.00705,False,input_audit
I044,hallucination_probe,False,81,0.00513,,,,0.0059,False,input_audit
I044,hallucination_probe,False,82,0.00462,,,,0.0055,False,input_audit
I044,hallucination_probe,False,83,0.00427,,,,0.00495,False,input_audit
I044,hallucination_probe,False,84,0.00485,,,,0.00549,False,input_audit
I044,hallucination_probe,False,85,0.00523,,,,0.00588,False,input_audit
I044,hallucination_probe,False,86,0.00449,,,,0.00511,False,input_audit
I044,hallucination_probe,False,87,0.00545,,,,0.00629,False,input_audit
I044,hallucination_probe,False,88,0.00527,,,,0.00593,False,input_audit
I044,hallucination_probe,False,89,0.005,,,,0.00568,False,input_audit
I044,hallucination_probe,False,90,0.00514,,,,0.00583,False,input_audit
I044,hallucination_probe,False,91,0.00467,,,,0.00542,False,input_audit
I044,hallucination_probe,False,92,0.00489,,,,0.00552,False,input_audit
I044,hallucination_probe,False,93,0.00533,,,,0.00601,False,input_audit
I044,hallucination_probe,False,94,0.00523,,,,0.00607,False,input_audit
I044,hallucination_probe,False,95,0.01839,,,,0.02138,False,input_audit
I044,hallucination_probe,False,96,0.00607,,,,0.00689,False,input_audit
I044,hallucination_probe,False,97,0.006031,,,,0.00698,False,input_audit
I044,hallucination_probe,False,98,0.00502,,,,0.005731,False,input_audit
I044,hallucination_probe,False,99,0.005971,,,,0.0068,False,input_audit
I044,hallucination_probe,False,100,0.005691,,,,0.006391,False,input_audit
I045,hallucination_probe,False,1,0.0143,,,,0.01647,False,input_audit
I045,hallucination_probe,False,2,0.00735,,,,0.00833,False,input_audit
I045,hallucination_probe,False,3,0.00576,,,,0.00653,False,input_audit
I045,hallucination_probe,False,4,0.005491,,,,0.006271,False,input_audit
I045,hallucination_probe,False,5,0.00509,,,,0.005889,False,input_audit
I045,hallucination_probe,False,6,0.00625,,,,0.00705,False,input_audit
I045,hallucination_probe,False,7,0.02587,,,,0.0274,False,input_audit
I045,hallucination_probe,False,8,0.00609,,,,0.00687,False,input_audit
I045,hallucination_probe,False,9,0.00493,,,,0.00559,False,input_audit
I045,hallucination_probe,False,10,0.00459,,,,0.00523,False,input_audit
I045,hallucination_probe,False,11,0.00471,,,,0.00545,False,input_audit
I045,hallucination_probe,False,12,0.00466,,,,0.00527,False,input_audit
I045,hallucination_probe,False,13,0.00584,,,,0.00657,False,input_audit
I045,hallucination_probe,False,14,0.0044,,,,0.00498,False,input_audit
I045,hallucination_probe,False,15,0.0046,,,,0.00528,False,input_audit
I045,hallucination_probe,False,16,0.00465,,,,0.00527,False,input_audit
I045,hallucination_probe,False,17,0.00503,,,,0.00573,False,input_audit
I045,hallucination_probe,False,18,0.00504,,,,0.0057,False,input_audit
I045,hallucination_probe,False,19,0.00475,,,,0.00553,False,input_audit
I045,hallucination_probe,False,20,0.00452,,,,0.00526,False,input_audit
I045,hallucination_probe,False,21,0.00498,,,,0.00563,False,input_audit
I045,hallucination_probe,False,22,0.00498,,,,0.00565,False,input_audit
I045,hallucination_probe,False,23,0.00478,,,,0.00545,False,input_audit
I045,hallucination_probe,False,24,0.00453,,,,0.0052,False,input_audit
I045,hallucination_probe,False,25,0.00467,,,,0.00538,False,input_audit
I045,hallucination_probe,False,26,0.00468,,,,0.0054,False,input_audit
I045,hallucination_probe,False,27,0.00476,,,,0.00548,False,input_audit
I045,hallucination_probe,False,28,0.00474,,,,0.00541,False,input_audit
I045,hallucination_probe,False,29,0.0047,,,,0.00546,False,input_audit
I045,hallucination_probe,False,30,0.00458,,,,0.0053,False,input_audit
I045,hallucination_probe,False,31,0.00451,,,,0.00522,False,input_audit
I045,hallucination_probe,False,32,0.00475,,,,0.00545,False,input_audit
I045,hallucination_probe,False,33,0.00472,,,,0.00539,False,input_audit
I045,hallucination_probe,False,34,0.00457,,,,0.00518,False,input_audit
I045,hallucination_probe,False,35,0.00449,,,,0.00516,False,input_audit
I045,hallucination_probe,False,36,0.00451,,,,0.00511,False,input_audit
I045,hallucination_probe,False,37,0.00469,,,,0.00541,False,input_audit
I045,hallucination_probe,False,38,0.00488,,,,0.0056,False,input_audit
I045,hallucination_probe,False,39,0.00471,,,,0.00534,False,input_audit
I045,hallucination_probe,False,40,0.0048,,,,0.00541,False,input_audit
I045,hallucination_probe,False,41,0.00479,,,,0.00555,False,input_audit
I045,hallucination_probe,False,42,0.00462,,,,0.00522,False,input_audit
I045,hallucination_probe,False,43,0.00475,,,,0.00538,False,input_audit
I045,hallucination_probe,False,44,0.00483,,,,0.00553,False,input_audit
I045,hallucination_probe,False,45,0.00471,,,,0.00545,False,input_audit
I045,hallucination_probe,False,46,0.00428,,,,0.00487,False,input_audit
I045,hallucination_probe,False,47,0.00469,,,,0.00525,False,input_audit
I045,hallucination_probe,False,48,0.00452,,,,0.00516,False,input_audit
I045,hallucination_probe,False,49,0.00447,,,,0.00508,False,input_audit
I045,hallucination_probe,False,50,0.00459,,,,0.00522,False,input_audit
I045,hallucination_probe,False,51,0.00477,,,,0.00545,False,input_audit
I045,hallucination_probe,False,52,0.00477,,,,0.00537,False,input_audit
I045,hallucination_probe,False,53,0.0046,,,,0.00523,False,input_audit
I045,hallucination_probe,False,54,0.00457,,,,0.00518,False,input_audit
I045,hallucination_probe,False,55,0.00449,,,,0.00506,False,input_audit
I045,hallucination_probe,False,56,0.00458,,,,0.00515,False,input_audit
I045,hallucination_probe,False,57,0.00481,,,,0.00542,False,input_audit
I045,hallucination_probe,False,58,0.00442,,,,0.00503,False,input_audit
I045,hallucination_probe,False,59,0.027319,,,,0.03166,False,input_audit
I045,hallucination_probe,False,60,0.007789,,,,0.00888,False,input_audit
I045,hallucination_probe,False,61,0.005531,,,,0.006349,False,input_audit
I045,hallucination_probe,False,62,0.005321,,,,0.006261,False,input_audit
I045,hallucination_probe,False,63,0.00554,,,,0.00628,False,input_audit
I045,hallucination_probe,False,64,0.00508,,,,0.005771,False,input_audit
I045,hallucination_probe,False,65,0.005309,,,,0.006069,False,input_audit
I045,hallucination_probe,False,66,0.005811,,,,0.006631,False,input_audit
I045,hallucination_probe,False,67,0.00864,,,,0.009391,False,input_audit
I045,hallucination_probe,False,68,0.005429,,,,0.006269,False,input_audit
I045,hallucination_probe,False,69,0.00514,,,,0.00606,False,input_audit
I045,hallucination_probe,False,70,0.00485,,,,0.00558,False,input_audit
I045,hallucination_probe,False,71,0.00536,,,,0.00626,False,input_audit
I045,hallucination_probe,False,72,0.004649,,,,0.005489,False,input_audit
I045,hallucination_probe,False,73,0.004609,,,,0.005331,False,input_audit
I045,hallucination_probe,False,74,0.00528,,,,0.00594,False,input_audit
I045,hallucination_probe,False,75,0.0056,,,,0.00632,False,input_audit
I045,hallucination_probe,False,76,0.005599,,,,0.006339,False,input_audit
I045,hallucination_probe,False,77,0.00593,,,,0.00685,False,input_audit
I045,hallucination_probe,False,78,0.0053,,,,0.006,False,input_audit
I045,hallucination_probe,False,79,0.00521,,,,0.00601,False,input_audit
I045,hallucination_probe,False,80,0.004689,,,,0.005369,False,input_audit
I045,hallucination_probe,False,81,0.00424,,,,0.004871,False,input_audit
I045,hallucination_probe,False,82,0.00452,,,,0.00518,False,input_audit
I045,hallucination_probe,False,83,0.00453,,,,0.00536,False,input_audit
I045,hallucination_probe,False,84,0.00517,,,,0.00589,False,input_audit
I045,hallucination_probe,False,85,0.00492,,,,0.00558,False,input_audit
I045,hallucination_probe,False,86,0.00554,,,,0.00626,False,input_audit
I045,hallucination_probe,False,87,0.00534,,,,0.00598,False,input_audit
I045,hallucination_probe,False,88,0.00506,,,,0.00578,False,input_audit
I045,hallucination_probe,False,89,0.00488,,,,0.00563,False,input_audit
I045,hallucination_probe,False,90,0.00524,,,,0.00602,False,input_audit
I045,hallucination_probe,False,91,0.0054,,,,0.00629,False,input_audit
I045,hallucination_probe,False,92,0.0055,,,,0.00619,False,input_audit
I045,hallucination_probe,False,93,0.00513,,,,0.00581,False,input_audit
I045,hallucination_probe,False,94,0.00454,,,,0.00523,False,input_audit
I045,hallucination_probe,False,95,0.00485,,,,0.00562,False,input_audit
I045,hallucination_probe,False,96,0.00518,,,,0.0059,False,input_audit
I045,hallucination_probe,False,97,0.00585,,,,0.00667,False,input_audit
I045,hallucination_probe,False,98,0.00501,,,,0.00572,False,input_audit
I045,hallucination_probe,False,99,0.00493,,,,0.00565,False,input_audit
I045,hallucination_probe,False,100,0.00496,,,,0.00575,False,input_audit
I046,prompt_injection,False,1,0.01186,0.27308,,,0.28755,False,cir_validation
I046,prompt_injection,False,2,0.00907,0.13626,,,0.14729,False,cir_validation
I046,prompt_injection,False,3,0.00771,0.117201,,,0.126769,False,cir_validation
I046,prompt_injection,False,4,0.007611,2.253629,,,2.264779,False,cir_validation
I046,prompt_injection,False,5,0.017671,0.18523,,,0.207489,False,cir_validation
I046,prompt_injection,False,6,0.01193,0.15545,,,0.17111,False,cir_validation
I046,prompt_injection,False,7,0.01147,0.14931,,,0.16381,False,cir_validation
I046,prompt_injection,False,8,0.01049,0.16074,,,0.17406,False,cir_validation
I046,prompt_injection,False,9,0.01,0.12856,,,0.14071,False,cir_validation
I046,prompt_injection,False,10,0.0083,0.11031,,,0.1204,False,cir_validation
I046,prompt_injection,False,11,0.00781,0.1037,,,0.11323,False,cir_validation
I046,prompt_injection,False,12,0.00812,0.118409,,,0.128859,False,cir_validation
I046,prompt_injection,False,13,0.00933,0.135649,,,0.14738,False,cir_validation
I046,prompt_injection,False,14,0.00992,0.134669,,,0.147159,False,cir_validation
I046,prompt_injection,False,15,0.01954,0.26761,,,0.29302,False,cir_validation
I046,prompt_injection,False,16,0.01332,0.15586,,,0.17214,False,cir_validation
I046,prompt_injection,False,17,0.01065,0.14308,,,0.15635,False,cir_validation
I046,prompt_injection,False,18,0.00976,0.13256,,,0.14444,False,cir_validation
I046,prompt_injection,False,19,0.00893,0.15509,,,0.16644,False,cir_validation
I046,prompt_injection,False,20,0.00955,0.13175,,,0.14362,False,cir_validation
I046,prompt_injection,False,21,0.008,0.11645,,,0.126889,False,cir_validation
I046,prompt_injection,False,22,0.00938,0.129019,,,0.14051,False,cir_validation
I046,prompt_injection,False,23,0.00927,0.129919,,,0.14142,False,cir_validation
I046,prompt_injection,False,24,0.00731,0.11043,,,0.11967,False,cir_validation
I046,prompt_injection,False,25,0.00894,2.273489,,,2.287289,False,cir_validation
I046,prompt_injection,False,26,0.01928,0.16244,,,0.18501,False,cir_validation
I046,prompt_injection,False,27,0.01202,0.13978,,,0.15453,False,cir_validation
I046,prompt_injection,False,28,0.01499,0.13498,,,0.15227,False,cir_validation
I046,prompt_injection,False,29,0.00962,0.12244,,,0.13406,False,cir_validation
I046,prompt_injection,False,30,0.00832,0.11753,,,0.12795,False,cir_validation
I046,prompt_injection,False,31,0.008,0.106341,,,0.116381,False,cir_validation
I046,prompt_injection,False,32,0.007569,0.103539,,,0.113019,False,cir_validation
I046,prompt_injection,False,33,0.00717,0.10601,,,0.11521,False,cir_validation
I046,prompt_injection,False,34,0.00759,0.10441,,,0.11433,False,cir_validation
I046,prompt_injection,False,35,0.00781,0.11262,,,0.12249,False,cir_validation
I046,prompt_injection,False,36,0.00853,0.11315,,,0.12365,False,cir_validation
I046,prompt_injection,False,37,0.02163,0.20697,,,0.23456,False,cir_validation
I046,prompt_injection,False,38,0.02154,0.14053,,,0.16562,False,cir_validation
I046,prompt_injection,False,39,0.00991,0.13526,,,0.148,False,cir_validation
I046,prompt_injection,False,40,0.00864,0.119741,,,0.13059,False,cir_validation
I046,prompt_injection,False,41,0.00898,0.12101,,,0.132239,False,cir_validation
I046,prompt_injection,False,42,0.009891,0.141861,,,0.15449,False,cir_validation
I046,prompt_injection,False,43,0.00887,0.11805,,,0.12907,False,cir_validation
I046,prompt_injection,False,44,0.00883,3.867668,,,3.882708,False,cir_validation
I046,prompt_injection,False,45,0.02399,0.20501,,,0.23432,False,cir_validation
I046,prompt_injection,False,46,0.01533,0.16552,,,0.18534,False,cir_validation
I046,prompt_injection,False,47,0.01487,0.15607,,,0.17437,False,cir_validation
I046,prompt_injection,False,48,0.01205,0.1489,,,0.16398,False,cir_validation
I046,prompt_injection,False,49,0.01095,0.11394,,,0.12721,False,cir_validation
I046,prompt_injection,False,50,0.00937,0.10739,,,0.118639,False,cir_validation
I046,prompt_injection,False,51,0.008631,0.10769,,,0.118159,False,cir_validation
I046,prompt_injection,False,52,0.00736,0.107659,,,0.11693,False,cir_validation
I046,prompt_injection,False,53,0.007871,0.10619,,,0.11579,False,cir_validation
I046,prompt_injection,False,54,0.0077,5.352736,,,5.366056,False,cir_validation
I046,prompt_injection,False,55,0.0316,0.233299,,,0.27093,False,cir_validation
I046,prompt_injection,False,56,0.01715,0.17592,,,0.19691,False,cir_validation
I046,prompt_injection,False,57,0.01557,0.19609,,,0.21581,False,cir_validation
I046,prompt_injection,False,58,0.01367,0.15999,,,0.17771,False,cir_validation
I046,prompt_injection,False,59,0.01183,0.14988,,,0.16467,False,cir_validation
I046,prompt_injection,False,60,0.01094,0.14444,,,0.158449,False,cir_validation
I046,prompt_injection,False,61,0.010411,0.135201,,,0.14831,False,cir_validation
I046,prompt_injection,False,62,0.010169,4.441118,,,4.459027,False,cir_validation
I046,prompt_injection,False,63,0.02927,0.2234,,,0.25885,False,cir_validation
I046,prompt_injection,False,64,0.01755,0.16323,,,0.18514,False,cir_validation
I046,prompt_injection,False,65,0.01468,0.17624,,,0.19465,False,cir_validation
I046,prompt_injection,False,66,0.01184,0.14766,,,0.16221,False,cir_validation
I046,prompt_injection,False,67,0.01167,0.159359,,,0.17422,False,cir_validation
I046,prompt_injection,False,68,0.01218,0.13873,,,0.15349,False,cir_validation
I046,prompt_injection,False,69,0.009429,0.13997,,,0.15168,False,cir_validation
I046,prompt_injection,False,70,0.03006,0.249639,,,0.287,False,cir_validation
I046,prompt_injection,False,71,0.01158,0.12321,,,0.13761,False,cir_validation
I046,prompt_injection,False,72,0.00852,0.106341,,,0.11697,False,cir_validation
I046,prompt_injection,False,73,0.0085,0.10613,,,0.13181,False,cir_validation
I046,prompt_injection,False,74,0.00758,0.11081,,,0.12001,False,cir_validation
I046,prompt_injection,False,75,0.008609,0.12138,,,0.13186,False,cir_validation
I046,prompt_injection,False,76,0.00897,0.48099,,,0.49573,False,cir_validation
I046,prompt_injection,False,77,0.02948,0.18442,,,0.21839,False,cir_validation
I046,prompt_injection,False,78,0.01454,3.510898,,,3.529678,False,cir_validation
I046,prompt_injection,False,79,0.01994,0.16909,,,0.19338,False,cir_validation
I046,prompt_injection,False,80,0.012469,0.12881,,,0.14426,False,cir_validation
I046,prompt_injection,False,81,0.0087,0.11857,,,0.129179,False,cir_validation
I046,prompt_injection,False,82,0.00752,0.094819,,,0.103979,False,cir_validation
I046,prompt_injection,False,83,0.0493,0.32698,,,0.38995,False,cir_validation
I046,prompt_injection,False,84,0.02149,2.308119,,,2.334229,False,cir_validation
I046,prompt_injection,False,85,0.02273,0.16798,,,0.19466,False,cir_validation
I046,prompt_injection,False,86,0.01434,0.14117,,,0.15901,False,cir_validation
I046,prompt_injection,False,87,0.015129,0.14919,,,0.16859,False,cir_validation
I046,prompt_injection,False,88,0.013589,0.196579,,,0.213519,False,cir_validation
I046,prompt_injection,False,89,0.01464,0.15778,,,0.17548,False,cir_validation
I046,prompt_injection,False,90,0.01236,0.14791,,,0.16295,False,cir_validation
I046,prompt_injection,False,91,0.0116,0.1444,,,0.15867,False,cir_validation
I046,prompt_injection,False,92,0.01179,0.13758,,,0.15206,False,cir_validation
I046,prompt_injection,False,93,0.01008,4.418598,,,4.433008,False,cir_validation
I046,prompt_injection,False,94,0.021691,0.18138,,,0.20752,False,cir_validation
I046,prompt_injection,False,95,0.0143,0.16081,,,0.17879,False,cir_validation
I046,prompt_injection,False,96,0.01296,0.16733,,,0.18306,False,cir_validation
I046,prompt_injection,False,97,0.01185,0.12977,,,0.14446,False,cir_validation
I046,prompt_injection,False,98,0.01129,0.1299,,,0.14393,False,cir_validation
I046,prompt_injection,False,99,0.0107,0.13697,,,0.15034,False,cir_validation
I046,prompt_injection,False,100,0.01049,0.13898,,,0.15188,False,cir_validation
I047,prompt_injection,False,1,0.0132,0.14112,,,0.15763,False,cir_validation
I047,prompt_injection,False,2,0.00847,1.423349,,,1.43461,False,cir_validation
I047,prompt_injection,False,3,0.01232,0.14653,,,0.162121,False,cir_validation
I047,prompt_injection,False,4,0.00999,0.12928,,,0.1415,False,cir_validation
I047,prompt_injection,False,5,0.00813,0.11386,,,0.12402,False,cir_validation
I047,prompt_injection,False,6,0.01002,0.11883,,,0.13106,False,cir_validation
I047,prompt_injection,False,7,0.00859,0.11311,,,0.12359,False,cir_validation
I047,prompt_injection,False,8,0.00694,0.13414,,,0.14267,False,cir_validation
I047,prompt_injection,False,9,0.00762,0.1042,,,0.11367,False,cir_validation
I047,prompt_injection,False,10,0.00786,0.11391,,,0.12366,False,cir_validation
I047,prompt_injection,False,11,0.00751,1.694739,,,1.705149,False,cir_validation
I047,prompt_injection,False,12,0.01171,0.14665,,,0.16198,False,cir_validation
I047,prompt_injection,False,13,0.00938,0.13082,,,0.14247,False,cir_validation
I047,prompt_injection,False,14,0.00888,0.13415,,,0.14516,False,cir_validation
I047,prompt_injection,False,15,0.00948,0.124821,,,0.136501,False,cir_validation
I047,prompt_injection,False,16,0.008929,0.12293,,,0.13401,False,cir_validation
I047,prompt_injection,False,17,0.026969,0.14925,,,0.178909,False,cir_validation
I047,prompt_injection,False,18,0.00803,0.09723,,,0.10688,False,cir_validation
I047,prompt_injection,False,19,0.00838,0.10871,,,0.11917,False,cir_validation
I047,prompt_injection,False,20,0.00985,0.12681,,,0.13912,False,cir_validation
I047,prompt_injection,False,21,0.0095,0.12561,,,0.1378,False,cir_validation
I047,prompt_injection,False,22,0.00897,0.11983,,,0.13114,False,cir_validation
I047,prompt_injection,False,23,0.00801,1.704809,,,1.716319,False,cir_validation
I047,prompt_injection,False,24,0.01296,0.13427,,,0.14931,False,cir_validation
I047,prompt_injection,False,25,0.00854,0.11213,,,0.1224,False,cir_validation
I047,prompt_injection,False,26,0.03382,0.1467,,,0.18293,False,cir_validation
I047,prompt_injection,False,27,0.00991,0.12495,,,0.13704,False,cir_validation
I047,prompt_injection,False,28,0.00908,0.117809,,,0.12911,False,cir_validation
I047,prompt_injection,False,29,0.008209,0.11951,,,0.129819,False,cir_validation
I047,prompt_injection,False,30,0.008449,0.11949,,,0.13007,False,cir_validation
I047,prompt_injection,False,31,0.00802,0.12256,,,0.132739,False,cir_validation
I047,prompt_injection,False,32,0.0078,4.270348,,,4.282628,False,cir_validation
I047,prompt_injection,False,33,0.01954,0.15758,,,0.18029,False,cir_validation
I047,prompt_injection,False,34,0.00947,0.12229,,,0.13393,False,cir_validation
I047,prompt_injection,False,35,0.00791,0.10525,,,0.11489,False,cir_validation
I047,prompt_injection,False,36,0.00713,0.10277,,,0.11157,False,cir_validation
I047,prompt_injection,False,37,0.00781,2.220388,,,2.232089,False,cir_validation
I047,prompt_injection,False,38,0.014209,0.15774,,,0.17526,False,cir_validation
I047,prompt_injection,False,39,0.01007,0.12776,,,0.14043,False,cir_validation
I047,prompt_injection,False,40,0.00985,0.13162,,,0.14455,False,cir_validation
I047,prompt_injection,False,41,0.011,0.14111,,,0.15505,False,cir_validation
I047,prompt_injection,False,42,0.01021,2.237719,,,2.252149,False,cir_validation
I047,prompt_injection,False,43,0.01545,0.14702,,,0.16619,False,cir_validation
I047,prompt_injection,False,44,0.01017,0.126049,,,0.138849,False,cir_validation
I047,prompt_injection,False,45,0.010611,0.126579,,,0.139559,False,cir_validation
I047,prompt_injection,False,46,0.00822,0.12139,,,0.13177,False,cir_validation
I047,prompt_injection,False,47,0.008751,0.13625,,,0.14717,False,cir_validation
I047,prompt_injection,False,48,0.00755,0.10183,,,0.11094,False,cir_validation
I047,prompt_injection,False,49,0.0067,0.10002,,,0.10831,False,cir_validation
I047,prompt_injection,False,50,0.00715,0.0996,,,0.10823,False,cir_validation
I047,prompt_injection,False,51,0.00678,0.09877,,,0.10704,False,cir_validation
I047,prompt_injection,False,52,0.00719,0.1008,,,0.1095,False,cir_validation
I047,prompt_injection,False,53,0.00684,0.10539,,,0.11364,False,cir_validation
I047,prompt_injection,False,54,0.00654,0.09215,,,0.1002,False,cir_validation
I047,prompt_injection,False,55,0.00631,5.353067,,,5.364607,False,cir_validation
I047,prompt_injection,False,56,0.02421,0.17836,,,0.20721,False,cir_validation
I047,prompt_injection,False,57,0.01194,0.13386,,,0.14816,False,cir_validation
I047,prompt_injection,False,58,0.00902,0.11887,,,0.13007,False,cir_validation
I047,prompt_injection,False,59,5.072637,0.34515,,,5.430827,False,cir_validation
I047,prompt_injection,False,60,0.02163,0.19531,,,0.22144,False,cir_validation
I047,prompt_injection,False,61,0.016431,0.16891,,,0.18921,False,cir_validation
I047,prompt_injection,False,62,4.584647,0.25311,,,4.846847,False,cir_validation
I047,prompt_injection,False,63,0.01356,0.166369,,,0.18352,False,cir_validation
I047,prompt_injection,False,64,0.01262,0.130169,,,0.1463,False,cir_validation
I047,prompt_injection,False,65,0.01033,0.115489,,,0.128179,False,cir_validation
I047,prompt_injection,False,66,0.00986,0.129299,,,0.141579,False,cir_validation
I047,prompt_injection,False,67,0.01243,0.13386,,,0.14974,False,cir_validation
I047,prompt_injection,False,68,0.01082,0.13297,,,0.14617,False,cir_validation
I047,prompt_injection,False,69,0.01074,2.255279,,,2.269889,False,cir_validation
I047,prompt_injection,False,70,0.0206,0.2048,,,0.23031,False,cir_validation
I047,prompt_injection,False,71,0.013551,0.142609,,,0.15927,False,cir_validation
I047,prompt_injection,False,72,0.008499,0.11873,,,0.12944,False,cir_validation
I047,prompt_injection,False,73,0.00892,0.13247,,,0.14354,False,cir_validation
I047,prompt_injection,False,74,0.01091,0.12261,,,0.13582,False,cir_validation
I047,prompt_injection,False,75,0.00901,0.12844,,,0.13966,False,cir_validation
I047,prompt_injection,False,76,0.00738,1.38311,,,1.39711,False,cir_validation
I047,prompt_injection,False,77,0.03195,0.228409,,,0.2656,False,cir_validation
I047,prompt_injection,False,78,0.01198,0.17456,,,0.18962,False,cir_validation
I047,prompt_injection,False,79,0.01134,2.251609,,,2.266539,False,cir_validation
I047,prompt_injection,False,80,0.01721,0.16065,,,0.18213,False,cir_validation
I047,prompt_injection,False,81,0.01005,0.13662,,,0.14916,False,cir_validation
I047,prompt_injection,False,82,0.009391,0.15205,,,0.16373,False,cir_validation
I047,prompt_injection,False,83,0.01012,0.178479,,,0.191261,False,cir_validation
I047,prompt_injection,False,84,0.00941,0.13476,,,0.14652,False,cir_validation
I047,prompt_injection,False,85,0.01275,0.14813,,,0.16382,False,cir_validation
I047,prompt_injection,False,86,0.00934,0.11464,,,0.12623,False,cir_validation
I047,prompt_injection,False,87,0.01081,0.13115,,,0.14456,False,cir_validation
I047,prompt_injection,False,88,0.01024,0.15276,,,0.16579,False,cir_validation
I047,prompt_injection,False,89,0.01025,1.218919,,,1.232009,False,cir_validation
I047,prompt_injection,False,90,0.01416,0.15029,,,0.16837,False,cir_validation
I047,prompt_injection,False,91,0.00948,0.13508,,,0.14671,False,cir_validation
I047,prompt_injection,False,92,0.00879,0.12567,,,0.13658,False,cir_validation
I047,prompt_injection,False,93,0.00829,0.14866,,,0.15909,False,cir_validation
I047,prompt_injection,False,94,0.00889,1.192699,,,1.204279,False,cir_validation
I047,prompt_injection,False,95,0.01276,0.15742,,,0.17318,False,cir_validation
I047,prompt_injection,False,96,0.0101,0.13622,,,0.14904,False,cir_validation
I047,prompt_injection,False,97,0.01106,0.13886,,,0.15289,False,cir_validation
I047,prompt_injection,False,98,0.01025,0.15392,,,0.16697,False,cir_validation
I047,prompt_injection,False,99,0.01144,1.215099,,,1.230039,False,cir_validation
I047,prompt_injection,False,100,0.01127,0.14758,,,0.16133,False,cir_validation
I048,prompt_injection,False,1,0.01214,0.17473,,,0.19008,False,cir_validation
I048,prompt_injection,False,2,0.00914,1.263169,,,1.275309,False,cir_validation
I048,prompt_injection,False,3,0.01218,0.14376,,,0.15871,False,cir_validation
I048,prompt_injection,False,4,0.01033,0.13949,,,0.15261,False,cir_validation
I048,prompt_injection,False,5,0.01058,0.14157,,,0.15484,False,cir_validation
I048,prompt_injection,False,6,0.01063,0.15922,,,0.17252,False,cir_validation
I048,prompt_injection,False,7,0.01146,1.200519,,,1.215089,False,cir_validation
I048,prompt_injection,False,8,0.01171,0.16625,,,0.18094,False,cir_validation
I048,prompt_injection,False,9,0.00903,0.11498,,,0.12612,False,cir_validation
I048,prompt_injection,False,10,0.00772,0.11437,,,0.12387,False,cir_validation
I048,prompt_injection,False,11,0.00806,1.487179,,,1.497859,False,cir_validation
I048,prompt_injection,False,12,0.01203,0.14063,,,0.15541,False,cir_validation
I048,prompt_injection,False,13,0.01118,0.1484,,,0.16239,False,cir_validation
I048,prompt_injection,False,14,0.01116,0.141939,,,0.155939,False,cir_validation
I048,prompt_injection,False,15,0.010269,0.152381,,,0.165639,False,cir_validation
I048,prompt_injection,False,16,0.011069,0.166269,,,0.18008,False,cir_validation
I048,prompt_injection,False,17,0.010969,0.1576,,,0.17129,False,cir_validation
I048,prompt_injection,False,18,0.01097,0.14455,,,0.15852,False,cir_validation
I048,prompt_injection,False,19,0.01118,0.14452,,,0.15885,False,cir_validation
I048,prompt_injection,False,20,0.01052,0.16255,,,0.17591,False,cir_validation
I048,prompt_injection,False,21,0.01072,4.212428,,,4.226478,False,cir_validation
I048,prompt_injection,False,22,0.012909,0.15967,,,0.175601,False,cir_validation
I048,prompt_injection,False,23,0.011209,0.143099,,,0.15701,False,cir_validation
I048,prompt_injection,False,24,0.01112,0.14712,,,0.16114,False,cir_validation
I048,prompt_injection,False,25,0.01086,0.15426,,,0.16811,False,cir_validation
I048,prompt_injection,False,26,0.01074,0.15956,,,0.17315,False,cir_validation
I048,prompt_injection,False,27,0.0111,0.14572,,,0.15991,False,cir_validation
I048,prompt_injection,False,28,0.01057,0.14141,,,0.18924,False,cir_validation
I048,prompt_injection,False,29,0.01492,0.11337,,,0.13089,False,cir_validation
I048,prompt_injection,False,30,0.00596,0.0793,,,0.086561,False,cir_validation
I048,prompt_injection,False,31,0.00458,0.0704,,,0.07606,False,cir_validation
I048,prompt_injection,False,32,0.00405,0.07659,,,0.08174,False,cir_validation
I048,prompt_injection,False,33,0.00458,0.06823,,,0.07386,False,cir_validation
I048,prompt_injection,False,34,0.00424,0.06508,,,0.07038,False,cir_validation
I048,prompt_injection,False,35,0.00403,0.13857,,,0.14438,False,cir_validation
I048,prompt_injection,False,36,0.01082,0.14776,,,0.16121,False,cir_validation
I048,prompt_injection,False,37,0.01173,0.13952,,,0.15406,False,cir_validation
I048,prompt_injection,False,38,0.01125,0.14341,,,0.15699,False,cir_validation
I048,prompt_injection,False,39,0.01168,0.15371,,,0.16836,False,cir_validation
I048,prompt_injection,False,40,0.01007,7.265416,,,7.279376,False,cir_validation
I048,prompt_injection,False,41,0.01415,0.17105,,,0.18877,False,cir_validation
I048,prompt_injection,False,42,0.01272,0.16483,,,0.18081,False,cir_validation
I048,prompt_injection,False,43,0.01167,0.16237,,,0.18395,False,cir_validation
I048,prompt_injection,False,44,0.010589,0.168629,,,0.18221,False,cir_validation
I048,prompt_injection,False,45,0.01416,0.14492,,,0.16278,False,cir_validation
I048,prompt_injection,False,46,0.01154,0.14808,,,0.16232,False,cir_validation
I048,prompt_injection,False,47,0.01126,0.14279,,,0.15673,False,cir_validation
I048,prompt_injection,False,48,0.00981,0.16645,,,0.17978,False,cir_validation
I048,prompt_injection,False,49,0.0127,4.206148,,,4.222458,False,cir_validation
I048,prompt_injection,False,50,0.012211,0.13345,,,0.14807,False,cir_validation
I048,prompt_injection,False,51,0.009089,0.11823,,,0.12927,False,cir_validation
I048,prompt_injection,False,52,0.00831,0.1147,,,0.12513,False,cir_validation
I048,prompt_injection,False,53,0.00813,0.10655,,,0.11657,False,cir_validation
I048,prompt_injection,False,54,0.0076,0.11522,,,0.12463,False,cir_validation
I048,prompt_injection,False,55,0.00797,0.10332,,,0.11301,False,cir_validation
I048,prompt_injection,False,56,0.03437,0.11947,,,0.15599,False,cir_validation
I048,prompt_injection,False,57,0.00822,0.10969,,,0.11961,False,cir_validation
I048,prompt_injection,False,58,0.0086,0.10216,,,0.11249,False,cir_validation
I048,prompt_injection,False,59,0.0071,0.10858,,,0.11724,False,cir_validation
I048,prompt_injection,False,60,0.00739,0.10713,,,0.11674,False,cir_validation
I048,prompt_injection,False,61,0.007339,0.11225,,,0.12139,False,cir_validation
I048,prompt_injection,False,62,0.00756,0.10533,,,0.114719,False,cir_validation
I048,prompt_injection,False,63,0.007909,0.18878,,,4.222557,False,cir_validation
I048,prompt_injection,False,64,0.01388,0.17643,,,0.19377,False,cir_validation
I048,prompt_injection,False,65,0.01165,0.15005,,,0.1647,False,cir_validation
I048,prompt_injection,False,66,0.01055,2.477549,,,2.491398,False,cir_validation
I048,prompt_injection,False,67,0.01205,0.22621,,,0.241349,False,cir_validation
I048,prompt_injection,False,68,0.010169,0.123519,,,0.13569,False,cir_validation
I048,prompt_injection,False,69,0.00874,0.12197,,,0.13279,False,cir_validation
I048,prompt_injection,False,70,0.009689,0.133499,,,0.145521,False,cir_validation
I048,prompt_injection,False,71,0.009,2.222539,,,2.234859,False,cir_validation
I048,prompt_injection,False,72,0.01302,0.18181,,,0.19801,False,cir_validation
I048,prompt_injection,False,73,0.01356,0.14219,,,0.15866,False,cir_validation
I048,prompt_injection,False,74,0.0122,0.14275,,,0.15805,False,cir_validation
I048,prompt_injection,False,75,0.0118,0.14349,,,0.15796,False,cir_validation
I048,prompt_injection,False,76,0.01046,0.13377,,,0.147169,False,cir_validation
I048,prompt_injection,False,77,0.01053,0.161579,,,0.175079,False,cir_validation
I048,prompt_injection,False,78,0.01112,0.14459,,,0.15857,False,cir_validation
I048,prompt_injection,False,79,0.024039,0.14488,,,0.171799,False,cir_validation
I048,prompt_injection,False,80,0.01101,0.15899,,,0.17303,False,cir_validation
I048,prompt_injection,False,81,6.055847,0.26852,,,6.333417,False,cir_validation
I048,prompt_injection,False,82,0.01803,0.169899,,,0.19133,False,cir_validation
I048,prompt_injection,False,83,0.01248,0.156799,,,0.17221,False,cir_validation
I048,prompt_injection,False,84,0.01219,0.15255,,,0.16769,False,cir_validation
I048,prompt_injection,False,85,0.028411,0.133629,,,0.16491,False,cir_validation
I048,prompt_injection,False,86,0.01173,0.16339,,,0.17773,False,cir_validation
I048,prompt_injection,False,87,0.01077,0.14649,,,0.16011,False,cir_validation
I048,prompt_injection,False,88,0.01072,0.14286,,,0.15603,False,cir_validation
I048,prompt_injection,False,89,0.01114,0.15346,,,0.16726,False,cir_validation
I048,prompt_injection,False,90,0.01117,6.228346,,,6.243886,False,cir_validation
I048,prompt_injection,False,91,0.01664,0.17995,,,0.199849,False,cir_validation
I048,prompt_injection,False,92,0.01248,0.149209,,,0.164529,False,cir_validation
I048,prompt_injection,False,93,0.01037,0.15446,,,0.16765,False,cir_validation
I048,prompt_injection,False,94,0.01134,0.1733,,,0.18763,False,cir_validation
I048,prompt_injection,False,95,0.01189,0.16095,,,0.17591,False,cir_validation
I048,prompt_injection,False,96,0.02185,0.15257,,,0.17756,False,cir_validation
I048,prompt_injection,False,97,0.01192,0.14059,,,0.15539,False,cir_validation
I048,prompt_injection,False,98,0.010911,0.14717,,,0.16095,False,cir_validation
I048,prompt_injection,False,99,0.010291,4.213778,,,4.228768,False,cir_validation
I048,prompt_injection,False,100,0.01591,0.16166,,,0.18057,False,cir_validation
I049,incomplete,False,1,0.00958,0.14294,,,0.15576,False,cir_validation
I049,incomplete,False,2,0.00615,0.12025,,,0.12861,False,cir_validation
I049,incomplete,False,3,0.00778,0.12119,,,0.13106,False,cir_validation
I049,incomplete,False,4,0.0052,0.12223,,,0.12975,False,cir_validation
I049,incomplete,False,5,0.00556,0.10667,,,0.113939,False,cir_validation
I049,incomplete,False,6,0.00474,0.10131,,,0.107541,False,cir_validation
I049,incomplete,False,7,0.00486,0.10283,,,0.10937,False,cir_validation
I049,incomplete,False,8,0.004091,0.10272,,,0.108419,False,cir_validation
I049,incomplete,False,9,0.00445,0.10242,,,0.1085,False,cir_validation
I049,incomplete,False,10,0.00437,4.218048,,,4.226628,False,cir_validation
I049,incomplete,False,11,0.01856,0.16039,,,0.18295,False,cir_validation
I049,incomplete,False,12,0.00839,0.12202,,,0.13291,False,cir_validation
I049,incomplete,False,13,0.00607,0.11589,,,0.1243,False,cir_validation
I049,incomplete,False,14,0.00673,0.12548,,,0.13431,False,cir_validation
I049,incomplete,False,15,0.00612,0.14464,,,0.15311,False,cir_validation
I049,incomplete,False,16,0.005631,0.11743,,,0.125161,False,cir_validation
I049,incomplete,False,17,0.007589,0.13881,,,0.14909,False,cir_validation
I049,incomplete,False,18,0.00604,0.120499,,,0.12869,False,cir_validation
I049,incomplete,False,19,0.00639,0.11611,,,0.12444,False,cir_validation
I049,incomplete,False,20,0.0054,0.11984,,,0.12748,False,cir_validation
I049,incomplete,False,21,0.00618,4.042568,,,4.054108,False,cir_validation
I049,incomplete,False,22,0.01399,0.19562,,,0.21244,False,cir_validation
I049,incomplete,False,23,0.00813,0.13129,,,0.14169,False,cir_validation
I049,incomplete,False,24,0.00575,0.10877,,,0.11643,False,cir_validation
I049,incomplete,False,25,0.00512,0.10373,,,0.1107,False,cir_validation
I049,incomplete,False,26,0.00453,0.103459,,,0.10988,False,cir_validation
I049,incomplete,False,27,0.00484,0.110399,,,0.11726,False,cir_validation
I049,incomplete,False,28,0.005131,0.12297,,,0.13037,False,cir_validation
I049,incomplete,False,29,0.0057,0.10195,,,0.109339,False,cir_validation
I049,incomplete,False,30,0.00466,0.10667,,,0.11402,False,cir_validation
I049,incomplete,False,31,0.00471,0.10112,,,0.10752,False,cir_validation
I049,incomplete,False,32,0.00473,0.09756,,,0.10402,False,cir_validation
I049,incomplete,False,33,0.00433,0.0983,,,0.10424,False,cir_validation
I049,incomplete,False,34,0.00446,0.11323,,,0.11988,False,cir_validation
I049,incomplete,False,35,0.00522,0.10876,,,0.11569,False,cir_validation
I049,incomplete,False,36,0.00434,2.183829,,,2.191249,False,cir_validation
I049,incomplete,False,37,0.00997,0.151269,,,0.164309,False,cir_validation
I049,incomplete,False,38,0.007971,0.129219,,,0.139499,False,cir_validation
I049,incomplete,False,39,0.00756,0.13527,,,0.14529,False,cir_validation
I049,incomplete,False,40,0.007,0.13506,,,0.14477,False,cir_validation
I049,incomplete,False,41,0.00685,0.15324,,,0.16267,False,cir_validation
I049,incomplete,False,42,0.00779,0.12971,,,0.14016,False,cir_validation
I049,incomplete,False,43,0.00821,0.15832,,,0.16911,False,cir_validation
I049,incomplete,False,44,0.00841,0.14841,,,0.1594,False,cir_validation
I049,incomplete,False,45,0.00731,0.13117,,,0.14097,False,cir_validation
I049,incomplete,False,46,0.00982,0.14284,,,0.15539,False,cir_validation
I049,incomplete,False,47,2.037249,0.157319,,,2.199898,False,cir_validation
I049,incomplete,False,48,0.00834,0.138569,,,0.14982,False,cir_validation
I049,incomplete,False,49,0.006569,0.11652,,,0.12497,False,cir_validation
I049,incomplete,False,50,0.00522,0.11026,,,0.11743,False,cir_validation
I049,incomplete,False,51,0.0049,0.10774,,,0.11435,False,cir_validation
I049,incomplete,False,52,0.0054,0.10059,,,0.10752,False,cir_validation
I049,incomplete,False,53,0.00464,0.11498,,,0.12124,False,cir_validation
I049,incomplete,False,54,0.00469,0.10065,,,0.10694,False,cir_validation
I049,incomplete,False,55,0.00431,0.10455,,,0.1104,False,cir_validation
I049,incomplete,False,56,0.00446,0.09833,,,0.10435,False,cir_validation
I049,incomplete,False,57,0.00526,0.1083,,,0.11542,False,cir_validation
I049,incomplete,False,58,0.0046,0.10673,,,0.1129,False,cir_validation
I049,incomplete,False,59,0.00476,0.11223,,,0.1188,False,cir_validation
I049,incomplete,False,60,0.00507,0.1084,,,0.1152,False,cir_validation
I049,incomplete,False,61,2.033519,0.166189,,,2.203569,False,cir_validation
I049,incomplete,False,62,0.00754,0.13591,,,0.145609,False,cir_validation
I049,incomplete,False,63,0.00544,0.105169,,,0.11229,False,cir_validation
I049,incomplete,False,64,0.00516,0.10703,,,0.11383,False,cir_validation
I049,incomplete,False,65,0.00469,0.10387,,,0.11016,False,cir_validation
I049,incomplete,False,66,0.00477,0.11452,,,0.12121,False,cir_validation
I049,incomplete,False,67,0.00538,0.1271,,,0.13469,False,cir_validation
I049,incomplete,False,68,0.00505,0.10793,,,0.1148,False,cir_validation
I049,incomplete,False,69,0.0046,0.11835,,,0.12468,False,cir_validation
I049,incomplete,False,70,0.00506,0.105,,,0.11218,False,cir_validation
I049,incomplete,False,71,0.00485,0.10387,,,0.11031,False,cir_validation
I049,incomplete,False,72,0.00448,0.10018,,,0.10623,False,cir_validation
I049,incomplete,False,73,0.00427,0.10275,,,0.10869,False,cir_validation
I049,incomplete,False,74,0.00544,0.103711,,,0.111059,False,cir_validation
I049,incomplete,False,75,0.01302,0.15731,,,0.17426,False,cir_validation
I049,incomplete,False,76,0.00631,0.21358,,,0.22209,False,cir_validation
I049,incomplete,False,77,0.00651,0.11144,,,0.11972,False,cir_validation
I049,incomplete,False,78,0.00497,0.11288,,,0.11978,False,cir_validation
I049,incomplete,False,79,0.00544,0.10698,,,0.11435,False,cir_validation
I049,incomplete,False,80,0.00497,0.12414,,,0.13112,False,cir_validation
I049,incomplete,False,81,0.00488,0.11099,,,0.11772,False,cir_validation
I049,incomplete,False,82,0.00528,0.12418,,,0.13152,False,cir_validation
I049,incomplete,False,83,0.00558,0.111351,,,0.11889,False,cir_validation
I049,incomplete,False,84,0.00474,0.098371,,,0.104531,False,cir_validation
I049,incomplete,False,85,0.00416,0.100211,,,0.10575,False,cir_validation
I049,incomplete,False,86,0.004229,0.10179,,,0.10771,False,cir_validation
I049,incomplete,False,87,0.005119,0.1025,,,0.109149,False,cir_validation
I049,incomplete,False,88,0.01104,0.14878,,,0.16328,False,cir_validation
I049,incomplete,False,89,0.00598,0.12394,,,0.13174,False,cir_validation
I049,incomplete,False,90,0.00529,0.10468,,,0.11168,False,cir_validation
I049,incomplete,False,91,0.00476,0.11081,,,0.11725,False,cir_validation
I049,incomplete,False,92,0.00471,0.10621,,,0.11279,False,cir_validation
I049,incomplete,False,93,0.00469,0.10893,,,0.11539,False,cir_validation
I049,incomplete,False,94,0.00464,0.13358,,,0.140299,False,cir_validation
I049,incomplete,False,95,0.007289,0.13284,,,0.14253,False,cir_validation
I049,incomplete,False,96,0.00714,0.14935,,,0.15882,False,cir_validation
I049,incomplete,False,97,0.00907,0.14257,,,0.15459,False,cir_validation
I049,incomplete,False,98,0.00759,0.13873,,,0.14909,False,cir_validation
I049,incomplete,False,99,0.0095,0.14042,,,0.15313,False,cir_validation
I049,incomplete,False,100,0.00771,2.176839,,,2.187409,False,cir_validation
I050,incomplete,False,1,0.00902,0.13744,,,0.14911,False,cir_validation
I050,incomplete,False,2,0.00578,0.10943,,,0.11688,False,cir_validation
I050,incomplete,False,3,0.004909,0.113649,,,0.1205,False,cir_validation
I050,incomplete,False,4,0.005391,0.13838,,,0.14589,False,cir_validation
I050,incomplete,False,5,0.00784,0.144129,,,0.154419,False,cir_validation
I050,incomplete,False,6,0.007931,0.156329,,,0.16722,False,cir_validation
I050,incomplete,False,7,0.00855,0.1351,,,0.1468,False,cir_validation
I050,incomplete,False,8,0.00793,0.14346,,,0.15409,False,cir_validation
I050,incomplete,False,9,0.00821,0.14373,,,0.15505,False,cir_validation
I050,incomplete,False,10,0.00995,0.14385,,,0.1573,False,cir_validation
I050,incomplete,False,11,0.0065,0.12767,,,0.13615,False,cir_validation
I050,incomplete,False,12,0.00505,0.10643,,,0.11319,False,cir_validation
I050,incomplete,False,13,0.004731,0.10401,,,0.11501,False,cir_validation
I050,incomplete,False,14,0.00464,0.10711,,,0.11333,False,cir_validation
I050,incomplete,False,15,0.00474,0.10869,,,0.115069,False,cir_validation
I050,incomplete,False,16,0.005009,0.1252,,,0.13203,False,cir_validation
I050,incomplete,False,17,0.00863,0.14168,,,0.15303,False,cir_validation
I050,incomplete,False,18,0.00868,0.13061,,,0.14144,False,cir_validation
I050,incomplete,False,19,0.00653,0.13102,,,0.13981,False,cir_validation
I050,incomplete,False,20,0.00829,0.13972,,,0.1503,False,cir_validation
I050,incomplete,False,21,0.00703,0.14146,,,0.15127,False,cir_validation
I050,incomplete,False,22,0.00747,2.183208,,,2.193678,False,cir_validation
I050,incomplete,False,23,0.008671,0.12657,,,0.146639,False,cir_validation
I050,incomplete,False,24,0.00656,0.115221,,,0.124001,False,cir_validation
I050,incomplete,False,25,0.00601,0.109031,,,0.11706,False,cir_validation
I050,incomplete,False,26,0.00537,0.1085,,,0.11577,False,cir_validation
I050,incomplete,False,27,0.00545,0.11138,,,0.1191,False,cir_validation
I050,incomplete,False,28,0.0058,0.11897,,,0.12644,False,cir_validation
I050,incomplete,False,29,0.00491,0.10483,,,0.11192,False,cir_validation
I050,incomplete,False,30,0.00474,0.10184,,,0.10818,False,cir_validation
I050,incomplete,False,31,0.00442,0.12001,,,0.13332,False,cir_validation
I050,incomplete,False,32,0.00557,0.11494,,,0.12231,False,cir_validation
I050,incomplete,False,33,0.0049,0.11296,,,0.1197,False,cir_validation
I050,incomplete,False,34,0.00505,0.11327,,,0.12021,False,cir_validation
I050,incomplete,False,35,0.0054,0.11078,,,0.11778,False,cir_validation
I050,incomplete,False,36,0.01176,0.15197,,,0.16723,False,cir_validation
I050,incomplete,False,37,0.0069,0.13401,,,0.14303,False,cir_validation
I050,incomplete,False,38,0.00578,0.10744,,,0.115011,False,cir_validation
I050,incomplete,False,39,0.00529,0.11008,,,0.11711,False,cir_validation
I050,incomplete,False,40,0.00526,0.10966,,,0.11681,False,cir_validation
I050,incomplete,False,41,0.00507,0.11088,,,0.11776,False,cir_validation
I050,incomplete,False,42,0.00522,0.12441,,,0.13156,False,cir_validation
I050,incomplete,False,43,0.00458,0.10124,,,0.10733,False,cir_validation
I050,incomplete,False,44,0.00438,0.10447,,,0.11045,False,cir_validation
I050,incomplete,False,45,0.0045,0.10495,,,0.11125,False,cir_validation
I050,incomplete,False,46,0.00505,0.10749,,,0.11439,False,cir_validation
I050,incomplete,False,47,0.00539,0.10744,,,0.114499,False,cir_validation
I050,incomplete,False,48,0.00454,0.104001,,,0.110139,False,cir_validation
I050,incomplete,False,49,0.00482,2.13571,,,2.143179,False,cir_validation
I050,incomplete,False,50,0.008651,0.1425,,,0.153519,False,cir_validation
I050,incomplete,False,51,0.00583,0.12665,,,0.13445,False,cir_validation
I050,incomplete,False,52,0.00565,0.10868,,,0.11612,False,cir_validation
I050,incomplete,False,53,0.01128,0.10747,,,0.12052,False,cir_validation
I050,incomplete,False,54,0.00528,0.10739,,,0.11434,False,cir_validation
I050,incomplete,False,55,0.00769,0.10592,,,0.116,False,cir_validation
I050,incomplete,False,56,0.00515,0.13613,,,0.14358,False,cir_validation
I050,incomplete,False,57,0.00827,0.14499,,,0.15585,False,cir_validation
I050,incomplete,False,58,0.00968,0.1422,,,0.15479,False,cir_validation
I050,incomplete,False,59,0.00753,0.137379,,,0.147199,False,cir_validation
I050,incomplete,False,60,0.00824,0.146399,,,0.157961,False,cir_validation
I050,incomplete,False,61,0.008611,4.162917,,,4.175147,False,cir_validation
I050,incomplete,False,62,0.0098,0.15143,,,0.16396,False,cir_validation
I050,incomplete,False,63,0.00603,0.13393,,,0.14216,False,cir_validation
I050,incomplete,False,64,0.00611,0.11587,,,0.12423,False,cir_validation
I050,incomplete,False,65,0.00551,0.10632,,,0.1136,False,cir_validation
I050,incomplete,False,66,0.00622,0.13974,,,0.1485,False,cir_validation
I050,incomplete,False,67,0.00799,0.16643,,,0.17794,False,cir_validation
I050,incomplete,False,68,0.00822,0.14473,,,0.15582,False,cir_validation
I050,incomplete,False,69,0.00842,0.158419,,,0.169621,False,cir_validation
I050,incomplete,False,70,0.008,0.142241,,,0.15329,False,cir_validation
I050,incomplete,False,71,0.00811,0.14531,,,0.15619,False,cir_validation
I050,incomplete,False,72,0.00786,0.14904,,,0.15938,False,cir_validation
I050,incomplete,False,73,0.01274,0.182481,,,0.20025,False,cir_validation
I050,incomplete,False,74,0.0088,0.15776,,,0.18097,False,cir_validation
I050,incomplete,False,75,0.00878,0.14942,,,0.16103,False,cir_validation
I050,incomplete,False,76,0.00824,0.14384,,,0.1545,False,cir_validation
I050,incomplete,False,77,0.00831,0.19651,,,0.20785,False,cir_validation
I050,incomplete,False,78,0.00873,0.14385,,,0.15537,False,cir_validation
I050,incomplete,False,79,0.02565,0.143889,,,0.17207,False,cir_validation
I050,incomplete,False,80,0.007471,0.12085,,,0.130499,False,cir_validation
I050,incomplete,False,81,0.00724,0.13865,,,0.148561,False,cir_validation
I050,incomplete,False,82,0.008,0.14122,,,0.15196,False,cir_validation
I050,incomplete,False,83,3.041199,0.1759,,,3.221479,False,cir_validation
I050,incomplete,False,84,0.009331,0.138421,,,0.15077,False,cir_validation
I050,incomplete,False,85,0.00666,0.10769,,,0.116221,False,cir_validation
I050,incomplete,False,86,0.0048,0.1023,,,0.108559,False,cir_validation
I050,incomplete,False,87,0.004311,0.088979,,,0.094639,False,cir_validation
I050,incomplete,False,88,0.00452,0.08819,,,0.09409,False,cir_validation
I050,incomplete,False,89,0.00403,0.10782,,,0.11371,False,cir_validation
I050,incomplete,False,90,0.00441,0.09082,,,0.09642,False,cir_validation
I050,incomplete,False,91,0.00392,0.08448,,,0.08962,False,cir_validation
I050,incomplete,False,92,0.00379,0.17595,,,0.18143,False,cir_validation
I050,incomplete,False,93,0.00534,0.09859,,,0.10549,False,cir_validation
I050,incomplete,False,94,0.00441,0.09651,,,0.10248,False,cir_validation
I050,incomplete,False,95,0.00438,0.09121,,,0.09688,False,cir_validation
I050,incomplete,False,96,0.00441,0.09608,,,0.10197,False,cir_validation
I050,incomplete,False,97,0.00434,1.161569,,,1.168319,False,cir_validation
I050,incomplete,False,98,0.0078,0.11717,,,0.12694,False,cir_validation
I050,incomplete,False,99,0.00518,0.11897,,,0.12588,False,cir_validation
I050,incomplete,False,100,0.00541,0.10361,,,0.11077,False,cir_validation
